# 3D point list with one line of data per point:
#   POINT3D_ID, X, Y, Z, R, G, B, ERROR, TRACK[] as (IMAGE_ID, POINT2D_IDX)
# Number of points: 3410, mean track length: 3.501466275659824
1 -1.0663194687254562 1.3151197327555655 3.337200409495741 176 179 181 0.75827386141804687 4 1796 3 1316 5 5039 18 974
2 0.150250394708389 1.5534906273205931 2.3127023091655685 29 34 38 0.42721700249520955 4 1575 3 1418 6 4633
3 0.80826205710498766 1.9552207674987172 1.6422841697025634 104 99 112 0.22009973074984238 4 1609 3 1689 6 1413
4 -0.16914396513490793 2.1127096856895831 1.6094582654196217 158 117 101 0.77763534997990735 4 5063 3 1826 5 5080 6 6997 7 4761 8 1734
5 -0.2029089181798869 2.1214223072919292 1.6245274752331231 33 27 29 0.56171914594605099 4 5078 3 1846 5 7220 6 7013 7 6633 8 4499 9 4344
6 0.010177072923460016 2.1348062227769744 1.4679705045722611 196 133 114 0.53675864594578193 4 5023 3 1857 5 7160 6 6905
7 -0.11844891963284648 2.1504088974096822 1.5547637455821037 199 145 126 0.85066153903264308 4 5071 3 1876 5 7199 6 6989 7 4730
8 -0.11844891963284648 2.1504088974096822 1.5547637455821037 199 145 126 0.85066153903264308 4 5072 3 1877 5 7200 6 6990 7 4731
9 -0.85171745933741683 2.1539470770636719 1.5995093117316623 210 211 213 0.29530046060130333 4 5307 3 1878 5 5346 2 1526
10 0.2063517181744588 2.1594246457629382 1.3387040232500695 29 20 18 1.0892916460588358 4 1869 3 1883 5 1858 6 4698
11 0.14256005606905964 2.1639501106103682 1.3745413009399563 22 17 19 0.4479417443712071 4 5000 3 1891 5 4972 6 4747 7 4501 8 4263 9 4123
12 0.14292028637877371 2.1639345958204106 1.3750964968890218 22 17 19 0.37828713830981353 4 5001 3 1892 5 4973 6 4746
13 0.12514263009090582 2.169641334402757 1.3827833708529742 123 85 67 1.0419451971107108 4 1891 3 1896 5 4988 2 1574
14 -0.08690829718342874 2.1955702519116911 1.5131844515789201 34 26 30 0.66672258533893913 4 5094 3 1913 5 7218
15 -0.0477230565320651 2.2064484144323395 1.4823900591763222 19 18 18 1.565179460694921 4 5085 3 1928 5 7205 6 6960 7 6570 8 4403 9 4232 10 1569
16 -0.0112560774848935 2.2327156319566401 1.4417278697134062 163 99 82 1.4271413059132945 4 5095 3 1948 5 7206 6 6944 7 4645 8 1567
17 -0.0096328244857663056 2.2321254301327409 1.4428832620907019 163 99 82 0.75235272769570671 4 5096 3 1949 5 7207 6 6945
18 -0.23440993168431443 2.2396237606163765 1.5918027491716644 40 29 33 1.0933977495966694 4 5170 3 1955 6 7077 7 4836 8 4537 10 1790
19 0.091904707280098238 2.2409296712580344 1.3604861427584511 29 21 20 1.3818957489626538 4 5064 3 1962 5 5051 7 4549 6 4829 8 1459 2 1645
20 0.025550013594265716 2.2477744078817334 1.4129922825905108 91 64 53 0.40833495519281388 4 1984 3 1967 5 2024 6 1885
21 0.080102210675289831 2.289837854796192 1.3555783400590875 92 65 56 0.42265055175188426 4 1993 3 1996 5 2029 6 1857
22 0.080102210675289831 2.289837854796192 1.3555783400590875 92 65 56 0.42265055175188426 4 1994 3 1997 5 2030 6 1856
23 0.41817381375458262 2.2842185010472527 1.1270079803099458 107 73 61 0.37630043487038273 4 1879 3 1998 5 1841 6 1607 7 1338
24 -0.0054827749454841694 2.2975536357870108 1.4051349254439307 97 69 58 0.94487098753163179 4 5135 3 2001 5 5131 6 4950 7 1803
25 0.34420459155429117 2.2942357297603846 1.1755991349648287 30 24 27 0.56532185332759699 4 5022 3 2007 5 4965 6 4668 7 4384
26 -0.10765295588862796 2.3227323213539419 1.4677070119741542 85 65 58 0.29874987170891548 4 2103 3 2019 5 2139
27 0.22796311172608871 2.3157186753382715 1.2335526669302002 201 122 101 0.49262124007074459 4 1957 3 2021 5 1965 6 1757
28 0.13783736233594115 2.32670905365375 1.3014179417287541 109 79 65 0.19838012794621404 4 2003 3 2028 5 2026 6 1833
29 0.13783736233594115 2.32670905365375 1.3014179417287541 109 79 65 0.19838012794621404 4 2002 3 2029 5 2025 6 1832
30 0.31652393065737067 2.3407784048130504 1.1676627675844742 67 55 55 1.8286898959833444 4 5055 3 2051 5 7158 6 6813
31 0.036034024770325232 2.3595750071734618 1.3455111155080928 90 61 51 0.74476574703212994 4 5164 3 2065 5 5153 6 4951 2 1726
32 0.065937216468866813 2.3792613445477242 1.3143366709185038 219 160 130 0.65183303633568679 4 5166 3 2083 5 5154 6 1919
33 0.47404035027031027 2.3709536692194275 1.0520454473479628 148 101 85 0.49764863824685579 4 5032 3 2086 5 1886 6 1614
34 0.47404035027031027 2.3709536692194275 1.0520454473479628 148 101 85 0.49764863824685579 4 5033 3 2087 5 1887 6 1615
35 0.25491520918241806 2.4251045417769963 1.1706032868973635 27 22 28 0.63787441912228937 4 5139 3 2137 5 7216
36 0.24943339507480344 2.4707339884879591 1.1467822316196241 127 79 61 0.11582214374199606 4 2083 3 2170 2 1832
37 0.30387791047551171 2.4980646996528697 1.0986753664531281 141 99 87 0.42927199399799382 4 5180 3 2194 5 5127 6 4808 7 1547
38 0.72419836545425342 2.4877838973781259 0.81729743510891395 185 136 117 0.50691081062597076 4 1907 3 2203 6 1498 7 1166 2 1889
39 0.50915893524333233 2.5598412212319048 0.93442819040652203 193 111 89 0.30477760929691733 4 2054 3 2243 5 2008 6 1672 2 1960
40 0.50915893524333233 2.5598412212319048 0.93442819040652203 193 111 89 0.30477760929691733 4 2055 3 2244 5 2009 6 1673 2 1961
41 0.60021791322366924 2.6135202904199786 0.84811668261887685 113 83 78 0.28769143729330493 4 2062 3 2296 5 1999 2 2017
42 0.60021791322366924 2.6135202904199786 0.84811668261887685 113 83 78 0.28769143729330493 4 2063 3 2297 5 1998 2 2018
43 0.65326709802230165 2.6570826819187401 0.79321663019151267 74 56 54 1.2996671065981138 4 2079 3 2333 5 2011
44 0.65326709802230165 2.6570826819187401 0.79321663019151267 74 56 54 1.2996671065981138 4 2078 3 2334 5 2010
45 -0.85335032022008117 1.36647870537862 3.3948412573245794 112 119 75 1.3505744713488228 4 7043 3 4746 5 7153 6 8472 2 4725
46 -0.85335032022008117 1.36647870537862 3.3948412573245794 112 119 75 1.3505744713488228 4 7044 3 4747 5 7152 6 8473 2 4726
47 -0.087720279667878528 1.98945788542607 1.6196608611194558 174 104 80 1.1753457992728678 4 7066 3 4983 2 1440
48 -0.087720279667878528 1.98945788542607 1.6196608611194558 174 104 80 1.1753457992728678 4 7067 3 4984 2 1441
49 -0.036385091950342369 2.0326920327639666 1.563341153683518 182 96 75 1.5375115453911099 4 7072 3 5005 5 7118 6 6888 7 4621 8 1557 2 1475
50 0.85573472036606735 2.0600879139592747 1.6392094244098057 37 34 41 0.41597369899362352 4 4839 3 5025 2 1534
51 2.1670815519906497 2.1656394968451109 2.0092069400793111 227 240 187 0.6424598885170052 4 1510 3 5084 5 1419
52 0.15560941474252218 2.1817701079818996 1.356658343384427 141 97 84 0.77296728459959962 4 7094 3 5095 5 7135 6 6839 2 1586
53 0.055878771484109337 2.1972192309844241 1.4036997438216618 103 71 60 0.94732414810814858 4 5047 3 5103 5 7181 6 6902 7 4577 2 1597 18 1592
54 0.034835780838660152 2.2029590245630573 1.4141888149245172 25 16 15 0.39331658435233025 4 5054 3 5108 5 7185 6 6911 2 1605
55 0.24964754202939457 2.2262178330607485 1.27691928341647 151 95 76 1.1716028762255877 4 7098 3 5128 5 7126 6 4699 2 1632
56 0.2065682432329296 2.296593169467152 1.2602113575515879 215 129 108 0.27157622025745537 4 5065 3 5168 5 5043
57 0.10867177371094654 2.3085507216775563 1.3327407783227752 95 36 16 1.5472585930502674 4 7157 3 5172 5 7209 2 5078 18 1682
58 -0.10400841068511851 2.3461790750688225 1.4527337074699365 22 18 19 0.47520236889367162 4 5202 3 5197 5 7306 6 7045 2 1710
59 0.40542955460714697 2.3476803327692282 1.108557143611669 207 121 100 0.89948588116881967 4 5037 3 5212 5 4985 18 1779
60 0.35402733243890067 2.3509103030126077 1.1423869637962563 39 28 26 0.47203989110763006 4 5049 3 5217 5 7156 2 1731
61 0.11642287152128393 2.3636351544009346 1.2948347672118536 222 162 128 1.0708999575131615 4 7187 3 5220 5 7244 6 6931 2 1729
62 0.11639579480320943 2.3635142749874585 1.2944513347630795 222 162 128 1.013203403744714 4 7186 3 5221 5 7243 6 6930 7 4568 2 1730
63 0.17842756217588387 2.3925851969417624 1.239829985556413 125 95 84 1.1818844900881131 4 5149 3 5242 5 5117 6 4851 7 1639 2 1747
64 0.09343822934563821 2.3956547246708433 1.2894357170492599 210 151 121 0.71517241566922141 4 5171 3 5247 5 7269 6 6946 7 4587
65 0.48664701877586891 2.3861788800137846 1.0359405904625736 38 27 25 0.71086570613794986 4 5035 3 5250 5 7119 6 4622 7 4309 8 1106 9 1080 2 1758
66 0.53971992512951072 2.3981033133421938 0.9930285937148432 61 33 30 1.0958201628194595 4 5027 3 5261 5 4939 6 4599
67 0.53971992512951072 2.3981033133421938 0.9930285937148432 61 33 30 1.0958201628194595 4 5028 3 5262 5 4940 6 4600
68 0.31549115118551641 2.4293779400816575 1.1323366410153952 163 106 87 0.60848504299256356 4 5122 3 5278 5 5075 6 1752 2 1793 18 1817
69 0.33226937335992762 2.4601175717531114 1.1046555480863178 121 82 71 0.71879271278240886 4 7181 3 5291 5 7203
70 0.56357378313693052 2.450891698946799 0.94875097260253161 22 19 20 0.80384633550837459 4 5050 3 5292 5 4980 6 4608 7 1275 2 1833
71 0.59604866824696834 2.4645395502774612 0.92054424682080782 32 24 29 0.46259537648211307 4 5051 3 5308 6 4591 2 1857
72 0.23489232266618287 2.4887416077834734 1.1427428136517868 130 87 69 1.5521732025370996 4 7211 3 5316 2 1855
73 0.60877794448834355 2.4826181242137042 0.90520554107023987 121 104 95 1.3729743499977083 4 5060 3 5324 5 4981
74 0.37177314255559696 2.4978016034332922 1.0602261648554143 31 21 25 0.44934991490827125 4 5156 3 5326 5 7214 2 1872
75 0.28970237657120868 2.5201011191287681 1.0955800455857525 108 72 60 1.4070867402644331 4 7217 3 5337 5 7266 6 6898 7 4465 2 5197
76 0.66620327460278517 2.5078676724581395 0.85286453765091574 69 52 45 0.82164775668069234 4 5061 3 5345 5 4966 2 1899
77 0.42740203278122235 2.5337550068205039 1.0015575026719852 24 20 21 0.73958726320356194 4 5157 3 5353 5 7211 6 4732 7 1419 2 1906 18 1914
78 0.57137963389655444 2.5329130628340564 0.89544856514328641 88 65 52 1.2931707806380504 4 5106 3 5363 5 5033 6 4632 2 1931
79 0.62956886787998045 2.5443369568307697 0.85445189444364256 22 16 13 0.88109392859026614 4 7151 3 5372 5 7157 2 1950
80 0.19263041761431657 2.5822357838094283 1.1343472799813408 118 66 60 0.77706220500718837 4 7263 3 5377 5 7319 6 6977 2 1948
81 0.19295949862473907 2.5820020265479342 1.1344844807681675 118 66 60 0.9846606224310458 4 7262 3 5378 5 7318 6 6976 7 4547 2 1949
82 0.73397358968203441 2.5565190388691175 0.77974700804843577 34 29 26 1.5562349053422426 4 5070 3 5388 5 7122 6 4554 2 1976 18 2025
83 0.4290925072558856 2.5967253678181805 0.96406821359178918 52 41 39 0.80113248901187484 4 5199 3 5402 5 5135 6 4757 7 1426 2 1986
84 0.34731473668999091 2.6506699172813071 1.0003479880225372 28 22 24 0.46801260487388124 4 5268 3 5428 5 5218 6 4858 8 1295 7 1550
85 0.62743351889391208 2.6330254964965385 0.82084168043192174 130 60 41 0.2233501527306799 4 2069 3 5431 5 2000 6 1634 2 2038 18 2068
86 0.40573538707793227 2.6637185804945926 0.95945660469911676 76 57 53 0.71037316447363574 4 5255 3 5437 5 5190
87 0.49004699665106277 2.6561479614719095 0.89303068720781198 97 74 61 0.40695592506368405 4 5217 3 5443 5 5150
88 0.52315101970616185 2.6761218569115943 0.86434728542772288 217 133 109 0.31322615667562931 4 2152 3 5451 2 2075
89 0.53775119415090411 2.6776917490036496 0.85215656558345199 51 31 30 1.3327825053679314 4 5218 3 5455 5 5137 6 4723 7 1342
90 0.46268281205379475 2.7004108194950573 0.90329694218305046 101 74 63 0.64939711168950998 4 5264 3 5464 5 5183 2 2091
91 0.46250402143021446 2.7006367735640682 0.90314877480871958 101 74 63 0.53776205121621701 4 5265 3 5465 5 5182
92 0.54879830038141109 2.691713073985404 0.83611543536115762 209 128 107 1.130383070691187 4 5226 3 5466 5 5143 6 1710 2 2094
93 0.57025124886152012 2.7069589424343619 0.81317807238708484 198 136 119 1.5489718830881696 4 5232 3 5485 5 5145 6 1705 2 2111 18 2118
94 0.58068942290690528 2.7684888615468211 0.7923992555536935 103 75 64 0.7542026802313232 4 5274 3 5520 5 5173 2 2152
95 0.58068942290690528 2.7684888615468211 0.7923992555536935 103 75 64 0.7542026802313232 4 5273 3 5521 5 5172 2 2153
96 -0.58821702693421818 3.5587465411271713 0.16970525925068239 247 248 242 0.97871132257068127 4 6111 3 6216 5 6120 6 5636 2 2905
97 -0.7556456940197851 3.5751788795580643 0.13769283924248452 229 229 210 1.3679997527742538 4 6199 3 6239 2 2920
98 -0.36919798349034655 3.6211714182029167 0.076389249895059685 254 255 217 0.43054580000102205 4 6089 3 6301 5 6045
99 1.8213755645978622 2.1358733280583242 1.995983731141711 28 35 34 0.36196264559994235 4 4748 3 7257 2 5059
100 0.22028637011873864 2.1803025068755542 1.3196317572626386 32 23 24 1.0128028884255356 4 8508 3 7268 5 8591 6 8296
101 -0.24714564962555183 2.1993120594990989 1.622471500013803 35 16 15 0.7171051786138114 4 8582 3 7276 5 8668 2 5009 18 1540
102 -0.19133579325103375 2.2372401552020138 1.5646130944181043 22 13 14 0.28960872878517618 4 8584 3 7293 5 8671 6 9236 7 7911 2 7106
103 0.11677232457504536 2.2355828441297385 1.3468596231213859 111 76 58 0.8250557428537032 4 7122 3 7295 5 7182
104 -0.16146598508211329 2.2572749586238543 1.5356477527648165 21 16 18 1.3734067903447695 4 8585 3 7304 5 9566 6 9235 7 8700 18 4691
105 -0.078995937991477028 2.3129655653145078 1.4504030522196951 19 13 15 0.82658659604727391 4 8592 3 7316 5 8673
106 0.0076227123706040728 2.3695432396452847 1.3652187292555997 23 17 17 1.0322310563104637 4 8601 3 7338 5 9568 6 9212
107 0.066207442489775448 2.4053775952906116 1.3081587681000595 26 19 18 0.88266215477907861 4 8603 3 7352 5 8663 6 8360 2 5132
108 0.14730803999454958 2.4010213276027712 1.2512183105010326 58 43 36 1.095174260364971 4 7198 3 7353 5 8645 6 8340 7 6505 2 7181 18 4789
109 0.20524300647752877 2.440945976719922 1.1940257140825719 40 34 31 0.71055625019396729 4 7202 3 7366 5 7252 6 6912 2 5157
110 0.46064993209860633 2.459853685827095 1.0072134659521244 92 63 51 0.6745141345036022 4 7150 3 7374 5 7178
111 0.56916187481727687 2.4722806021564092 0.93389132894995341 132 57 36 0.13208214787766642 4 7131 3 7379 5 7142 6 6761 2 7215
112 0.56916187481727687 2.4722806021564092 0.93389132894995341 132 57 36 0.13208214787766642 4 7132 3 7380 5 7143 6 6762 2 7216
113 0.31725229767397228 2.5136335213310059 1.0818092229854666 46 36 34 0.71944274803658936 4 7209 3 7395 5 7251 6 6879 7 4446 2 5196 18 1871
114 0.53782146816651677 2.5074636556764678 0.9298668024540574 186 103 85 0.80263377534768665 4 7153 6 6788
115 0.56571890234596833 2.5080662461208343 0.91321269083250822 45 34 32 1.3178538430221776 4 7149 3 7401 5 7159 6 6771 7 4284 8 1059 9 1034 2 5204 18 1926
116 0.69628735749192616 2.5232797658629962 0.82560289058575931 70 50 45 0.33550304490933663 4 5057 3 7409 5 7121 6 4562 2 1928 18 1985
117 0.35209067874048783 2.5551432630312871 1.0376840610976157 190 122 109 0.81990321021293899 4 7223 3 7418 6 6873
118 0.51295419458689584 2.5857385202462018 0.91838214549011099 25 20 22 0.68086716238035327 4 7201 3 7436 5 7210
119 -0.64865104270212981 2.6999195613447355 1.3112793400114151 149 214 136 1.1238009095214467 4 5509 3 7461 2 7268 18 4824 17 4828
120 0.6183302712869867 2.6744097817716508 0.8065223702242782 21 16 19 0.6608829309984583 4 7218 3 7469 5 7228 2 5290 18 2103
121 0.54572380378070318 2.7543164732027172 0.82019278969257015 133 84 67 0.68332617494087788 4 7268 3 7503 5 7282 6 4760 2 5323 18 5005
122 0.54572380378070318 2.7543164732027172 0.82019278969257015 133 84 67 0.68332617494087788 4 7267 3 7504 5 7281 6 4759 2 5324 18 5004
123 -0.50231542503679649 3.5603503107086985 0.16549019576968418 244 245 238 1.6278929890168286 4 7834 3 7948 5 7898 6 5575 2 5831
124 -0.56594606155971627 3.6343172423446286 0.059624521944296474 247 247 237 1.2123879898110617 4 7914 3 8022 5 7953 2 5931 18 2627
125 1.0181631255409891 1.4394965165450015 3.1460445170971449 36 38 28 1.4644144953911826 4 8346 5 8444
126 0.0058092962338503716 2.1880815149551784 1.4487590371508468 49 38 37 0.68313533121306436 4 9445 3 8656 5 9524 6 9191 7 7852
127 0.23014469866806839 2.3421245350718061 1.228131730707513 21 15 15 0.90546479108215894 4 8558 3 8692 5 8624 6 8319
128 0.34712862563323982 2.417615786021726 1.1205173771054584 45 31 28 1.7626161474784414 4 8563 3 8716 5 8625 6 9145 7 7768 8 7561 9 7189
129 0.12096686776760751 2.4362672313229101 1.259404206664775 29 19 17 0.81524802292910703 4 8604 3 8723 5 8659 6 8355 2 7190
130 0.40201465900505301 2.4532142900160312 1.0633921281632095 19 13 15 1.0075075337345545 4 8567 3 8730 5 9526 7 6402 2 8568
131 0.26728247779890779 2.4977939338740578 1.1224789842956855 171 108 90 0.62383234130256715 4 7213 3 8738 5 8650
132 0.23742064854546702 2.519778273200374 1.1423699281811119 29 12 11 0.97295162096204868 4 8616 3 8746 5 8666 6 9192 2 7221 18 6811
133 0.26300830868273528 2.5376396649299333 1.1206124431614637 30 18 18 0.48619981248331123 4 8617 3 8750 5 9559 6 9190 2 8578
134 0.51148735699868464 2.5264692693230368 0.94637219175228982 21 15 15 1.3743734805732 4 8571 3 8751 5 8622
135 0.29054186077411315 2.557656267589496 1.0866334015679182 21 17 18 0.53520086856019899 4 9482 3 8753 5 9573 6 9186 7 7785
136 0.29071213562592751 2.5576995408530387 1.0869356103725354 21 17 18 0.61316325164979202 4 9481 3 8754 5 9572 6 9185
137 0.65769042952914081 2.5790185951520033 0.81052612373941979 85 65 58 0.15082375791829511 3 8760 2 7262
138 0.54624801435863501 2.7217644235660123 0.83663504856833204 35 23 23 1.2667185570233574 4 8622 3 8797 5 8660 6 6831 2 7301 18 6934
139 0.58081712686471243 2.7300494070158523 0.80986758485393628 18 14 14 1.4954104439049645 4 8621 3 8801 2 7312 18 4993
140 -0.39419058843493737 3.5217629118506109 0.23451613016763789 254 255 243 1.532281110060661 4 8974 3 9126 5 9041 2 7620
141 -0.71421788398850883 3.5276547471322495 0.21138710071314734 250 251 243 1.4283564871521381 4 9779 3 9131 2 7616 6 8697 18 5243 17 2398
142 -0.4746097012042233 3.5889523360608395 0.12208246218523472 230 231 223 0.66168773789338464 4 9012 3 9160 5 9078 2 8865
143 -0.031119619636364605 2.1664562978974868 1.4808499901716037 22 14 15 0.74109229389301079 4 9443 3 9527 5 9523 6 9196 7 8660 8 7645 2 8491
144 1.8502101397850566 2.1670083818129409 1.9956873353101732 158 151 123 1.4638061407976966 4 6944 3 9529 2 9359 18 9456
145 0.37414379312609336 2.6128246544184548 0.99834905385574568 26 19 19 0.13770128361710987 4 9487 3 9607 5 9561
146 0.37414379312609336 2.6128246544184548 0.99834905385574568 26 19 19 0.13770128361710987 4 9488 3 9608 5 9562
147 0.40761227299410563 2.6373805820472769 0.97051141192364276 19 16 17 1.2648632346389437 4 9490 3 9609 5 9574 6 9175 2 8599 18 8108
148 0.49382190695347211 2.6862016744540198 0.88404467082799065 27 23 24 0.73049603453212308 4 9493 3 9624 5 9557 6 9159 2 9433 18 8959
149 -0.71864962271066934 3.5956635009109794 0.12717177630280355 245 243 227 1.4075204651293092 4 9058 3 9844 2 8862 18 7105
150 -0.5352416783866657 3.6332830887139269 0.06118015012475652 238 235 217 1.7489420595606668 4 9787 3 9863 5 9804 6 8650 2 7687 18 7167 17 6847
151 0.10483916437279467 2.2703834560947622 1.3401363512703415 38 28 29 1.8304363198977467 4 9451 3 10137 5 9534 6 9757 2 9355
152 0.1117074278248901 2.2734470111903313 1.3472965742089027 38 28 29 0.75131809939841687 4 9452 5 9535 6 9758
153 0.49841751516910426 2.5139793388301501 0.95808013406440773 22 15 15 1.1164185014464354 4 10065 3 10162 5 10415 6 9744 7 8578 8 7531 2 9402
154 -0.76964797782356886 3.5051988361454591 0.24106586134339578 248 248 246 1.6870035514395159 4 9778 3 10291 5 9812 2 9550
155 0.15495283132997847 2.298517564327311 1.3005888535605199 75 50 50 1.9206599642234821 4 10407 3 10476 5 10660 6 10379 7 9855
156 0.2672527813833025 2.3815401332954149 1.1941769496242718 41 29 31 1.4200153781552962 4 10410 3 10486 5 10661 6 10375 2 9374
157 0.30003889657921001 2.5687422884581759 1.0840159937267402 32 26 28 1.1331929164437604 4 10433 3 10508 2 9976 18 8935
158 0.13530933722188099 2.2113498394281748 1.3501845328585986 117 80 62 0.8898309577692517 4 10401 3 10726 6 10378 7 9854 9 9013 2 10311 18 9748
159 0.27880924968421089 2.4718089532544276 1.1297197095344691 150 94 78 1.4732356701129066 4 10656 3 10746 5 10665 6 10380 2 10326 18 9770
160 0.27880924968421089 2.4718089532544276 1.1297197095344691 150 94 78 1.4732356701129066 4 10657 3 10747 5 10666 6 10381 2 10327 18 9771
161 -0.42846627700913176 3.6116738438753275 0.11960738187956671 233 232 212 0.99195470406213115 3 10833 5 10736 2 10426
162 0.074486500798366828 3.2015123956154445 0.43960088874428888 100 125 57 1.852465624017797 4 10693 3 10921 2 10741
163 0.074486500798366828 3.2015123956154445 0.43960088874428888 100 125 57 1.852465624017797 4 10692 3 10922 2 10742
164 -0.067718479093392278 3.2331633983809613 0.61046094810715201 162 210 147 1.6770895379234989 4 11016 3 11112 5 11055
165 -0.2105998077031809 3.4791612870940956 0.28301662439487868 173 203 115 0.64312444888757847 4 11059 3 11133
166 9.6082001168453086 -5.1281363348301774 12.608065008263296 210 226 164 0.62520972629505656 4 20 5 41 3 3844
167 8.4409086425943816 -5.3864623118607069 12.903884762024781 163 193 179 0.53767865909381818 3 34 4 26 5 47 2 3910
168 8.6626636842162164 -5.3707221673559298 12.916205002552804 201 216 190 0.78786334818391024 3 38 4 27 5 48 2 39
169 11.623656009725417 -2.1153338882734412 8.2593406915051713 73 92 65 0.71087885998725442 4 96 5 113 6 113
170 8.4883368894351445 -3.5429251764267833 10.429360757161641 65 82 84 0.85778362641783079 4 102 5 140 6 3582
171 4.8017479667453307 -4.6556215425452496 11.78101639153258 240 255 250 1.7372438896004805 3 3854 5 178 2 3922
172 5.1438366633555326 -3.7386633545198875 10.261164039651662 199 219 220 0.73973095229431252 3 3881 4 126 5 199 2 3956
173 5.6820490693783823 -3.7142533347066733 10.504977782462136 147 165 163 1.0172285410056976 3 3905 4 140 5 220 2 3981
174 1.5505509514425877 -2.2452140583236364 8.3755554561536876 194 194 188 0.73629441881501057 3 230 5 556 18 293
175 4.7475966986579383 -0.42476378170465628 5.9682830441901915 68 91 74 1.0684011414002867 4 589 5 561 6 3873
177 5.7916573286645923 2.5372474524952997 0.89331366340092944 9 20 24 0.64841156174170933 4 4368 5 797 6 3788 7 3650 8 3576
178 5.7648476706526788 2.5819281072587166 0.88764867584633944 70 122 144 0.86223848376655043 4 1004 5 825 6 468 7 3654 8 3584 9 3452
179 1.3696810223118401 0.16533371400517366 5.1360742573254186 237 234 224 0.43052614898168545 4 993 5 1035 6 4299
180 1.4677705765877238 2.3990049195399181 0.96856722032584475 37 47 57 0.68904909130609726 4 1700 5 1593 6 1245
181 -0.38105251906444199 1.1451098168172562 3.7467344607180464 107 99 55 0.57937037733752661 4 1591 5 1714 6 5045
182 0.56952369617307586 2.3415224784227928 0.98718837574838181 86 52 47 0.48927946059194394 4 1872 5 1808 6 4556
183 -0.10092248281753408 1.8906944574520077 1.6658699449527583 77 63 54 0.25088777490500902 4 1797 5 1820 6 4777
184 0.16057947937399544 2.0687996778071498 1.4114684316936867 100 69 60 0.62662886197375645 4 1822 5 1825 6 1667
186 0.29820368850555606 2.1909607673758038 1.254068560800548 195 135 120 0.11590820896051184 4 1862 5 1837 6 1644
187 0.16138285291406715 2.1186698758039175 1.3747217635473277 41 36 33 0.65337047631146106 4 1860 5 1844 6 4705
188 0.074926865489109984 2.1019659742580505 1.4510356092546046 124 96 80 0.39471152174578339 4 1874 5 1885 6 1763 7 1661
189 -0.10370946797790338 1.9832477574661813 1.633390784899742 46 36 37 0.44180208469523041 4 1853 5 1889 6 4850 7 4681 8 4418 9 4265
190 0.3242552307125412 2.2940632748482628 1.1863685555136203 120 103 96 0.45954380776422815 4 1906 5 1903 6 1666 7 1441 8 1233
191 0.052447827646865459 2.174766872398306 1.4187947285670126 86 76 67 1.0772365428900097 4 1915 5 1947 6 4825
192 0.17030634271328154 2.2528696224502101 1.3058132851662907 80 70 68 0.84454005183489933 4 1937 5 1948 6 4764 7 4496 8 1388 9 1323
193 0.53060263851544665 2.5130486879450253 0.93099890806740548 149 86 71 0.30123162218939503 4 1997 5 1961 6 1638
194 0.084101850304908271 2.2241468089620549 1.3718625099589039 103 75 61 0.30584855521363247 4 1941 5 1972 6 1820
195 0.15076935076583919 2.2782447977889353 1.3229717249716648 34 26 24 0.49115628455504812 4 1956 5 1983 6 1801
196 0.15573846590725873 2.2947482617998718 1.3049114813825671 94 68 66 0.49206156824328978 4 1971 5 1988 6 1803 7 1635
197 0.48816081317839771 2.5397593410353529 0.96006370715219003 105 82 74 0.32772226959893286 4 2043 5 1997 6 1682
198 0.25839266746602113 2.395450548244705 1.1883622708043282 102 85 77 0.50038479299781424 4 2016 5 2016 6 1778
199 0.25839266746602113 2.395450548244705 1.1883622708043282 102 85 77 0.50038479299781424 4 2017 5 2017 6 1779
200 -0.1447072255905667 2.1287385482287116 1.5830285644714008 191 149 127 0.222994760138996 4 1949 5 2020 6 1942
201 -0.1447072255905667 2.1287385482287116 1.5830285644714008 191 149 127 0.222994760138996 4 1950 5 2021 6 1943
202 -0.16909796555706791 2.1630942991121156 1.5764511290123218 159 127 110 2.0877514318215602 4 1986 5 2049 7 4769
203 -0.1779522089892388 2.237824306769725 1.5487812498359317 22 16 16 0.21363399957747095 4 2059 5 2110 6 2031
204 -0.21622961396206805 2.2434501612081785 1.5785397404155095 117 94 88 0.17125843741869404 4 2077 5 2130 6 2075
205 -0.10781461942621028 2.3227219819619598 1.4671721470246193 105 86 79 0.27468375249363763 4 2104 5 2140 6 2020
206 -0.051080479990814102 2.3613421386430558 1.4098118092895462 108 87 81 0.50896943804445083 4 2113 5 2141 6 1992 7 1858
207 -0.051080479990814102 2.3613421386430558 1.4098118092895462 108 87 81 0.50896943804445083 4 2114 5 2142 6 1993 7 1859
208 0.23864291778748908 2.5691506193295126 1.1157483826554526 46 35 32 0.37401230468460023 4 2172 5 2150 6 4906
209 0.17399574098951148 2.5977585322325663 1.1324222309547909 100 55 49 0.44920604958263582 4 2224 5 2183 6 4977 7 1694
210 0.15602850205331811 2.6059472886811474 1.1400606696858175 240 199 167 0.80410128309627138 4 2240 5 2196 6 1959
211 -0.60060359378346106 2.2561693761846042 1.2877014695977305 127 161 157 0.27629185865115996 4 2231 5 2277 6 2244
212 0.10470281692233194 2.8065084975992627 0.65416690859154092 44 67 73 0.22922299652745334 4 2430 5 2325 6 1985
213 0.027539708049695626 2.7746377891393346 0.75091771860978629 112 150 153 0.33847291084998071 4 2433 5 2350 6 2039
214 -0.61414229649041763 2.3477447043511854 1.3828033094485095 107 135 139 0.16274941710461879 4 2323 5 2353 6 5248
215 -0.83550943447000003 2.2098009600345292 1.5851548734681642 46 63 70 0.83716195615844102 4 2295 5 2366 6 2464
216 -0.98376189452468765 2.1052031886148708 2.3337333870899113 27 29 15 1.4708874957762947 4 2271 5 2400 6 7337
217 -0.0039501498411045203 2.8022039960403848 0.81177529608929699 142 177 183 0.20127697508104839 4 2462 5 2414 6 5088
218 -1.2498875535910632 2.1587237770533161 2.2682014181133283 58 55 38 0.3654448798174148 4 2411 5 2526 6 7480
219 -0.5365658216241862 2.7696348798202655 1.2276911896623632 11 24 14 0.77291164603979234 4 2588 5 2627 6 2531
220 5.2151317939338622 -3.7395381688098435 10.256083482753406 238 251 242 0.46009970769467967 3 6467 4 3872 5 3800 2 6428
221 7.8116987781452254 -2.0818628481639938 8.284812819420619 66 80 71 0.7638411754267499 4 3927 5 3845 6 3635
222 7.8116987781452254 -2.0818628481639938 8.284812819420619 66 80 71 0.7638411754267499 4 3926 5 3846 6 3636
223 2.735212291117775 -3.3646196542938847 9.7657928048716727 38 99 90 1.2564535321374772 4 209 5 3902 3 3903 2 3968 18 6100
224 2.7429792235199955 -3.3744631928319002 9.7862174943576523 38 99 90 0.31548646441684441 4 210 5 3903 2 3969
225 3.6341126843536586 -2.6086717347009913 8.9338443683185211 189 218 203 0.66428369010905508 4 3999 5 3934 3 3974 2 4038
226 3.0828995288787979 -1.8027551537454847 7.7195263013291511 71 86 83 0.57686057141912583 4 461 5 4003 2 304
227 4.7292470849944186 -0.46183533242286251 6.0058529446309121 230 248 178 0.17654728654399809 4 580 5 4042 6 3870
228 1.2837538463821199 -2.2947887500211892 8.6121461871079799 222 238 237 0.5451825159761714 4 4107 5 4070
229 4.3301659681390543 -0.010230061539761581 5.3233603919384898 193 206 126 1.1500560497144543 4 4180 5 4103 6 3917
230 2.5000763146333358 -0.82983998008758875 6.4334381019721958 106 107 86 0.70487582666637694 3 507 4 651 5 4147 18 4045
231 3.3809439038880988 -0.31801351953940149 5.8495208101331615 194 200 114 0.58862684505017604 4 4198 5 4156 6 6364
232 5.8232765232547639 2.472135911028555 0.91454969048030077 53 89 101 0.54148067077136008 4 4347 5 4181 6 3769
233 5.7427060466093547 2.5772465938762297 0.84425576102062794 18 24 28 1.3125208957974879 4 4377 5 4212 6 3795 7 3651 8 3579 9 5529
234 5.8768365207712918 2.591020892705727 1.0155760950069632 32 42 52 1.6622549254104086 4 4389 5 4225 6 3811
235 5.6522566755853481 2.7274466652241456 0.86223216041052497 27 48 61 0.73353486797202327 4 4425 5 4264 6 6267
236 0.84615645408874585 -0.60367275990449187 6.0896392989175885 89 92 82 0.44526834689172223 4 4286 5 4275
237 2.699926135290867 0.92878933749598447 3.9285278456300619 223 221 145 0.46470656524527088 4 4394 5 4328
238 2.5461566237188844 1.4957298642792201 3.0466057463959668 54 60 49 0.54270305492695092 4 4508 5 4426 6 6486 7 7640
239 1.8989022864307685 1.5781684975321582 2.9632439566572057 187 185 119 1.1295817630098361 4 4588 5 4540 6 4291
240 1.9461862461239257 1.6304418750975269 2.8733044627995659 79 100 62 1.9400409813408643 4 1331 5 4542 6 6560 7 7704 8 7556 9 7264 10 7759
241 1.9834949767860683 1.6465275730929907 2.8543791431628067 225 226 151 1.8383331618016521 4 4595 5 4544 6 6556 7 6315 8 6186
242 2.1248706269385416 1.8936407591313826 2.4820118094045114 199 201 141 1.647503243371613 4 4652 5 4568 6 4259 7 6271 8 6125
243 2.2243344976325217 2.2616563020982476 1.8869318833747626 210 245 194 1.0209313712842896 4 1537 5 4642 6 4268
244 0.22159853115398648 1.061030714797728 3.7709042123398704 115 105 67 1.268700398257339 4 1429 5 4697 6 6809
245 1.1077148981481295 1.6668013153004502 2.8515497082133971 227 214 145 1.5473169366977741 4 4724 5 4698 6 6695
246 0.059868221804645308 1.3110890201978906 3.4364193427883634 217 216 198 0.36227692782357729 4 4768 5 4802 6 6908
247 0.21080041940652086 1.7031649150208064 2.3393547444117706 80 96 109 0.25554136813695899 4 4831 5 4833 6 4695
248 0.50126405315896871 2.3109844322813351 1.0509383053808752 104 80 81 0.429615959979323 4 4973 5 4913 6 6744
249 0.1435637629485883 2.0868314695174499 1.4111578505557791 178 132 119 0.25453894894815887 4 4954 5 4919 6 4704 7 1591
250 -0.54847875800494172 1.4389503941216368 3.314989771055592 156 142 117 1.024916635893909 4 4896 5 4933 6 8434
251 0.022632520491494567 2.0598791443541189 1.508408218503632 224 164 138 0.53222492244232977 4 1864 5 4945 6 4778 7 1705 8 1508
252 -0.075049544756751893 2.0008335453018926 1.6041139573459173 30 25 30 0.85099662826141109 4 1859 5 4949 6 6900 7 6559 8 4400 9 4244
253 -0.132906510055911 1.9658298476911047 1.6598917326187985 39 33 35 0.38776964763165839 4 4959 5 4953 6 6922
254 -0.019899536044155199 2.0395686573355687 1.549342851293521 50 39 43 0.4352740346511868 4 4969 5 4954 6 6881
255 0.20972980642268166 2.1948118106018262 1.3190685656776868 36 30 34 0.20591557949296954 4 5004 5 4955 6 6816
256 0.17546373801765983 2.178733650164097 1.3456849117742382 33 27 28 0.4308783533509451 4 5002 5 4958 6 6820
257 0.17546373801765983 2.178733650164097 1.3456849117742382 33 27 28 0.4308783533509451 4 5003 5 4959 6 6821
258 0.26382824064214649 2.2338191206399585 1.2625216162308563 34 28 31 0.1721994070128666 4 5005 5 4962 7 4433
259 0.29367217097835652 2.254108955561525 1.2341064247659352 38 31 36 0.44771804579609786 4 5013 5 4963 6 4679 7 4414
260 0.70763290902464582 2.5394057457228381 0.80944983738515419 27 29 33 0.46284822702862416 4 5069 5 4967 6 4563 3 5373 2 1951
261 0.057360351013016814 2.1033134158054367 1.4623814819376173 42 36 33 0.35013163649019391 4 1877 5 4971 6 4771 7 4555 8 1475 9 1428
262 0.37447876380593864 2.3135589341570517 1.1504309830028705 49 40 43 0.4156264492919145 4 5026 5 4974 6 4653 7 4367
263 0.043108292728358734 2.0989869126488179 1.4761139165392279 170 124 108 0.42234790706112735 4 4989 5 4977 6 4781
264 0.043108292728358734 2.0989869126488179 1.4761139165392279 170 124 108 0.42234790706112735 4 4990 5 4978 6 4780
265 0.30334941063634657 2.2741315804793407 1.2139127194926671 230 166 137 0.67125122705449558 4 5021 5 4979 6 1675
266 0.71186699590462221 2.5654901374457042 0.78831342321351106 130 112 100 0.22109478010536898 4 5080 5 4987 6 1545
267 0.12387481043540804 2.1708915245364069 1.3815401718536937 137 99 81 0.46262233049569979 4 1892 5 4989 6 1765
268 -0.081067768044582544 2.0406973472354886 1.5819746062391606 133 104 90 0.41352489852938695 4 4988 5 4990 6 6917
269 0.60951194447074997 2.5035132548041013 0.88939248705059926 31 29 32 0.12089425040312296 4 5074 5 4992 6 4604
270 0.60951194447074997 2.5035132548041013 0.88939248705059926 31 29 32 0.12089425040312296 4 5075 5 4993 6 4605
271 0.64408498407120418 2.5285800434658801 0.85646634666810362 18 16 19 0.38222991963478503 3 5355 5 4994 6 4592 7 1225 2 1932
272 0.64391490022156406 2.5287131047203073 0.85627476545197034 18 16 19 0.29923999467375328 3 5356 5 4995 2 1933
273 0.19101875131599408 2.2273146190760955 1.3098075646467733 86 78 71 0.63391839271867134 4 1904 5 4998 6 4740
274 0.2663990068001193 2.291221494224152 1.2251930307044194 34 33 31 0.51958473898138913 3 2002 5 5001 6 4722
275 0.23782856114870027 2.275356443983402 1.2527412802718099 55 45 46 0.37557890297244484 4 5045 5 5010 6 6826 7 4452 8 1316 9 1262 10 1296
276 0.45469289799651602 2.4373558638260753 1.0248044051105902 51 44 41 1.0664901582184954 4 5077 5 5020 6 4654 7 4336 8 1134
277 0.18845738022472919 2.2977167670236027 1.2741975749374601 30 25 22 0.77823747207932259 3 2010 5 5046 6 4776 7 4485
278 -0.1402384825061386 2.0897176936268504 1.5946579714277203 39 27 22 0.39084707307254035 4 5041 5 5057 6 6972 7 4739
279 -0.058177085836583077 2.1465093611802 1.5134060434977141 33 25 23 0.32221318346489869 4 5048 5 5058 6 6937 7 4671
280 -0.2014161226678795 2.0962783287284905 1.6393395415009369 98 78 67 0.30310190880553028 4 1945 5 5083 6 5005 7 1928
281 -0.2014161226678795 2.0962783287284905 1.6393395415009369 98 78 67 0.30310190880553028 4 1944 5 5084 6 5004 7 1927
282 -0.16223513285672692 2.1320586188842743 1.5964131681463392 47 37 39 1.5544519362734441 4 5073 5 5095 6 7000 7 4756 8 4467 9 4315 10 1712
283 0.31452727685396098 2.4564898291987478 1.1172900815732394 54 39 36 0.12283343611754816 4 5145 5 5096 6 4767
284 0.1970996365024755 2.3877689724948308 1.2300259917536636 32 26 29 0.57216679445543184 4 5132 5 5099 6 4833
285 0.1970996365024755 2.3877689724948308 1.2300259917536636 32 26 29 0.57216679445543184 4 5133 5 5100 6 4832
286 0.020549600225327525 2.2771694361448191 1.3957471260147374 29 23 23 1.2666472378881164 4 5108 5 5108 6 6941 7 4631 9 1481
287 0.019951238690554714 2.2772535613331568 1.3958315202876324 29 23 23 1.4711892627454333 4 5109 5 5109 6 6942 7 4632 9 1480 10 1486
288 0.13601981088724527 2.354374132527592 1.2866415683422581 64 47 43 0.05024252215168562 4 5127 5 5110 6 4865 7 4544
289 0.13573049771294068 2.3543879721947243 1.2864952247587893 64 47 43 0.21180264196427903 4 5128 5 5111 6 4866 7 4543 8 1448 9 1370
290 0.073023817197887128 2.3235802929698695 1.3386049054564877 40 33 33 0.60001657076114523 4 5126 5 5116 6 4903
291 0.17782127486809554 2.3934212060864657 1.2396010251156675 127 100 91 0.43703221619232629 4 5150 5 5118 6 4852 7 1640
292 -0.026088117442521531 2.270273246832275 1.4299017546067179 183 138 117 0.51496946391359388 4 7168 5 5120 6 6979
293 0.099077263587020417 2.3558865595715961 1.3083197693136075 89 65 58 0.52691627792384521 4 2045 5 5121 6 4897 7 4580 8 1474 9 1392
294 0.098346715826821945 2.3561036320419322 1.3081919923287211 89 65 58 0.15878169632593825 4 2046 5 5122 6 4898
295 0.45218625090741915 2.5932337520140605 0.95147552195101071 101 79 68 0.69380468486072699 4 5190 5 5123 6 1739
296 0.45218625090741915 2.5932337520140605 0.95147552195101071 101 79 68 0.69380468486072699 4 5191 5 5124 6 1738
297 -0.043704159970778762 2.2658367547605218 1.4476876585979794 36 32 34 0.80427342454079342 3 1977 5 5125 6 6991 7 4685
298 0.26891976066410411 2.4699858299195601 1.1396637684931141 100 73 66 1.1583412571495901 4 2072 5 5126 6 4822 7 1575 8 1323
299 0.42902054110166166 2.5974611785645165 0.96412141472838075 74 66 59 0.5670318605553345 4 5200 5 5136 6 4758 7 1425
300 -0.1986014210648496 2.1834631912980988 1.5895948846475638 60 50 49 0.4676181735627189 4 2023 5 5139 6 7035 7 4796 8 4502 9 4339 10 1744
301 -0.1986014210648496 2.1834631912980988 1.5895948846475638 60 50 49 0.4676181735627189 4 2024 5 5140 6 7034 7 4797 8 4501 9 4338 10 1743
302 0.15098681592459506 2.4308932004427275 1.2340606804684953 115 87 76 0.68694300782675954 4 5181 5 5148 6 4889 7 1680
303 -0.02411168861224227 2.3231326077528789 1.4023533105696693 101 78 72 0.62145689766837697 3 2024 4 5161 5 5157 6 4990
304 -0.63886558096425183 1.9561189423708902 1.8671282073985189 53 70 90 0.12130945646965043 4 1992 5 5169 6 5158
305 0.12107550613359966 2.4727004550284626 1.2419670071717615 144 102 88 0.23429932230470249 4 5214 5 5180 6 4946
306 -0.16370027783734692 2.2840491316146223 1.5226355682171704 100 86 75 0.14806905309446658 4 5183 5 5185 6 5052
307 0.17643089853057514 2.5125449056477671 1.184826147212183 130 105 100 0.33799345922626062 4 5224 5 5186 6 4930
308 0.17643089853057514 2.5125449056477671 1.184826147212183 130 105 100 0.33799345922626062 4 5225 5 5187 6 4931
309 0.045043329961026488 2.4291662361133093 1.3106623005267104 36 30 32 0.677805711816725 4 2128 5 5196 6 4995
310 0.44020182236082084 2.6998365391409358 0.91499497347796666 27 23 24 0.16854853904893971 4 5271 5 5198 6 4810
311 0.44103859840404414 2.7002268549697002 0.91588853976630635 27 23 24 0.23635436557562334 4 5272 5 5199 6 4811 7 1459 8 1205
312 -0.27000470865325071 2.2247902280363929 1.6204825093819046 35 32 33 0.43243818103416903 4 2088 5 5202 6 7087 7 6688 8 4553 9 4401
313 -0.27026947842410259 2.2247982243014168 1.6204023385533033 35 32 33 0.33670250805817659 4 2089 5 5203 6 7088 7 6689 8 4554
314 -0.012892835273060611 2.3976285778276636 1.3677335543973999 21 19 24 0.26571316005256623 4 5208 5 5204 6 7011 7 4694 8 4399
315 0.32538124899845405 2.6255924692703685 1.02731931339871 37 31 33 0.23383873986416134 4 5254 5 5205 6 4864
316 0.0093856944962861111 2.4188075793857009 1.3403629054648358 27 22 27 0.30507019737657587 4 2135 5 5210 6 5011
317 0.40678480827317437 2.6832924036881551 0.94323388562974686 32 27 31 0.3256333341298015 4 2199 5 5212 6 4830
318 0.46329491108632836 2.7222081358460395 0.88810602355514978 33 28 31 0.30413378416826875 4 2211 5 5213 6 4804
319 0.46329491108632836 2.7222081358460395 0.88810602355514978 33 28 31 0.30413378416826875 4 2212 5 5214 6 4805
320 -0.16036939079636944 2.3053906993814102 1.5079755148808514 44 39 43 0.3617138851877762 4 5193 5 5215 6 7056
321 0.34701635342373255 2.6500846538550107 0.99982465776251905 36 27 28 0.25277884602115075 4 5269 5 5219 6 4859
322 0.10492062546009148 2.4928732959313846 1.2378205692236286 181 139 125 1.0357691265890567 3 5312 5 5222 2 1851
323 -0.2094486742229518 2.3233291622112899 1.5263680542067102 59 46 41 0.44841185847004023 4 2143 5 5240 7 4824
324 -0.08914761744677184 2.4125394221716014 1.401009840893068 111 90 87 0.4149006011629563 4 2170 5 5244 6 5055
325 0.29391931007972044 2.6686133626630699 1.019399632806091 78 64 64 0.34827507607832398 4 5301 5 5245 6 4919
326 0.20439520651396023 2.6130065632199306 1.108167377892086 77 54 47 0.50809026128264967 4 2225 5 5250 6 4958
327 0.20558385437457924 2.6129671456920804 1.1089223883456607 77 54 47 0.93242901299640801 4 2226 5 5251 6 4957 7 1668
328 0.11113059867714582 2.6926077597989191 0.56140638253381636 46 65 71 0.25413690122654936 4 2330 5 5279 6 1880
329 -0.20207520394518053 2.6021578569800545 0.96516924456301334 34 49 55 0.15205381927213399 4 5371 5 5350 6 2131
330 -0.20207520394518053 2.6021578569800545 0.96516924456301334 34 49 55 0.15205381927213399 4 5370 5 5351 6 2130
331 -0.32159102658775346 2.5389790065567408 1.103314879109883 115 146 149 0.22898409178733578 4 2369 5 5362 6 5144
332 -0.68609993231802302 2.3036182169267323 1.4601172610574404 28 55 64 0.85778439956539021 4 5343 5 5368 6 5285
333 -1.5913847578676195 1.7493127887611388 2.8714518493315926 96 95 75 1.7370714688476936 4 2208 5 5405 6 7560
334 -0.67913517208554985 2.381467286351346 1.5086164430346722 26 48 61 0.59505358066063796 4 2377 5 5406 6 7230
335 -0.58890858219188802 2.4574402538432252 1.4197132806299162 18 31 37 0.85867500495386773 4 2413 5 5412 6 5294
336 -0.58890858219188802 2.4574402538432252 1.4197132806299162 18 31 37 0.85867500495386773 4 2414 5 5413 6 5295
337 -1.4730960832474145 2.1625412038915806 2.240988053159398 233 251 254 0.25609949134077242 4 2481 5 5545 6 8769
338 -0.010386360683601183 3.5889084062175978 0.078705550374434149 43 58 25 1.7527961020872294 4 7737 5 5847 6 5297
339 -0.48464694395770669 3.5653611886354897 0.1595940648981147 169 170 170 0.45503432815411121 3 6225 5 6068 2 2933
340 -0.56621292254386091 3.5482107255773174 0.17751819467625557 237 236 210 1.0016303195907075 4 6101 5 6104 6 5612
341 -0.51627898057714983 3.6116765184071049 0.086589754861889925 254 254 242 1.2478912297641069 4 6127 5 6125 6 5596
343 2.9201644626681387 -3.3321579825982535 9.7172023115718442 88 166 151 1.30405809498451 4 3946 5 6378 3 3906 2 3970 18 6104
344 2.9201644626681387 -3.3321579825982535 9.7172023115718442 88 166 151 1.30405809498451 3 3907 4 3947 5 6379 2 3971 18 6105
345 4.529437671736515 -2.4033671742251319 8.6194572146495698 217 216 159 0.85971834678314574 4 6362 5 6401 3 3994 2 4075
346 5.9275614852659242 -1.5414513910561514 7.5259016557352689 72 81 57 1.3951719597107584 4 4020 5 6411 6 7851
347 4.271103150416069 -1.2143617301745306 7.0503142861704546 226 227 167 0.10151628708605777 4 6413 5 6460
348 4.4442323613447439 -0.65337871732020825 6.2547894260066093 63 77 60 2.045931669928819 4 6442 5 6484 3 8274 6 7896 2 8183
349 4.4330767091824246 -0.64483628829540696 6.2323569565646544 63 77 60 0.69529678947045404 4 6443 5 6485 3 8275 2 8184
350 3.7123621183658595 -0.65053261293562969 6.3788145740130568 203 206 130 0.66150270996571148 4 6477 5 6522 6 7933
351 3.1916773876290869 -0.86439854677065431 6.5920789707891121 203 218 146 0.41739538185818675 4 4153 5 6525
352 5.7569664735616684 2.6668777361599805 0.95078945906657608 36 56 68 0.84151939504319273 4 4407 5 6621 6 6262
353 5.6067790956809622 2.697208272804096 0.78307495105647196 22 39 47 0.58508559142110261 4 6691 5 6623 6 6260 7 5909
354 5.6067790956809622 2.697208272804096 0.78307495105647196 22 39 47 0.58508559142110261 4 6692 5 6624 6 6261 7 5910
355 3.7828766974074211 1.1427735165723967 3.5732464561609367 109 115 68 0.46317674819320637 4 6628 5 6633 6 6366
356 1.5711185107475347 0.044073186285054779 5.2873424005251826 183 210 127 1.5608339001360834 4 6623 5 6678 6 8082
357 3.0975946855467753 1.2359847847735737 3.5006153690858088 224 210 111 0.63984327999609591 4 6687 5 6700 6 7996
358 0.37757924708884383 1.1891910005676338 3.5778627926767785 156 144 96 0.98848677274686736 4 6897 5 6951 6 8282
359 0.023397216326966789 1.2504180083967538 3.5394784924264751 241 238 204 2.4477216918608611 4 4747 5 7018 6 9188 8 9510
360 0.062651354275497464 1.5483651330156405 3.0891118386750271 150 154 110 0.49007817751082311 4 7001 5 7059 6 8347
361 0.45313098535318541 2.291144651158354 1.1027421251165912 196 144 122 0.71774034530338926 4 4980 5 7105 6 6755 7 6363
362 -0.31222324472349627 1.5578583739561651 3.1053781644367775 215 219 194 0.77647229962923958 4 4897 5 7109 6 8401
363 0.32222132706087603 2.2131019977417763 1.2272816778220497 229 171 152 0.19277051071181192 4 4970 5 7110 6 6790
364 0.69637252243962044 2.5232351683412535 0.82566033745459477 90 70 67 0.42121292902184737 3 7410 4 5056 5 7120 6 4561 7 1193 2 1929
365 -0.058874858575324034 2.0274227588515314 1.5749979648564667 52 38 38 0.33350326524264839 4 4971 5 7128 6 6901 7 6554 8 4390 9 4234
366 0.19035069226454157 2.1916111449984532 1.3311948936717375 190 141 124 0.42390813086214074 4 7090 5 7129
367 0.15484108922626053 2.1819213833213675 1.3559943039042592 158 121 105 1.0057213631442792 4 7095 5 7134 6 6838
368 0.22442812228472689 2.2273166895267962 1.2874979372994764 40 31 32 0.034001798178529254 4 5014 5 7136 6 6817
369 0.022813455827030413 2.0990717381991204 1.4898509282451753 44 35 36 0.6378148562342737 4 4998 5 7140 6 6882 7 6529 8 4338
370 0.51678629697808431 2.4375006934987624 0.98781502683583777 210 152 130 0.36218891513500823 4 7126 5 7147 6 6772
371 -0.036894453556409107 2.0683470591377691 1.5414687464559271 78 64 58 1.4894872555389114 4 4995 5 7148 6 6907 8 4374
372 -0.69532546264836814 1.4947539601610029 3.2247343638698269 254 254 244 1.0851999036600459 4 7052 5 7163 6 8460
373 -0.012695595150240302 2.1345302062303286 1.4818288243052522 62 54 45 1.2814689447554932 4 5031 5 7168 6 6913 7 6543 8 4362 9 4205 10 1528
374 0.60201038371259519 2.5454255843754416 0.87051297603047828 110 88 78 0.93634903231143018 4 7158 5 7170 6 6770
375 0.60201038371259519 2.5454255843754416 0.87051297603047828 110 88 78 0.93634903231143018 4 7159 5 7171 6 6769
376 -0.081170890617975042 2.0952960090714661 1.5519465720558321 251 188 153 0.66261142937867812 4 7106 5 7176 6 6932 7 4682 8 1626
377 0.60652428429247185 2.5763611285608476 0.86043337523295327 23 20 19 0.3216386071240967 4 7170 5 7183 6 6779
378 -0.083874250416820492 2.1277289553381551 1.5399089205857852 33 27 27 0.73705465897432687 4 7118 5 7187 6 6943 7 4693 8 1634
379 0.39678380363147581 2.4948781006793328 1.0463758562247403 84 56 46 0.30178216347047998 4 7182 5 7197 6 6827
380 0.39678380363147581 2.4948781006793328 1.0463758562247403 84 56 46 0.30178216347047998 4 7183 5 7198 6 6828
381 -0.064037364851688039 2.1967133515224115 1.4980411997443122 134 99 87 0.1420926852088131 4 7148 5 7204 6 6975
382 0.28645952521485812 2.4402478522019067 1.1439566914651282 55 35 34 0.19462677413419249 4 5140 5 7212 6 6862
383 0.28645952521485812 2.4402478522019067 1.1439566914651282 55 35 34 0.19462677413419249 4 5141 5 7213 6 6863
384 0.29547117293060315 2.4568544313225766 1.1276633717997335 195 144 123 0.47756273687631984 4 5151 5 7223 6 4782
385 0.29547117293060315 2.4568544313225766 1.1276633717997335 195 144 123 0.47756273687631984 4 5152 5 7224 6 4783
386 0.052824817580901413 2.2975873569382261 1.3678010762533486 42 33 34 0.2926244660562583 4 7163 5 7226 6 6936
387 -0.10937668941260698 2.1923130887969369 1.5219216808137028 200 153 137 1.1104610129764962 4 7152 5 7229 6 6996
388 0.55926100046825822 2.6749546377174953 0.84261213098505738 254 193 166 1.6400245079195355 3 5453 5 7253 2 2076 18 2082
389 -0.043192682428574797 2.2825967981320123 1.4336418659015888 157 97 79 1.0121579064721851 4 5138 5 7258 6 6995 7 4688
390 -0.027489725787608756 2.2967081058300791 1.4163443872320847 61 49 48 0.51959232983702841 3 5167 5 7259 6 6992 2 1678
391 -0.19549153685828369 2.2064559861948227 1.5746534686923965 147 114 97 0.27876027128004566 4 5134 5 7270 6 7044
392 -0.082876312476673694 2.2822949959561303 1.4590417725456135 70 58 58 0.066556018669954448 4 5155 5 7272 6 7006
393 0.09292842381138898 2.4555704202365525 1.2710875551541829 158 113 94 0.36612764449961271 4 7232 5 7284 6 6986
394 0.1446048270009038 2.4931103129060452 1.2145704247783762 192 148 129 0.26285601197199565 4 7238 5 7286 6 6962
395 0.32073505852437373 2.6080569459388876 1.0435589866008099 203 170 160 1.6086618261311945 3 5404 5 7288 6 6919 2 5236 18 1943
396 0.32073505852437373 2.6080569459388876 1.0435589866008099 203 170 160 1.6086618261311945 3 5403 5 7289 6 6918 18 1944 2 5235
397 0.27248395238450973 2.5839902339190615 1.0862905797131905 23 23 25 0.82307152538152828 4 5244 5 7291 6 6929 7 4494 9 1264 8 1357 2 1959
398 -0.026558637287789129 2.3850980282841014 1.3841992048357992 82 60 55 0.90771725818479398 4 7225 5 7293 6 7017
399 0.2544464490940474 2.5743640372247301 1.100787855128047 250 182 163 0.64951143933367972 4 7249 5 7296 6 6933
400 0.38262033674523244 2.6627770265599762 0.9727234365380637 26 21 25 0.84912820647345044 4 5263 5 7299 6 4838 7 1513
401 -0.21629451976666367 2.2666485754672276 1.56266806176463 32 30 31 0.85527815727936329 4 5186 5 7300 6 7075 7 6655 8 4527 9 4354 10 4254
402 -0.071324150374895687 2.3616694571356427 1.4234441527647717 27 21 25 0.94409118273240045 4 5206 5 7302 6 7029 7 4740 8 4434 9 1608 10 1581
403 0.18019831647763043 2.5343544373748292 1.1690870594117622 28 26 31 0.62894996395945413 4 7248 5 7303 6 6951 7 4550 8 1440 9 1339
404 0.51806982337159702 2.7599081690554277 0.83271374912182916 34 29 32 0.84667940304138389 4 5295 5 7305 6 4775 7 1393 2 2143
405 -0.055207601907037544 2.3921255281826044 1.3901745592214836 24 23 26 1.1672448848760926 4 5213 5 7308 6 7036
406 -0.82171063997872651 1.8335447811748697 2.6066584716000407 173 206 138 1.0273849795252139 4 5105 5 7309 6 8512
407 -0.12785379704602054 2.3558789512315563 1.459196702899354 80 60 59 1.0039778846614922 4 5212 5 7312 6 7058 7 4772 8 1718
408 -0.85832524102854812 1.8392642759009137 2.6332617171743333 197 223 151 2.7934536504867182 4 7166 5 7320 6 9315
409 0.25776971673781951 2.6334497786534832 1.0637972212340516 94 74 64 0.46835278714013051 4 5288 5 7321 6 4928
410 -0.12645733984975033 2.3833245685188715 1.4447056389057058 18 16 17 0.64600544118227565 4 5235 5 7325 6 7071
411 0.12617282130572124 2.5509014691362428 1.1898657536896717 36 26 27 0.50317264493689418 4 7261 5 7327 6 6998
412 -0.16376295540269531 2.3691802364750894 1.4699561730900377 46 37 38 0.85629534398817775 4 7246 5 7333 6 7081
413 -0.59471320108872461 2.2864214788094395 -0.050664389467796056 255 205 178 1.6590886500682283 4 7272 5 7336
414 0.30053661081978061 2.6906945539688878 1.0041939683210548 96 78 66 0.42215125219500199 4 5320 5 7338 6 4924
415 -1.5077342342535132 1.6434810203171728 3.0271982815979515 178 214 149 1.6213105787810964 4 5189 5 7387 6 9428
416 -0.2726526594796933 2.5532051731787546 1.0391869680571142 126 164 167 0.52864302557961906 4 7324 5 7402 6 7111
417 -1.4410287825472921 1.833063069500696 2.7278880526866063 191 195 143 1.5643282137966164 4 5285 5 7429 6 8706
418 -0.2435697462879842 2.7040368756074029 1.0997201405506789 16 25 34 0.55637880055739664 4 7364 5 7443 6 5180
419 -0.48793181785531259 3.5519142829323318 0.17434706608474965 247 249 237 1.246074115293671 4 7826 5 7884 6 7381
420 -0.70045820454063557 3.5668781142705992 0.13465405948382889 235 238 218 0.90738662693750671 4 7913 5 7970
421 3.4162802925979512 -0.3779176892211466 5.9024634551147601 89 85 50 1.078637010206658 4 8140 5 8214 6 8976
422 5.5148700503305159 2.8062257338320387 0.72191026427202321 40 68 82 1.1058159789593953 4 8271 5 8274 6 6273
423 3.5376867168748678 1.7000534026833516 2.7298121219223255 199 195 158 0.67426153030904556 4 8268 5 8314 6 8993
424 1.4807181033916001 1.5079552901269697 3.0882372644198299 240 234 218 1.1771159013277674 4 6861 5 8414 6 8155
425 0.47709856970539216 1.3014824669156764 3.4357841191012368 244 242 229 1.9118307865401913 4 8369 5 8472 6 9738
426 0.19856333885830046 1.2261191089658445 3.5626371416501419 197 220 167 0.27301104688651995 4 6914 5 8491
427 0.83187480432234207 1.9842681250611596 1.619623485822506 128 126 140 0.87499139681444937 3 8603 5 8503 2 8462
428 2.4062701968248641 2.8918433188801989 0.90961458988028321 171 170 77 0.41302215749255933 4 8477 5 8518
429 -0.2231230252987067 1.5734590345897614 3.0792730473444907 149 159 112 2.4087117916311271 4 8467 5 8572 6 9237
430 0.017294122015132904 2.0378440526497066 1.5239713642027224 41 36 33 0.12183340512868816 4 8495 5 8583 6 8318
431 0.049557049468939629 2.0597869795733961 1.4984303799935861 41 30 32 1.4079872858912312 4 8496 5 8584 6 8311 7 6513 8 4310 9 4179
432 0.30571528376393164 2.2323874268151309 1.2378028824842013 38 29 32 0.64131910161665961 4 8511 5 8585 6 8283
433 0.69419276082685233 2.495672487809768 0.84138477953883251 26 22 24 0.26689837588404414 4 8536 5 8586 6 9115
434 0.74463526517326495 2.5264248773120608 0.78716831736148651 33 27 27 1.794479408719841 4 8538 5 8587 6 8223 2 8581
435 0.19080586852649001 2.1579323302400177 1.348480871049079 39 33 35 1.646632098200826 4 8504 5 8589 6 8299 7 7780 8 6245 9 4086 10 1344
436 0.25828541482297152 2.3255132134084415 1.210086511456578 192 128 101 1.5369277885693429 4 7134 5 8609 6 6834
437 0.2585896239897103 2.3271778574745858 1.210317825731831 192 128 101 2.2484042412796184 3 7326 4 7135 5 8610 2 5093
438 -0.14446807356377647 2.0616476826044567 1.6074913007423344 168 100 80 1.9204841836306465 4 7102 5 8612 6 8353 7 6599 8 6381 9 4292 10 1697
439 0.31995368961235354 2.3928696228993926 1.1413805276876254 31 23 21 1.1992820475379595 4 8561 5 8620 6 8305
440 0.34704406146072331 2.4171153797153555 1.1193726562527235 46 32 32 1.5749220538122575 4 8564 5 8626 6 9146 7 7767
441 -0.24728143149546175 2.1986232307223852 1.6218621686459773 43 35 33 0.30663459958778455 4 8583 5 8669 7 7925
442 -0.21603270648555406 2.219418731139283 1.5927937462121553 65 47 45 1.3919985089727482 4 7193 5 8670 6 8388 7 7918 2 5020 18 1568
443 -0.10599554717790607 2.2943030226850265 1.4813540090162154 23 19 20 0.79865897331324875 4 8589 5 8672 6 8377 7 7888
444 -0.0780502835549821 2.3122508366157035 1.4513881084862317 26 22 23 0.29604106595661323 4 8591 5 8674 6 9225
445 -0.049855936875476653 2.3332652142419361 1.4160371873896684 64 49 49 0.17119641402285002 4 8597 5 8675 6 9223
446 0.089593302583037063 2.4239768795716405 1.2879663483212129 23 19 23 1.0159942496555889 4 8607 5 8676 6 8358 7 7849 3 8714 8 6316 9 6069 2 7188
447 -0.025690007027784262 2.3522668741442554 1.3984954118739579 21 19 20 0.3411944382577024 4 8600 5 8678 6 9219
448 -0.59301234841505568 2.3549409019754988 1.3444928893281138 39 66 70 0.50469142943386969 4 8661 5 8745 6 9298
449 -0.53953544381901009 2.3869859067304451 1.2834079190569332 84 118 119 1.0996635054684678 4 8665 5 8746 6 8459
450 -0.89012227010990252 2.1688195592218946 1.6446669025762759 80 108 111 0.30582074488854932 4 7296 5 8750 6 8531
451 0.67036499646713521 3.3295203919913656 0.2836461912396076 173 184 150 0.91266510910600773 4 8751 5 8779 6 6947
452 -1.0671742166715259 2.3591220798602048 1.9375374597459958 48 74 39 0.12141755536823573 4 9560 6 9910
453 -0.26563870644001913 3.6823870768140856 -0.0071633535045370665 243 244 225 1.1653316918240419 4 9011 5 9064 6 8578
454 4.3877904744206235 -1.0768727237813323 6.8616778032135013 214 224 155 1.1103077895756572 4 9184 5 9232 6 8943
455 2.4411914466105684 -0.11898619248050128 5.4562942218372399 160 150 82 1.2013097635014074 4 9230 5 9283
456 0.30472281754048081 -1.1276042308108865 6.951984553499198 62 79 79 1.3241151656470433 4 8167 5 9298 3 6627 2 4211 18 3920 17 6203
459 3.0466037953778593 1.4116975135534735 3.16825966721543 44 55 50 1.0178070883587729 4 9273 5 9328 6 9004
460 0.4749000842100039 1.2458046208276883 3.518134736192037 162 157 120 1.2905167331011149 4 9335 5 9433 6 9735
461 0.13698958552211973 1.5349530047782052 2.304959650048918 37 51 60 0.92741185846008034 3 9447 5 9459 2 9269 18 8770 17 8507
462 -0.030503674306068481 1.1531920647669494 3.6871658676648393 239 238 208 1.6653053721531139 4 8382 5 9462 6 9760
463 -0.25730759178844065 1.5856497210664153 3.106720768557397 223 219 184 0.8251074419804395 4 8472 5 9496
464 -0.0078941904269356697 2.0217546327093432 1.547288856245665 40 28 27 0.26828442282218246 4 8493 5 9500 6 9168
465 0.1009283357107786 2.1013273324918798 1.4349224979118989 23 23 25 0.43747311764416441 4 8501 5 9503 6 9152
466 0.61351349169067293 2.4435948666630689 0.9190679984392941 22 21 25 0.44038890828367139 4 9435 5 9505 6 9117
467 0.53226789746601877 2.5397233690272647 0.9067477161206835 18 18 18 2.1950580083882532 4 9468 5 9521 6 9137 7 8572
468 0.3719278875674219 2.4329752414367838 1.0882577594152769 24 24 24 0.25248412402794584 4 9458 5 9525 6 9143
469 0.43274256792268123 2.4757023615934624 1.0249729276963224 35 33 34 0.58281258235283961 4 9464 5 9527 6 9139
470 0.45680572888764931 2.4893968681414718 0.99927836062840025 24 20 21 1.2405628413396101 3 9589 4 8570 5 9528 6 8289
471 0.28415473710329059 2.3848655899867959 1.1719880303397154 76 55 54 0.37133095089744667 4 9455 5 9531 6 9157
472 0.28415473710329059 2.3848655899867959 1.1719880303397154 76 55 54 0.37133095089744667 4 9456 5 9532 6 9156
473 -0.73607589587124744 1.6422111427685608 3.0005357280963345 231 229 216 1.1154366817853596 4 8510 5 9547 6 10200
474 0.49345550798170207 2.6853605736653843 0.88366880500556555 29 24 26 0.24941892961041781 4 9494 5 9558 6 9160
475 0.31892635406052666 2.5754322396809046 1.0570834746837476 21 21 23 0.32845396058227339 4 9484 5 9560 6 9184
476 0.46050090332051863 2.6650117725201494 0.9140596531075702 26 22 23 0.46575862001298995 4 9491 5 9563 6 9163 3 9618
477 -0.14526068973449449 2.2692337969792322 1.5027181631379036 21 17 19 2.1414228400109758 4 8586 5 9567 6 9234 2 8509
478 0.17763690119088407 2.482095379301565 1.2000072189257598 35 29 31 0.42578922108501716 3 8733 4 8613 5 9569 6 9199
479 0.43113177141430881 2.6546620153869385 0.94554164125419526 21 19 22 0.58931002395321064 3 9615 4 8620 5 9575 6 9173
480 -1.0731083872127245 1.9775850314225438 2.4986193962384409 45 56 56 1.0410707044685354 4 8628 5 9613 6 9894
481 -0.38028902236142326 2.4926746412499554 1.1848447924170951 205 215 216 0.39524459727332611 4 9531 5 9615 6 9818
482 0.19272476578649847 2.9861686398586831 0.65034479624608088 27 40 46 0.33729250508438224 4 8724 5 9637 6 8390
483 0.67223099908813355 3.350328929041662 0.25709735401351241 229 238 222 1.4519077067484876 4 9585 5 9641 6 9204
484 -0.30670117295869354 3.6661073422710349 0.019735350430181632 248 251 240 0.43188302163735443 3 9884 5 9781 2 8906
485 5.3340464186075671 -3.7360389892034136 10.231015662739685 61 115 66 0.8079911960692221 4 9842 5 9856 3 9925 2 9748
486 0.34711998017547968 2.266624481048555 1.1916966783332712 34 32 35 0.37546572688731905 4 10048 5 10027 6 10131 5 10405
487 -0.4378823463828368 1.5489134635930641 3.0999462244419198 123 116 88 2.1365337914162477 4 9410 5 10029 6 10181
488 -1.0172226052213726 1.5203787296949538 3.224521482936483 160 170 115 2.0322911914148429 4 9428 5 10057 6 10433
489 0.03416015172216591 2.386690498824485 1.3306864164089423 36 31 32 0.98690009726589245 3 10149 4 9473 5 10064 6 9771 2 9373 18 8898
490 -1.3934399614594204 1.7094847429575923 2.9131877592024691 107 125 82 1.8268259544187411 4 10077 5 10095 6 10455
491 0.016829136874763048 2.851438175989343 0.80896515804472102 23 37 46 0.45848680827069543 4 9561 5 10114 6 9258
492 -0.58285902061489525 3.5368203082350722 0.19478024710804487 247 248 243 0.63486362206211222 4 10229 5 10239 6 9912
493 5.0376170204423989 -3.6651563383146151 10.181157781226778 232 247 248 1.4538600461382893 3 10657 4 10291 5 10282 2 10503
494 0.38429115784144513 0.96503375103836075 3.9612023175114155 189 191 154 0.56211708131641014 4 10360 5 10356 6 10368
495 -0.005130301095415778 1.9663985945515827 1.5424418233938839 217 177 145 1.30330395914908 4 10025 5 10386 6 10374
496 -0.047164358653380478 1.9943453400973745 1.5903239487013732 47 37 36 0.73350610500212421 4 10036 5 10397 6 10147
497 0.53155112376202507 2.3785132065719647 1.0003350824590784 39 29 28 1.8114908843466917 4 10400 5 10400 6 10120
498 0.28998311658712533 2.2298883108148191 1.2486218496367361 88 71 69 1.2413829184618559 4 10398 5 10404 6 10132
499 0.10781121598256228 2.3785511496241387 1.2989640394334774 214 168 130 1.6785520320767979 4 10418 5 10429 6 10384 7 9611
500 -0.88503136259976756 1.8831366662888909 2.6124728389097212 20 21 20 0.66810989881399596 4 10070 5 10441 6 10434
501 -0.032879009700383446 2.7750429749696854 0.84899680076590422 24 34 43 0.30942542319735483 4 10457 5 10454 6 10175
502 -0.12522792826905474 2.2033130415853388 1.5362929514146086 126 98 94 1.026479160955597 4 10653 5 10664 6 10563 7 9874 8 9698 9 9289 10 8640 1 8736
503 -0.095190802796816035 2.2947580933863954 1.4689313363466063 21 21 21 0.71138550310312998 4 10425 5 10667 6 10396 3 10474
504 -0.095190802796816035 2.2947580933863954 1.4689313363466063 21 21 21 0.71138550310312998 3 10473 4 10424 5 10668 6 10397
505 -1.0907732516207902 2.3143377255170203 1.9449285241206375 165 190 104 0.79959122557613682 4 10676 5 10693
506 0.17646722163853507 3.448310699650194 0.32674697136119302 159 186 83 1.9855312196039991 4 11058 6 10770
508 6.9759858467372764 2.9486060274165022 0.42305922987678102 21 28 40 0.75888160051811615 5 755 6 392 7 305 8 292 10 3329
509 5.9192741496989534 2.4313431766584781 0.97563944849823059 34 43 48 0.30279590800993428 5 752 6 427 7 358
510 4.976299178713818 3.0084904526043856 0.21180067887745455 32 55 70 0.3630356168324092 5 1008 6 564 7 421 8 401 9 3453 10 3357 1 573 11 5502
511 4.8866429354569032 3.0541479447148858 0.140373629143659 36 46 56 0.44309079916567939 5 1038 6 573 7 428 8 404 9 346 10 421 1 571 11 3614
512 4.8839340020185169 3.0535796795261581 0.14017685347938871 36 46 56 0.44555889595397968 5 1037 6 574 7 429 8 405
513 4.6980549134014309 3.1745745988854774 -0.025286794843560043 36 46 56 1.361541256193467 5 4395 6 610 7 443 10 419 11 750
514 4.5705365409724212 3.3351769152099027 -0.052955947287481521 106 142 154 0.66940396691169124 5 4477 6 682 7 477
515 1.1128281924343215 2.154623572666265 1.3334086166350725 53 50 61 0.34352466100067763 5 1588 6 1317 7 4136
516 0.67755663793786958 2.5256449539719052 0.83733268157642315 24 19 25 0.27027548026175158 5 1901 6 1552 7 1206
517 0.29058133396914848 2.1755537811007577 1.2645258288154191 100 73 68 0.64398044842251745 4 1854 6 1637 2 1582 18 1615
518 0.2099336853496217 1.7868756317510046 2.4041335078752959 127 125 138 0.30481469608986317 5 1746 6 1769 7 1945
519 -0.075092636624350895 1.9697277656083385 1.6231376597445095 36 25 22 0.35499747109073548 5 1857 6 1810 7 1799
520 0.0449007537700334 2.2066204629153363 1.4139912312054244 30 21 22 0.13903347779674277 5 1981 6 1845 7 1724
521 6.951115243860321 2.9868200212781209 0.40720148671576256 58 81 112 1.5334101366181307 5 4182 6 3744 7 3615 8 3516 9 3400
522 5.0222124531154746 2.9786377141962088 0.28463607487237735 96 122 139 0.33992818024595262 5 4330 6 3874 7 3676
523 5.0222124531154746 2.9786377141962088 0.28463607487237735 96 122 139 0.33992818024595262 5 4331 6 3875 7 3677
524 4.6777829562723587 3.099148906772367 -0.077555174624548612 60 78 100 0.50833808489792875 5 6725 6 3882 7 3672 8 3586 9 3437 10 3341 1 551
525 0.56900201945030959 2.6282766251093648 0.85947069050692648 38 35 37 0.70146511630013386 3 5424 6 4675 2 2036
526 0.31120938117793989 2.3207186701659612 1.1822203072185298 66 41 37 1.0486996130541861 5 5004 6 4706 7 1473
527 0.31120938117793989 2.3207186701659612 1.1822203072185298 66 41 37 1.0486996130541861 5 5005 6 4707 7 1474
528 0.36268991988218086 2.3994805288364893 1.0988086842949609 226 156 138 0.48899355985451104 5 5035 6 4708 7 4396
529 0.19178378903462046 2.2275661392815871 1.3100089267034305 82 64 60 0.67842806916677212 5 4999 6 4741 9 1297 8 1367 10 1341
530 0.56005331670403813 2.7688931737796922 0.80530301682469185 36 25 28 0.55701574708260748 4 5284 6 4755 7 1350
531 0.39322490385511144 2.5599527638025763 1.008515300933911 87 65 56 0.86178288100534994 4 5187 6 4761 7 1464
532 0.022837821607382246 2.0600192721723816 1.508479777369343 220 156 134 0.60933123583809301 5 4946 6 4779 7 1704 8 1507
533 0.53798581684740698 2.8003235167530023 0.79792308662375189 84 63 59 0.35803998147160571 3 5533 6 4784 7 1381
534 0.27062474219682942 2.4315877457258299 1.1584466190175331 220 152 134 0.58767435884087371 3 5277 6 4789 2 1792
535 0.0075094951044352223 2.0598235834753496 1.5200945277405482 56 36 39 0.504319558058267 5 1893 6 4795 7 4589 8 1519 9 1485 10 1527
536 0.1361638898917123 1.3721963603550718 3.3481879784395314 208 207 168 1.2375722020483251 5 1681 6 4821 7 6813
537 0.31024137516293948 2.6504491568276323 1.0219718187757685 88 70 68 0.40423367715343961 5 5234 6 4883 7 1583
538 -0.056109427620145473 2.1251221548896115 1.5199231642782709 109 76 61 0.99254552409404451 5 1969 6 4885 7 4660
539 0.15074298128313091 2.4309728712949785 1.2340467723764716 87 59 51 0.70578863339078879 5 5149 6 4890 7 1679
540 0.0047158897664788405 2.2833213786139015 1.4056133479193997 107 79 68 0.5366379737981718 5 5119 6 4936 7 1788
541 -0.015771475538436028 2.2842049923317149 1.417459180028366 58 36 31 0.46145385998025834 4 2034 6 4949 7 4662 8 1582
542 -0.27363159593934849 2.2027702839816001 1.6348753120240842 152 117 103 0.20466342739377774 5 5177 6 5080 7 2034
543 -0.42864217088087059 2.4745669774836685 1.2270395373094638 204 204 206 0.44625234228794453 5 2360 6 5186 7 4870
544 4.5299178428793825 3.3354022930453069 -0.095608212483167448 84 112 124 0.25250889232235896 5 6806 6 6331 7 5945
545 0.65341665048118203 2.4359054660343826 0.89748997224789573 195 145 121 1.1215704535343853 4 5019 5 7112 6 6727
546 0.28248759117426869 2.3259536298780006 1.1961344042022453 45 31 31 0.94996684672905984 5 7164 6 6819 7 4437 8 1284
547 0.092533286607399456 2.1154409142240174 1.434404620059508 38 29 32 0.76069871279655021 4 4984 6 6843 7 6498
548 -0.013888913950825456 1.9781873186881898 1.5639266386093591 229 186 151 0.59489273527509046 3 7183 6 6849 2 7012
549 -0.076320694871231248 2.0402174601697873 1.58369045380005 136 99 83 2.1988036386638297 5 4991 6 6916 7 4664 8 1610 9 1596
550 -0.063828579780247821 2.0969961772938794 1.535269367961964 57 42 39 0.8936210736588398 5 5023 6 6926 7 6560 8 4397 9 4235 10 4163
551 0.15766112608703142 2.5086390615176928 1.1987892809936291 39 27 31 0.49253712546716022 5 7295 6 6964 7 4569
552 -0.12820663437244195 2.3220784740622853 1.4803458469612509 26 20 24 0.63493209993307853 5 7298 6 7052 7 6622 8 4458
553 -0.18572626471707052 2.3194345508318932 1.5143637207770526 103 79 67 0.89070136259563182 5 7311 6 7078 7 6642
554 -0.75678490036327817 1.4264989271828312 3.3143445975912642 219 220 192 0.60816024214212916 6 7175 7 8941
555 4.8412651982278039 3.1158697406692277 0.11688180656480339 110 149 166 1.3273713343399003 5 8326 6 7904 7 7447 8 7288 10 7479 11 7738
556 4.5081913974178285 3.2291972181618784 -0.19434367978987485 144 182 191 0.65224889702110078 5 8350 6 7913 7 7446 8 7285 9 6936 10 6635 1 5560 11 6833
557 0.22188250130415021 2.1784407415484903 1.319488816202651 40 30 31 1.2666107911855709 3 7267 6 8295 7 6449 8 6236
558 -0.68828306714310261 2.3271791989648172 1.4604872322297877 29 36 44 1.8485029776925321 4 7317 5 8762 6 8491 7 5040
559 -0.6356153934228489 3.6058409926086097 0.095013002080523962 234 231 214 1.9383952267132216 3 9174 6 8682 18 7118 17 5186
560 4.7109691412405716 3.1785154669183608 0.029531446327626349 108 140 155 0.49619569267102492 5 9344 6 8954 7 7450 10 6649
561 4.4931656319895676 2.0496381747908101 1.2528138830411346 82 97 70 0.057946577327937093 4 9248 8 7293
562 -0.77041401789255803 1.5048949011756096 3.202542377328637 134 139 94 1.8798205724536405 5 8619 6 9833 7 9744
563 0.10130089101279695 2.3750576629466376 1.2972603557767735 190 134 106 0.96536894346069835 3 10484 6 10383 7 9610 8 9418 2 9948 18 9421 17 8592
564 2.2147293759247759 3.4119605708018392 0.25950277358764712 149 166 70 1.8414139122476236 6 10541 7 9813 8 9632
565 5.1293777949889225 3.1461632498064489 -1.4360544513811677 127 162 184 0.23238319850690417 6 3624 7 131 8 110
566 5.1900625048983908 3.1357915938471446 -1.3496839357881936 78 85 108 0.23055961533961744 6 3633 7 145 8 124 9 111 10 138 11 464
567 4.7741280721163912 3.3737213483015127 -1.7038399176847967 100 125 147 0.47164964595190889 6 3683 7 163 8 130 9 114 10 128 11 3355
568 4.7969325193982044 3.375612588256657 -1.6733643604756356 137 169 194 0.78333955358676821 6 311 7 169 10 134
569 4.5665583661610638 3.5176985188287371 -1.872715719155996 138 172 197 0.49805554236348765 6 352 7 180 10 132 11 425
570 4.9393246614375679 3.6721247132899664 -1.710503310682391 13 34 75 0.46126762047457015 6 409 7 228 9 160 11 473
571 8.2899662149894642 0.96705501135833194 2.937831753288604 214 221 213 1.4001771394961893 6 182 8 267
572 6.5932205651447511 3.0460566078226776 -0.096162770329393826 61 78 104 0.37300475530051358 6 358 7 274 1 497
573 5.6041546857556233 2.682359211837646 0.75014057953095203 52 62 74 0.33987206782169754 6 492 7 391 8 392 9 3454
574 3.3870037979963223 3.7657011123988871 -1.3671893970573539 49 58 65 0.34968683042431381 6 3994 7 441 8 375 9 289
575 4.286895435850588 3.3380619553173583 -0.41581262620390513 90 109 124 0.29508814793299987 6 644 7 444 10 378 11 655
576 4.1328592389324363 3.4265893306447808 -0.51239477890351837 174 204 206 0.45562356750466815 6 688 7 453 8 409 10 384 11 644
577 4.3351799295283175 3.3849408073631304 -0.30229246673305116 148 189 192 0.32905857578468717 6 687 7 461 9 369 10 417 11 711
578 3.6579960626410015 3.6803845740773089 -0.92045484071867334 100 120 131 0.47919257172750773 6 797 7 475 8 413 10 367 11 576
579 4.0815168121864778 3.5358118506346989 -0.51823084609635361 186 207 208 0.45605508149796276 6 755 7 481 8 425 9 375 10 411 11 670
580 3.6937966343035784 3.6722120920763959 -0.86509851206207045 137 157 155 0.30239151889813443 6 798 7 483 8 418 10 375 11 599
581 4.1948984557321012 3.5017354707456985 -0.38843551666066128 181 197 197 0.56099175577593996 6 3983 7 487 8 435 9 385 10 428 11 708
582 3.7104179924658962 3.6806568136219049 -0.83782926854115347 197 223 217 0.49141998222573502 6 807 7 490 8 423 9 360 10 385 11 604
583 3.645093425970686 3.7237189289879518 -0.8874565703588132 188 214 211 0.37789587890949827 6 4020 7 495 8 429 10 387 1 549
584 3.6741159954978513 3.8188273183767527 -0.80766537083965761 167 194 191 0.84876146267026809 6 4065 7 520 8 450 10 424 11 643 9 3482
585 2.9086964999206821 2.8693728741326341 -0.068128355522268258 128 178 150 0.7121194657104708 6 794 7 526 8 458 9 411 10 3375 1 586 11 682
586 2.784581381945249 2.9307044586546294 -0.17746098386002515 121 169 145 0.80905204790714202 6 826 7 536 8 461 9 409 10 450
587 0.24152434470210682 2.5696972593028238 1.11665168381557 46 28 28 0.37367749735751082 6 4905 7 1629 8 1386
588 0.16691983267453317 2.4338363484738177 1.2213737459571585 37 26 29 0.37296157703690469 7 1659 8 1428
589 0.062729466631068986 2.3460623863015879 1.3365400414396962 44 28 31 0.22413702635691368 6 1903 7 1745 8 1513
590 -0.024681876895867989 2.3235982689416912 1.4027525246567165 114 93 83 0.58178967570765872 6 4991 7 1826 8 1595
591 -0.16893108460090911 2.0672656420204207 1.6211347493267021 42 24 26 1.5960337599715748 6 4963 7 1889 8 1713
592 -0.2456632905800408 2.3205319851759749 1.5453083773408129 215 139 108 0.14410563482779984 6 2129 7 2025 8 1828
593 -0.34885556672842766 1.8775140278556055 2.6689517512840744 253 251 241 1.1829427190761912 6 2191 7 2556 8 5009 9 4970 10 4943
594 -0.5507139281352148 2.1736363228776687 2.2518221176611339 254 248 227 0.14047695826741244 6 2397 7 2620 8 2491
595 -0.54435433920982357 2.0615150724077109 2.3890896005705256 215 226 189 1.145919294874201 6 2358 7 2653 9 2597
596 -0.70895506588326151 2.1358439394555169 2.3080001968510775 160 196 123 1.2907500832356205 6 2493 7 2795 8 2663
597 5.7258196090502596 2.8200075226044925 -1.0085097300927151 113 141 162 1.3321409348743884 7 3477 8 81
598 4.9170191426123537 3.2828048902909606 -1.6066309878737479 128 162 187 1.7058321070601643 6 3657 7 3507 9 107 10 120 11 437
599 5.1715798319268487 3.1694431216804015 -1.3456081223669873 136 166 190 0.40565984638706476 6 3650 7 3513 8 3401 9 3269 10 3188 1 354 11 3386
600 5.2276787003996903 3.1513752797275965 -1.290350392159701 50 58 74 0.37596981803331225 6 3651 7 3515 8 3404 9 3275 10 3194 1 363 11 5374
601 4.995461979447299 3.2612413522350758 -1.506865212499354 72 87 108 0.40639502344771478 6 3668 7 3517 8 3400 9 3264 10 3182 1 344
602 5.0531620887026456 3.2485306183484903 -1.4450092687295595 112 134 157 0.26147116878149612 6 3672 7 3521 8 3405 9 3272 10 3189 1 359 11 3377
603 5.0531620887026456 3.2485306183484903 -1.4450092687295595 112 134 157 0.26147116878149612 6 3673 7 3522 8 3406 9 3273 10 3190 1 358 11 3378
604 4.6270952129384533 3.4828904309103565 -1.8163937590382608 115 140 162 0.68703895844001239 6 6192 7 3533 8 3410 9 3270 10 3176 1 338 11 3351
605 3.4944493463890356 3.3038738932436575 -1.5295655483352804 49 57 65 0.47467054244209017 6 6253 7 3590 8 3461 10 5195 1 3340
606 7.0225586998566305 2.8453211459735592 0.40567768666254911 13 20 30 1.0590954620702953 6 3713 7 3596 8 5725
607 7.9171075507573496 1.3934119436215766 2.6102875030087596 149 164 145 0.85005709884174407 6 244 7 3600 8 5746
608 5.5272768970030404 1.3914842656003328 2.0725155871123628 108 147 123 1.1058977214985588 6 338 7 3637 8 3577 9 5547 1 5579
609 3.5875808588285798 2.6166687680371932 0.56962070707297263 58 88 76 0.32629559628341104 6 3958 7 3728 8 3643 10 5356 1 3511 11 5536
610 3.5875808588285798 2.6166687680371932 0.56962070707297263 58 88 76 0.32629559628341104 6 3959 7 3729 8 3642 10 5355 1 3512 11 5537
611 2.0703437626136956 1.6888120119284342 2.81417334429202 222 229 167 0.87711663330688372 7 4203 8 4137 9 4098 10 4213
612 0.72407346374927839 3.0089852950128702 0.60803296063452561 35 35 43 1.4194017649234882 6 4765 7 4304 8 4079 9 1007 10 992
613 0.41145657930432078 2.3872865282601321 1.0873468943661468 60 41 34 0.73940223953766049 6 4669 7 4357 8 1168 9 1123
614 -0.035077682474916751 2.0318898565024637 1.5633606890243481 226 150 125 1.052060109950542 6 6889 7 4622 8 1558
615 0.069908745950582732 2.4523702984608029 1.2836413392408197 37 27 27 0.23181396371462581 6 4987 7 4623 8 1522 9 1438
616 0.069869733549636673 2.4524424630200401 1.2837201872658139 37 27 27 0.21864685142306595 6 4988 7 4624 8 1523
617 0.0096173682442677096 2.4181814470806118 1.3398951342290057 26 20 22 0.27342390801316446 6 5010 7 4674 8 1570
618 -0.1226221981543595 1.9817097615929558 1.6428739845062621 137 108 97 0.35866520698367621 6 4863 7 4704 8 1660
619 -0.47050309518504985 3.7131813837245615 -0.29535843150543556 194 192 194 0.45970646145107069 6 7374 7 4718 9 3997
620 -0.25504232763343054 2.1470920023993143 1.6437186121881098 40 25 23 0.78911266667801816 6 5048 7 4828 8 1819 9 1803 10 1815
621 -0.2649724383649944 1.6792838040745517 2.0902481160965776 149 154 157 1.3471204580594875 6 1855 7 4855 8 4611
622 -0.31769157817903076 2.2598885200782162 1.6245512606133485 132 103 88 0.20512701176668949 6 5115 7 4905 8 1898 9 1853
623 -0.71419525981642817 3.5864542669860082 0.11990242297535424 235 234 213 0.84663410659020344 6 8707 7 4943
624 0.20514873310496859 1.7383770056613241 2.8157383699315197 105 100 60 0.61448420910965795 6 1854 7 4945 8 4742
625 -0.19654896099325692 2.4309927051279145 1.8950133450931621 24 25 26 1.2443239232396162 6 2252 7 5006 8 4691 10 4442
626 0.028810786380616141 1.5766681405960967 3.0559687499446397 203 199 162 0.79449291002575473 7 5059 8 4897 9 6566 10 6440
627 -0.23072954613019941 1.8078071113348171 2.7356662772336251 106 128 99 1.0198010444147108 6 5092 7 5137 8 6715 9 6553
628 -0.038486564423611209 1.3374835808839911 3.4043410144768487 137 108 76 0.92620997232749258 6 1897 7 5146 8 5088 9 6734
629 -0.88632229242359672 1.6903966953991558 2.9544163595197368 231 226 214 0.94622148737431855 6 2489 7 5610 8 5499
630 5.7451684246260912 2.6485474432919069 -0.97280557878139329 96 122 137 1.8704309753554549 6 6107 7 5768 8 5606
631 5.501448574244888 3.0624096056243846 -1.249128370227254 111 142 161 0.44087124894018875 6 6145 7 5793 8 5618
632 4.8920695149039197 3.320013583539033 -1.6016062691053159 84 101 121 0.55433361584854723 6 7817 7 5808 8 5636 9 5384 10 5148 1 3287 11 5360
633 4.8394131908392639 3.3518641293965032 -1.6403951403587982 78 94 117 0.42424484668447221 6 7819 7 5809 8 5640 9 5387 10 5149 1 3289 11 5358
634 4.9722243405112767 3.2952864295882285 -1.5182254550556182 132 165 187 0.4617738571588621 6 6177 7 5810 8 3407 9 5396 10 5156 1 3299 11 5367
635 8.4174279438413802 1.0540020092954998 2.9721295860322399 73 90 80 0.76774311125534467 6 6139 7 5855 8 7237
636 4.7284111388118557 3.1118858789041095 -0.007189038976588894 36 49 58 0.45312175575361374 6 6290 7 5921 8 5783 9 5532
637 4.5927468325793077 3.2179518380982493 -0.10119668267948556 70 84 93 1.0223787190179567 6 6306 7 5931 8 5786 9 5538 10 5326 1 5562 11 6842
638 3.7180411581984369 3.6650466552145118 -0.82984042369378996 192 216 213 0.8547261297440969 6 7958 7 5950 9 5540 10 5315 1 3474
639 3.6262890119722151 2.5773694485465515 0.57855452603808877 112 160 136 0.55205356396109018 6 6328 7 5969 8 5818 9 5577 1 5580
640 1.7528128489274135 3.5132504875221029 -1.0339504355031151 102 103 99 0.88254039944381879 6 8099 7 6011 8 5831 9 3501 10 3363 1 566 11 543
641 1.9266362625140738 3.460366204572789 -0.84854744058345277 148 196 174 0.53811255445681305 6 6537 7 6015 8 5833 9 3510 10 3373 1 583 11 3483 12 3383 13 3340
642 2.2046929519614085 2.3313616853818013 1.8048076676443856 53 48 11 0.46656287388235756 6 4283 7 6214 8 6058 9 5834 10 6831 1 5803
643 2.7691031525158616 1.3929230192657966 3.264698700785841 192 194 131 0.61813535533618891 6 1007 7 6219 8 6101
644 2.3789904035222618 1.7393102799764957 2.6591401075661287 43 40 16 0.91488002594637963 6 6515 7 6235 9 5931 8 4039
645 2.4232844668503337 1.6686042189610835 2.8192337491265809 106 73 30 1.9058343096892194 6 4185 7 6245 8 6109
646 1.3354712442125367 2.4487117445987137 1.2147991889640362 40 40 50 1.599440617522762 3 9582 7 6263 8 4002 9 3868 18 8122 2 7226
647 1.0325738934976094 2.2373407399342424 1.5020551667067785 47 41 53 1.8017602771052488 6 4478 7 6336 8 6139 9 5919
648 1.63191610821782 1.4816721536546706 3.1175702049297573 248 240 213 0.97167908481356891 6 1288 7 6389 8 7608
649 1.1471550763104637 1.7780777437902908 2.6870099610114364 38 23 0 1.0179238230960543 6 4493 7 6460 8 6339 9 7337 10 7077
650 1.1510881001467417 1.8042613730795709 2.6677502802458521 210 197 127 1.0292688276644613 6 4498 7 6461 8 6337
651 0.019279545965011434 2.0082986543123345 1.5341067660110135 225 173 138 0.61449582784800894 3 4993 7 6517 8 6309 2 4932 18 4573 17 1720
652 1.2616602397444476 1.172627321129456 3.6117260468836867 188 192 121 1.2519312444410113 6 1358 7 6520 8 7700
653 -0.1472358099659466 2.059718538611389 1.606197821829745 209 140 114 1.6095733656217117 6 8354 7 6600 8 6382
654 0.062934330129846616 2.2926120400050394 2.0584356186395083 38 40 36 1.2515347681231828 6 7064 7 6723 8 6503 9 7418 8 7729
655 0.32290410448575696 1.4906046762642464 3.0946153972852035 27 26 27 1.2711404268363793 6 1726 7 6731 8 6598 9 7531 10 7304 1 6279
656 0.29422114012990025 1.5013840511608796 3.0866812548989966 175 151 99 0.71985933422684556 6 4745 7 6735 8 6607 10 7309 1 6282
657 0.12101206639148886 1.6662717659132178 2.915116178647903 218 233 167 0.80529800317702482 6 4896 7 6771 8 7791
658 0.12173967051421131 1.7071128874064023 2.8773695010396731 116 116 80 0.98680641143881398 6 4918 7 6773 8 4791 9 6451 10 6326
659 0.23125093832340163 1.4614384696500626 3.2306152350974409 200 202 152 1.0745983019806666 6 4786 7 6774 8 7811 9 8292
660 -0.22289384364174425 2.442723921820916 1.8764192801616646 18 19 23 1.0274770555392556 6 5199 7 6783 8 6548
661 0.030279578795017373 1.5233995352122833 3.1369052436570821 89 69 43 1.1198199587951627 6 4920 7 6823 8 6709 9 6593
662 -0.44951999687195776 2.0539970164817891 2.3826956179653442 38 42 28 1.3933098320816928 6 7161 7 6904 8 7841 9 7563 10 7244 1 4389
663 -0.40079552639532418 1.9589342721030418 2.5335658397583063 229 226 213 1.2648693298862179 7 6906 8 6733 9 6546 10 6327 1 4446
664 -0.35915746323006859 1.7199188834845625 2.8639169305184096 239 246 190 0.84264197392446349 6 5119 7 6926 8 6792 9 6659
665 -0.32545982453871752 1.6074005347637526 3.0321671672847179 183 193 119 0.65763070616182362 6 2110 7 6937 8 6826
666 -0.39078987390855391 1.7161544588238742 2.8830631158603728 210 194 162 0.82664131216122083 6 5126 7 6949 8 6812
667 -0.58354942058085879 1.9378413044613501 2.5624900806220845 194 220 131 2.0843367295923452 6 7187 7 6976 9 7650 10 7320
668 -0.47179566600680789 1.675658381906971 2.9403706314701896 250 255 216 0.63657969677532988 6 5151 7 6982 8 6873 9 7727 1 6403
669 -0.70900422498698579 1.9950001852706452 2.4885483253519189 111 101 71 0.19302104864785277 6 5317 7 7023 8 6852
670 -1.4175478373830213 2.692564315756762 1.4490898490761255 238 240 238 1.2321269616410029 6 6009 7 7208 8 5211 9 4928
671 5.762578330187373 2.9965375950678128 -0.93332490351457276 68 87 101 0.80883682860849448 6 8878 7 7353 8 7187
672 5.1251353664179691 3.2044258806597403 -1.389010175895278 131 165 192 0.27663858998827912 6 7812 7 7354 8 5639 7 5806 9 5391 9 6835 10 6522 1 5449 11 6758
673 4.800212015519155 3.3936096041660102 -1.6599971439708785 131 165 192 0.56087698477550363 6 7826 7 7359 8 5648 9 5398 9 6837 10 6517 1 5446 11 6748
674 4.680875709946072 3.4502285099425722 -1.7734388508619421 95 106 128 0.68685692470483706 6 7828 7 7360 8 5643 9 5392 9 6833 10 5150 1 5441 11 5355 11 6740
675 4.5651664174564806 3.5158412225745428 -1.8426921175290578 132 162 188 1.4613468054439671 6 8902 7 7362 9 5402 10 5155 10 6514
676 7.8640727383673958 1.3077530787820215 2.5607633886301335 160 179 159 0.46312353750470975 6 7794 7 7387 8 8197
677 3.8961812754881766 3.3819437844719791 -0.85832559829423727 130 144 144 0.34851167007081962 6 7915 7 7430 8 7263 9 6908 10 6595 1 5533 11 6784
678 3.8961812754881766 3.3819437844719791 -0.85832559829423727 130 144 144 0.34851167007081962 6 7916 7 7431 8 7262 9 6909 10 6594 1 5532 11 6783
679 4.852192656778298 3.0306332113185972 0.085551606909721661 102 130 144 1.2743197019033263 5 9325 6 8942 7 7435 9 6934 10 6639 1 7001 11 6844
680 4.9565051150478094 3.0637293029799881 0.21254255954422352 94 127 144 0.24357244737288039 6 7899 7 7445 9 6945
681 4.2998524718952469 3.3497349783208676 -0.36375685264402369 146 180 182 0.22917319335914194 6 7925 7 7454 8 7286 9 6938 10 6634 1 5558 11 6827
682 4.2412443417492911 3.3761899345242066 -0.41270687406289752 174 208 209 0.443427692801944 6 7926 7 7455 8 7287 9 6939 10 6632 1 5556 11 6823
683 3.8796325491367503 3.5719675072065495 -0.70398152523231294 189 218 216 0.3337152807459523 6 7948 7 7464 8 7290 9 6941 10 6625 11 6804
684 3.8167480736460457 3.6165964995559414 -0.76230920205622732 198 223 220 0.27196403133115526 6 7955 7 7465 9 6942 10 6626 1 5552
685 2.3929567167835519 2.8976923071671656 0.91056191021535227 94 74 0 1.5508748478186511 6 8105 7 7583
686 3.0678006374121884 1.4686783605582343 3.1519925972515757 216 225 162 1.8181492978117459 6 8000 7 7598 8 7470
687 2.1482228482334018 2.4479594627316472 1.5768616000247719 213 231 123 0.97269798025477172 7 7622 8 7447 9 7115 10 6805 1 5772
688 1.1287659705952531 2.1537791015603194 1.3694018233082113 63 67 79 0.83852677872259951 6 8153 7 7654 8 7480 9 7131 10 7626
689 1.9422968740035831 1.6284876973010676 2.872120626480978 48 59 25 2.1317490359791571 6 6561 7 7703 8 7555 9 7263 10 7758 1 6006
690 1.2854002700789871 1.1194796539658389 3.6922342150612981 141 120 72 0.34637455826684826 6 6643 8 8519
691 -0.49297378801481345 3.835753078324549 -0.23388218289668419 85 99 95 1.7024559992754806 6 9412 7 7909 8 6304 9 4035 10 3792
692 -0.64626523991677454 3.7459548970545047 -0.12857178590514645 241 244 229 0.7598061646017068 7 7937 8 7655 9 7234 10 6823
693 0.2553741797071763 1.5327288359313851 3.1243242830674975 216 208 154 2.0045483680233285 6 6868 7 7968 8 8609 1 7458
694 -0.50037922247562605 2.0597944465675551 2.3952712150307933 122 102 70 0.51356877503568799 7 8081 8 6741 9 6526 9 7587 10 6296 1 4414
695 -0.67026558959136884 2.0883208806447575 2.373227313017928 109 93 59 1.1639654169933589 6 7234 7 8119 8 8689
696 5.3935496747633485 3.2421502289299089 -1.267488213001962 96 125 144 1.4536793602439828 6 8893 7 8346 8 8168 9 7808 1 7861
697 0.62631380963026417 3.8990664126087484 -0.30927619214569962 255 255 252 0.83495980674205938 6 10180 7 8583 8 8362 9 7957 1 5704
698 1.0768512242204507 1.6926191520294445 2.8294114981493919 177 162 132 0.6764857161391391 6 8203 7 8631 8 8478
699 0.44934105924277773 1.407424742786656 3.283790198397686 238 235 218 1.2532838198583838 8 9127 9 9125 10 8962 1 8869 14 7472 15 7290
700 0.30993259516257632 1.4840600926427139 3.1102923953745774 77 78 75 1.7260310686718394 6 6825 7 8734 9 8769
701 0.21339081252936956 1.4724095022444543 3.1935792904509435 236 235 203 1.4575991734987956 6 6875 7 8755 8 8621
702 0.20777644205282944 1.3705235293506037 3.3419615112950343 78 71 38 1.2903795676557215 6 8314 7 8760 8 9161 9 8806
703 -0.34369685704016401 1.930875330626916 2.4957504283715304 189 160 118 0.64123616369488667 7 8801 8 8640 9 8776
704 -0.32630957094729812 1.9112571471059632 2.6081108598364025 252 248 234 1.4533911485212117 6 9270 7 8806 8 8655 9 8789 10 8428
705 -0.32768763940243129 1.7685437424379189 2.7998304767989914 79 80 53 0.89618573454000572 6 8419 7 8819 8 8673 9 8809
706 -0.35271869149027363 1.6168922913442791 3.0225145453184949 164 159 136 0.49862445812108724 6 8413 7 8846 8 7920 9 8372
707 -0.92207754566275379 2.0522077579138243 2.4018197421389562 230 237 197 2.461997703632723 6 9341 7 8913 8 8724 9 8835
708 -0.66988244182128476 1.4697014562724873 3.2525439594171752 64 68 67 0.70311790070401725 6 8457 7 8917 8 8794
709 6.5731053399544628 3.1707200790106636 -0.03499170164446732 55 75 102 1.0355529742789531 6 9564 7 9027 8 8872 9 8455 10 8512
710 6.7801666078424656 3.0940724088242808 0.20616405520988818 18 37 70 1.4270646026157663 6 9566 7 9029 8 8876 9 8460 1 8610
711 6.6554572496901647 3.1821541595539746 0.077606232831350305 17 36 76 2.2238263316484344 6 10028 7 9032 8 9292 9 8891 10 8517 1 9065
712 2.764544730594698 3.2717920447980724 0.11289226821311341 91 149 125 1.8185597811022824 6 9643 7 9072 8 8252 10 7496 1 7020
713 1.4673111302432873 3.7813880861082221 -0.34821155681043281 213 255 179 2.1003910522772133 6 10126 7 9119 8 8939
714 2.4101411249395048 1.7244676851054856 2.6555465198374404 72 76 69 1.3675468546739225 6 9029 7 9130 8 8979 9 8986 10 8867 1 8719
715 0.44154100042069694 2.4850890636179646 1.018539540542863 48 39 42 0.60691882046301016 6 10135 7 9182 8 8394
716 0.34742728533924094 2.2683049006423324 1.1915402000913047 41 32 35 1.8366092419429936 3 10139 7 9187 8 8407 9 8020 2 9357 18 8888 17 7811
717 0.41349100335145389 2.6460684231273985 0.95794938136048657 35 29 31 0.85852169265862566 4 10435 7 9192 8 8410 9 8605
718 0.30013984276593536 2.5682100083632848 1.0796776383508824 40 29 35 0.77913288226333821 3 10509 7 9209 2 9977
719 0.21356267346321492 2.3405096916013162 1.2466756515922641 54 40 40 1.6639109279234734 3 10146 7 9214 8 8428 9 8045 2 9368 18 8015
720 0.0031026801268652839 2.0311385593178559 1.5376424456991344 71 51 51 1.061956380601166 3 9505 7 9235 8 8454 2 8453 18 6648
721 0.60150157272474503 1.2854180534878299 3.4368535071805262 149 179 85 0.51200221037876892 6 9123 7 9265 8 9117 9 8771
722 -0.59914196691637722 3.6133817855022836 0.081574684743672368 217 212 142 1.0358161103398695 6 10248 7 9279 18 9529
723 0.33607485033509199 1.5315442798498295 3.0518388739307301 77 69 66 0.86882721171374422 6 9748 7 9284 8 9122 9 8763
724 0.2002374155040742 1.4462236295436881 3.2445823205242141 197 188 155 1.8863185821967223 6 8330 7 9303 8 9151
725 0.21367119766613482 1.2673357555002558 3.4845267667648332 207 207 183 1.7832634073297373 6 9155 7 9305 8 9486 9 9367
726 -1.0212509602722304 3.2880903725456614 0.45813340415019033 201 204 109 1.9211884968257193 6 10287 7 9326 8 9090 9 8671
727 -0.42442100111270786 1.9542276895117283 2.5825604245452909 240 245 202 0.0284794598606164 7 9352 10 8434
728 -0.36591350409778106 1.5584963034018702 3.1154965040944171 247 248 235 2.583679417513848 6 9263 7 9362 8 9202 9 8841 12 7300 13 7270
729 -0.33118216925839539 1.3748908214640807 3.3771066923223638 201 195 163 0.63259684177084408 6 9244 7 9370 8 9220
730 -0.79103506813395086 1.9706107245591069 2.5291158656924293 194 180 160 0.80362391548852941 6 9318 7 9394 8 8716 9 8362
731 5.8170757963967041 2.7596839426552453 -0.98557961630705715 90 116 131 0.51586920094037003 6 10309 7 9461 8 9274
732 2.3808839756447999 2.4093647567514571 1.6082844754270524 189 196 122 1.9380504255682591 6 9653 7 9537 8 9644
733 1.1622561083026088 1.7286704589481328 2.762380096652882 226 224 174 1.4094098420850689 7 9600 8 9694 9 9292 10 9047 1 9182
734 0.19494512647976134 2.4982589267812232 1.177836366891776 30 21 24 1.3252498531811843 3 10497 7 9609 2 9964 18 8920
735 1.0302029410570863 1.2063274566243312 3.558365487763 218 220 199 1.5912715292420418 6 9093 7 9619 8 9707
736 -0.37996079221033224 3.7024203958206949 -0.064897540853473434 138 124 51 0.75221021682680878 6 10443 7 9634 8 9038
737 0.28512316910465046 1.3231027892748417 3.4242586179058878 246 249 222 1.116949393316041 6 9147 7 9672 8 9485
738 -0.38275155182583687 1.8881088455541333 2.6526899487939799 250 252 248 0.90927341949908813 6 10189 7 9698 8 9498
739 -0.38275155182583687 1.8881088455541333 2.6526899487939799 250 252 248 0.90927341949908813 6 10190 7 9699 8 9497
740 -0.42451914208617847 1.9790845046728749 2.5228991702289334 249 252 219 1.7027832735075048 6 10196 7 9700 8 9494 9 9143 10 8732 11 8542
741 -0.53648951762324593 2.066285709356166 2.3913931229701131 189 193 153 1.5916140843539694 6 9835 7 9703 8 9496 9 9140
742 -0.38564341108832706 1.6432283274175605 2.9993496357300056 232 232 224 1.9086939285829401 6 9799 7 9710 8 9519 9 9375
743 -0.53961202128727026 1.5315438121250484 3.1433795040847516 32 39 9 1.0248328429370164 7 9726 8 9541 1 8920
744 5.4402009562210214 3.0877775418453028 -1.4231796109882688 145 181 203 1.2305068130225594 6 10493 7 9763 9 9183 10 8761 1 9038
745 5.5839654534385081 3.0304826495994952 -1.0710751100611098 101 122 141 0.90029876230808981 6 10314 7 9766 8 9584 9 9187 10 8770 1 9045
746 5.0406100350279877 3.2429842665376145 -1.4597795710165042 100 109 131 1.8571226121729352 7 9767 8 9585 9 9186 10 8767 1 9041 11 9175
747 4.1704249478530411 2.3010728434982979 1.2885721849224392 90 145 122 1.0954051851421647 7 9791 8 9611
748 2.4623463527802021 3.3046226166550632 0.3168932362645186 155 192 90 1.1339222341260191 6 10538 7 9811
749 0.51444666081309698 2.3550565297927291 1.00804863907728 37 26 24 1.77107960684569 3 10735 7 9835 8 9660 9 9251 2 10560
750 0.15195742478497076 2.2948309479654321 1.3021012952353501 98 69 65 1.973907301579364 3 10477 7 9856 2 10317
751 -0.00072019954936038404 2.1200887295593147 1.49013983984234 90 69 58 0.88811705997992174 7 9864 8 9425 9 9031 10 8263
752 0.092956686668349414 2.5192948144809244 1.2280622016040692 108 74 58 0.6282244875541142 3 10750 7 9867 2 10565
753 -0.28738629127601234 3.6748624802283576 0.012531220887641002 215 219 197 1.1291420421606977 6 10595 7 9873 8 9415 9 9003 10 8198 1 8043
754 -0.044926062391703998 1.3621702354547565 3.3721586910436478 255 255 255 0.88267826619289258 6 9765 7 9901 8 9741 9 9489 11 9124
756 -0.45578953625770346 1.7160682834019381 2.8848581991576978 204 190 158 1.7148622600885612 6 10187 7 9915 8 9750 9 9486
757 -0.66133379052668673 2.1350089901805434 2.2985399977803773 54 66 45 1.1981291247398549 8 9737 9 9352 10 8946
758 -0.66163800619203561 2.131729059986613 2.2971988919743707 54 66 45 2.3287563965703137 6 10428 7 9918 8 9738 9 9353 10 8947
759 -0.54469189348590297 1.7087700511547816 2.888098323141298 135 125 92 1.695326615385494 7 9919 8 9756 9 9491
760 0.072873164249286027 2.2612679491685053 1.3798430131402861 50 36 36 1.8219218907471819 3 10729 5 10821 7 10013 8 9689 9 9279 1 8709 2 10557
761 -0.59125619865253487 2.1776998437455575 2.2523238062710935 232 228 180 0.82880438634944886 6 10583 7 10037 8 9875
762 4.4188269836879082 3.3240869526742047 -0.21633688362864389 151 186 190 0.41412697979782565 6 10691 7 10058
763 1.7376195230843066 3.7405048598523338 -0.74652748873677988 113 174 141 0.79092789101307637 6 10759 8 9956
764 -1.2800855539267992 2.4534308492724088 1.8148608738015173 52 60 40 1.1241470117485957 6 10746 7 10199
765 0.10121171479193589 2.2712136210130121 1.3551123552221207 45 31 31 1.6650500758866147 3 10138 7 9227
766 4.2214151886652811 3.5102617234568756 -2.5952675919845469 114 154 180 0.26802631323925125 7 3448 8 20 9 24
767 4.54172007092515 3.6044920048809708 -2.0838294701935527 111 137 162 1.7166700536229051 7 3518 8 125 9 97 11 388
768 4.2652790918301093 3.6736950956539589 -2.1499985196117515 21 31 50 0.13457044648246355 7 3543 8 136 9 118 10 116 11 389
769 4.5183900985558827 3.5520871067369617 -1.9131852603154997 80 104 130 0.30769014720497279 7 187 8 140 9 128 10 133 11 421
770 4.0928475180106982 3.7795582439070388 -2.301702625152934 12 23 49 0.52252875669300414 7 3547 8 141 9 3265 10 3160 1 317 11 376
771 3.4387660282898507 4.1670303176457839 -2.8898364094230526 141 177 203 0.56479288465750421 7 3565 8 146 9 120
772 3.7023663765970398 4.0109110168596329 -2.6202934731121528 81 109 137 0.26823758263377501 7 213 8 147 9 127 10 109
773 3.4658255045425257 4.1731742955427809 -2.8070668279687885 126 152 179 0.38694032623007302 7 247 8 166 9 137 10 115
774 3.3430140173882483 4.2578763204259475 -2.9099238221408248 143 174 195 1.0936889378885746 7 3581 8 175 9 143 10 117 1 323
775 4.9077442452471312 3.6984300121502378 -1.7438245121972851 7 33 70 0.23873273801875858 7 232 8 181 9 3302
776 4.8663257936822655 1.3472624936493229 1.2711080530817902 57 79 56 0.7620728273720756 7 245 9 233
777 4.1941996414453078 4.2439771513788234 -2.2091479800544791 33 38 49 0.81600901710757956 7 324 8 254 9 196 10 225
778 4.1941996414453078 4.2439771513788234 -2.2091479800544791 33 38 49 0.81600901710757956 7 325 8 255 9 197 10 226
779 6.5937247108482939 3.0990328718423172 -0.049512134719859997 56 74 98 0.95938603389365174 6 386 8 268 9 238
780 4.2176542530196954 4.2673189210071305 -2.1632767236393149 90 120 147 0.15382636809040476 7 335 8 269 9 207 10 236
781 4.2185089244447971 4.300671320041527 -2.1401404009509526 87 114 143 0.17655372317114287 7 343 8 279 9 213 10 248
782 3.8188553912398149 4.484149702895583 -2.4840206083279819 80 112 135 0.59846921346855864 7 349 8 280 9 210
783 6.9935457560583911 2.9469135068865731 0.46136983678645876 35 50 69 0.81940153434894947 7 310 8 296 9 272
784 6.472591587475689 3.2902751937180357 0.025999694806803031 60 87 116 0.41927531280762564 7 339 8 316 9 282 10 353
785 7.4250774952810721 1.7063115903126309 2.2019537817462309 129 161 156 0.29295783328667185 7 313 8 330 9 3435
786 4.7971987347129197 2.9641088622797369 -0.056350428675828915 24 37 27 0.42989180302005059 7 373 8 345 9 297 10 3334 1 534
787 4.7970047001155596 2.9645540678618785 -0.055945984657123568 24 37 27 0.37277986064698254 7 372 8 346 9 298
788 3.4603857307864563 3.8671297926225603 -1.5403344399439016 22 34 46 0.22436499204501203 7 415 8 351 10 318 11 507
789 2.9113934715506717 5.2247988955358444 -3.1057980103498086 79 107 131 0.49325428968699669 7 3707 8 386 10 282
790 4.7793173052419213 3.0678135832629478 0.03260477311448106 30 46 58 0.68770074448946328 5 1045 8 396 9 334 10 401 1 560 11 3589
791 4.3165820102045069 3.3019912875826822 -0.37609138635550116 93 112 126 1.2312333987978246 7 440 8 400 9 326 10 383 1 546 11 6816
792 3.8763218002484372 3.6461999485918124 -0.68408184463695054 187 208 208 0.30061612487772971 6 4003 8 433 9 377 10 403 11 639
793 2.4498928109200921 4.3656518061701064 -1.9147067454246938 56 76 92 0.48542700194776378 7 3757 8 448 9 365
794 2.7851298930322108 2.9320923041055198 -0.17698580770341665 127 180 154 0.88635359143379555 7 537 8 460 9 408 10 449 11 651
795 2.6682091731534583 3.021156122231766 -0.32368187428716372 118 116 111 0.18086088621666807 7 545 8 462 9 404
796 2.2272246034013401 4.5892198467535144 -2.0118440068198713 181 197 194 0.47338657486041241 7 3790 8 473 9 400 10 380 12 803
797 2.2272246034013401 4.5892198467535144 -2.0118440068198713 181 197 194 0.47338657486041241 7 3789 8 474 9 401 10 379 12 802
798 4.2831722882128913 1.4815574372063802 3.0570307727506996 235 228 179 0.42850427024916343 7 691 8 640 9 3727
799 2.3887071379998246 2.7642173904040037 1.1052458280460895 74 70 43 0.52263266942403119 7 876 8 741 9 3713
800 2.4051292840523275 2.3700725113096546 1.5437484651733364 204 224 125 0.18385917525397599 7 874 8 768 9 3763
801 2.4051292840523275 2.3700725113096546 1.5437484651733364 204 224 125 0.18385917525397599 7 873 8 769 9 3764
802 3.1866658357087805 1.8817035046646691 2.503452142307431 89 86 41 0.57564657328660795 7 830 8 789 9 884 10 3868
803 2.155277670066563 2.5011957060813961 1.4989837798548764 212 192 100 0.87631569684512789 7 976 8 869 9 3838 10 3769 1 968
804 2.0552565434015921 2.3883368096795081 1.6948524366018973 102 99 54 1.133408712088662 7 1038 8 923 9 3878 10 3835 1 1044
805 2.3297245533613813 1.9647336198748739 2.3464031132549965 244 246 184 0.85565415474906814 8 968 9 3957 10 3977
806 1.1036444590111341 2.1683620135974424 1.3868300646388048 119 123 137 0.43168219934934521 7 1130 8 977 9 1003 10 3824 1 976 11 1180
807 2.6033149926654402 1.6170855808567404 2.8966477338656449 103 92 34 0.97927738359751471 7 1022 8 1004 9 4009 10 5829 1 1313
808 0.78390537591404008 2.913153674716789 0.6008604195427385 25 29 40 0.48923408985361216 7 1238 8 1010 9 945 10 949
809 0.58357645948514636 2.3330395526034788 1.0073926241625033 255 244 221 1.2992162087903558 7 1224 8 1033 9 3907 10 3794 1 941
810 0.54615921780511079 2.3304236732806811 1.01839499975401 82 50 42 0.20794877178050231 7 4257 8 1047 9 1032
811 1.6856633022116256 2.2804006950128142 1.869961042004078 230 219 133 0.98270626488967083 7 1180 8 1058 9 3980
812 0.47852355328447466 2.2714061606032221 1.0898187815131999 125 81 73 0.54973810327851724 7 1285 8 1085 9 3959
813 1.5380109342173955 2.2207286400156532 2.0148356438199371 196 196 135 0.653747965465447 7 1262 8 1158 9 1220 10 1405
814 0.76202959106965051 1.9284913739628331 1.7039945202847548 126 139 158 0.46981187118228895 7 1295 8 1167 9 1202 10 3993 1 1131
815 1.9909395482209071 1.5961344771754482 2.9147057807845682 83 80 68 0.1785789665730281 7 1210 8 1201 9 4134
816 1.441135730508053 2.1759870853711356 2.0701870553736583 57 54 29 1.3656361740454059 7 4296 8 1216 9 4072 10 1464
817 0.73383407833673897 1.9787658155454373 1.7782587851664742 184 184 194 0.25730621027953954 7 1367 8 1268 9 4080 10 1426
818 1.3372727210242865 2.2132195326814315 2.0389380055027613 183 185 131 0.87151765891590283 7 1337 8 1272 9 1307 1 1298
819 1.8381935006019865 1.5815860759695612 2.9449995317888926 212 210 151 0.39605654372558496 7 1270 8 1294 9 4183
820 0.21032217362937866 2.1947941596067881 1.3184729089590765 41 31 31 0.80315137379652646 7 4458 8 1333 9 1287
821 0.69386377592094284 2.0051481672617433 1.8387885607148291 34 33 41 1.1961233599811374 7 1452 8 1339 9 1363 10 4107
822 0.23824529585452553 2.3997408853991264 1.2015434948326342 30 24 28 0.86884344870027863 7 4478 8 1354 9 1278
823 0.18560210112674846 2.1970728688802792 1.3287677709197374 233 169 155 0.32106403766723329 7 4472 8 1366 9 1301
824 0.16945574759919785 2.2530290570531131 1.3059938442343371 74 60 60 0.30485560481869262 7 4497 8 1389 9 1322 10 1347
825 0.1599442196221188 2.2248893557132319 1.3235900356795731 126 89 73 0.53818576214810365 7 4491 8 1391 9 1330
826 0.15217126916216814 2.1830005399031869 1.3559486309013569 158 117 99 0.1842084264010331 7 4489 8 1394 9 1336
827 1.8174933998365719 1.3932970514513363 3.2756003023979812 255 255 233 0.98422269218678793 7 1329 8 1419 9 4281 10 7110
828 1.8185596569048657 1.3938351823739263 3.2760980485541786 255 255 233 0.88762917109375383 7 1330 8 1420 9 4282 10 7111 1 4206
829 0.11866229372113657 2.1341163489873209 1.4053374603606437 31 23 24 0.2598524190113658 7 4509 8 1423 9 1369
830 0.12401737568650771 2.2214896382877765 1.3487605890661778 164 121 102 0.37322853203135686 7 4515 8 1426 9 1364
831 0.11919702049143556 2.3266419723991918 1.3145119530163059 58 41 41 0.46361757591310421 7 4559 8 1460 9 1381
832 0.067230894333773203 2.1743554667562615 1.4078858081700631 130 98 89 0.53059080286517357 7 4558 8 1471 9 1414
833 1.6921403621837288 1.3559282145277203 3.3265876225503388 134 119 72 0.21860362870841477 7 1401 8 1492 9 4340
834 1.5678941877678731 1.4002954313294926 3.2532441734507795 239 238 210 0.68213044488937402 7 1451 8 1525 9 1766 10 4540
835 0.066364227815889368 2.5168273070961362 1.246082548250357 119 96 90 0.090678990266542567 7 4639 8 1531 9 1439
836 1.4545247933736143 1.4487198701826258 3.1541243876448455 99 88 39 0.77480391396159998 7 1496 9 4365 10 6085
837 0.40572570166707056 1.7422619948458493 2.1000267388721041 34 37 49 0.31582997245554117 7 1645 8 1541 9 1635
838 0.028619443028745851 2.4196004091771459 1.3250048389098024 72 47 48 0.85975735870292536 7 4654 8 1551 9 1482
839 1.3782103351939923 1.4567858293596425 3.1524669594815076 254 248 213 0.61694430358324714 7 1544 8 1584 9 4389
840 -0.028782785060168879 2.2959950949427488 1.4170416150418681 44 29 28 0.6132794813816409 7 4677 8 1590 9 1534
841 -0.088646183411751428 1.9815626933563057 1.6212990362463693 213 147 121 0.31983045656221115 7 1813 8 1614 9 1624
842 -0.087679932107651792 2.0907690907303946 1.5513135823096602 233 156 131 0.9010086136771408 7 4683 8 1625 9 1604 10 1612
843 -0.071109098698092607 2.1975295329908491 1.4965525454711226 160 122 106 0.59863771123018494 7 4702 8 1632 9 1588
844 -0.071109098698092607 2.1975295329908491 1.4965525454711226 160 122 106 0.59863771123018494 7 4703 8 1633 9 1589
845 -0.085059058020187053 2.2144628183137698 1.4958629384278286 129 87 74 0.2453669116652768 7 4717 8 1648 9 1612
846 -0.085059058020187053 2.2144628183137698 1.4958629384278286 129 87 74 0.2453669116652768 7 4716 8 1649 9 1613
847 0.34400742149555552 1.7606905810455724 2.2083142431442946 152 149 156 0.35233649863352201 7 1762 8 1677 9 4357
848 1.0519989536025849 1.5934066494340959 2.9591608987946878 158 160 97 1.0463815085486219 7 1684 8 1697 9 4441 10 4562
849 -0.84456438215690732 3.2561654884663858 0.22320881363430689 97 100 107 0.39013330453733058 7 2146 8 1712 9 1426
850 0.93694818489109977 1.6501059705135803 2.8484992214780651 46 41 38 0.30642466180593292 7 1718 8 1716 9 1876
851 -0.14388985369488508 2.3049536117673353 1.4943263682830725 132 103 89 0.39824656054484125 7 4777 8 1732 9 1677
852 -0.14388985369488508 2.3049536117673353 1.4943263682830725 132 103 89 0.39824656054484125 7 4778 8 1733 9 1676
853 1.0260884300378093 1.4969070740169454 3.1089295451712911 66 80 47 0.72276216591942188 7 4590 8 1764 9 6268 10 7187
854 0.085542976984836622 1.4891655281201854 2.3366538057401769 70 75 81 0.26010433386746118 7 1843 8 1789 9 4468 10 4488 1 1570
855 -0.21342944739111233 2.3605027439420359 1.509418297476969 118 90 78 0.38854752292663303 7 4832 8 1804 9 1744
856 -0.24151019160356682 2.3054386795856923 1.5557930759778489 32 23 21 0.14773475584475296 7 4851 8 1826 9 1780
857 0.90083017907781082 1.4003402431595424 3.2247650093982934 149 132 98 0.34961656674449793 7 1815 8 1867 9 4614
858 0.28497759569145764 2.2808193139063935 2.1073048607557783 219 214 192 0.30387138996032848 7 1981 8 1869 9 4456
859 -0.318008398294999 2.2596609582186393 1.6245638489818417 134 105 92 0.11643269580699893 7 4906 8 1899 9 1854
860 0.84021614043018755 1.414882206028159 3.2461964407605253 170 164 140 0.64450597681514965 7 1856 8 1916 9 2171 10 4801
861 0.038439778035364774 2.3012266462097748 1.9803149250165257 91 88 98 0.62606346080359165 7 2072 8 1926 9 4501 10 4403 1 1610
862 -0.087281391360401042 2.3603691604040806 1.8891282358506087 98 96 109 0.34192915891713022 7 2135 8 1976 9 4513 10 4393 1 1607
863 0.064712914058820403 2.2893154601247088 2.0818965855048375 246 240 226 0.19628367246265543 7 2104 8 1981 9 1982
864 0.10996087713481102 2.236012353313813 2.1718275640326894 109 109 118 0.21070406904132402 7 2102 8 1984 9 4560
865 0.4711965249476836 1.6408493866409213 2.9041258732827155 215 185 76 0.88456648265508997 7 1992 8 2002 9 4667 10 6220
866 0.52478639490669476 1.5362322667341222 3.0262537422957534 190 171 124 0.40736609755654352 7 1969 8 2016 9 4688 10 6271 1 4377
867 0.62108973682532287 1.2925767940291641 3.4155998512409198 250 245 207 0.97232809232362571 7 2005 8 2126 9 4828 10 6427
868 -0.387252642250908 2.5351780299439275 1.7656881285247015 110 109 115 0.31313714538515841 7 2350 8 2160 9 2102
869 0.40811101257940513 1.3438837599889215 3.3488754879686344 209 216 174 0.62352673849805318 7 2127 8 2243 9 4891
870 -1.5781569218553864 3.5771323647181776 0.14101431894487107 200 232 169 0.71443672711425332 7 2925 8 2259 9 1881
871 -0.33431018139139551 2.0200726956715189 2.2575147298996203 201 199 202 0.57392598790727289 7 2354 8 2264 9 2318 10 4670
872 0.11123005609750614 1.6167877995400552 3.0021612080406568 109 94 63 0.42724507777730886 7 5013 8 2328 9 2533
873 0.050701494301647679 1.6712979397313117 2.9416677887003568 192 194 145 0.2507561157557513 7 2292 8 2339 9 2543 10 2863
874 -0.15475917370550127 1.839975328463783 2.7062910727922809 204 200 154 0.68818945937128018 7 2391 8 2383 9 2529 10 4889
875 -0.70987437058720804 2.1459172436299845 1.9869875818635592 66 82 97 1.3903357718320728 7 2581 8 2392 9 4794 10 4641 1 1784
876 -0.38411503411036019 2.0900364447785487 2.366294297538158 48 53 47 1.2520342478858026 7 2491 8 2405 9 4845 10 4754
877 -0.89646021943114618 2.151419887326246 1.8065906796551472 21 21 29 0.87162059238298395 7 2650 8 2411 9 2367 10 2323 1 1720
878 0.27501527748281751 1.2697911826371229 3.4966447882081897 250 248 240 1.0541712880497975 7 2249 8 2422 9 5052
879 -0.8673087225532311 2.172503457399698 1.8407724270154311 75 87 99 0.7926961000808157 7 2655 8 2426 9 2386 10 2346
880 -0.12407973328152092 1.6966556535944164 2.8913745312797392 197 200 127 0.32872275820462699 7 2408 8 2447 9 2635
881 0.24045727107159753 1.2272749391409317 3.5306975262966924 53 50 34 1.5554450914275464 7 2280 8 2460 9 5091
882 -0.95467622626354298 2.2007939471082283 1.783271429358019 26 36 48 0.59628536116563302 7 2723 8 2466 9 2408 10 2341
883 -0.66377027990024917 2.2443553809928485 2.1050972846331226 19 21 22 0.40226259731098346 7 2670 8 2497 9 2482 10 2512
884 -0.30365634513391843 1.837303884746617 2.706915692292434 163 157 122 1.1192070287074787 7 2512 8 2505 9 4963 10 4951
885 -0.09608869465974991 1.3520965894413353 3.3925091234058242 111 96 69 0.60796768591546568 7 2533 8 2690 9 3061
886 -0.23218134219154787 1.4947550101907878 3.2055687407906301 206 202 180 0.30022882765984921 7 2607 8 2710 9 3028
887 -0.18121177013267165 1.3826474864792819 3.3576855936406358 233 228 198 0.85545846434999218 7 2603 8 2737 9 3121
888 -0.21511410253001498 1.3627307582071344 3.3903589181018026 104 85 85 1.5101551164961766 7 2657 8 2786 12 4523
889 -0.39290846388684997 1.5419971843380103 3.1299864662825425 62 58 54 0.25051102717047025 7 2752 8 2803 9 3122
890 -0.616587064731552 1.7289915077240485 2.8546606630647915 216 227 169 1.4251866695456119 7 2883 8 2843 9 3084
891 -1.1798987100987877 2.2029857896586882 2.2131613774245089 242 246 209 0.84269881145083703 7 5646 8 3048 9 5232
892 -1.2061694605638307 2.2180935937554245 2.202158660448172 227 223 188 1.4566858824432833 7 3317 8 3073 9 5241
893 4.2362082798761298 3.5615774487642553 -2.6320090836441352 79 117 146 0.56068557725525292 7 3451 8 3331 9 3201 10 3100 1 245 11 266
894 5.8294953737845665 2.5715560411259579 -0.94120849616654989 49 66 84 0.62402815894256136 7 3449 8 3338 9 5341 10 5118
895 5.2196081729074697 1.9109013284243219 0.098022078491577305 12 28 15 1.6153550650956341 7 3488 8 3383 10 5184
896 5.397885994504434 3.0307870169420692 -1.1633320729765519 109 141 162 0.98695425791592251 7 139 8 3392 9 117 1 352
897 5.0007856892947045 3.2635880886900317 -1.5094880792066507 69 82 101 0.44522195985974689 7 3516 8 3399 9 3263 10 3181 1 343 11 5366
898 5.1728229009438769 3.1700596176586 -1.3464951310376889 126 161 185 0.32798612221041762 7 3514 8 3402 9 3268 10 3187 1 353 11 3385
899 4.1590858211661264 3.711951417081107 -2.2624500584302578 117 147 174 1.2132684472683282 7 3534 8 3403 9 3253 10 3150 1 306 11 3316
900 4.8779707565549746 3.3589219075483707 -1.5909084187558771 117 145 169 0.40838163732574878 7 3531 8 3412 9 3276 1 355 11 3370
901 4.4999987351038122 3.580177228970606 -1.9134781613535035 131 167 191 0.44268479534481214 7 3546 8 3416 9 3280 10 3183 1 345 11 3350
902 3.8190741376022759 3.9445144619815449 -2.5231929594491533 99 125 157 0.34760295794349749 7 3555 8 3418 9 3271 10 3156 1 318
903 3.3279335106334864 4.2312750328529782 -2.9468030870592452 92 113 140 0.35603947011708514 7 3570 8 3426 9 3274 10 101 11 336
904 3.4957116213561976 4.1690205520001147 -2.7751363172277825 134 161 188 0.46391580433117269 7 5852 8 3433 9 3282 10 3167 1 3280 11 3307
905 5.0781505633489648 3.5914822051093584 -1.5837789779195199 31 60 99 1.1804024732826561 6 7847 7 5841 8 3440 9 3301 11 3401
906 5.0781505633489648 3.5914822051093584 -1.5837789779195199 31 60 99 1.1804024732826561 6 7848 7 5842 8 3441 9 3300 11 3402
907 3.0116530007399231 4.4723551343052854 -3.2091973640930163 142 172 196 0.55078049806603524 7 5863 8 3442 9 3287 10 3157 11 3276
908 2.9398690828489538 4.4973781351085291 -3.2504709403658656 135 163 185 0.37651482937518771 7 5866 8 3443 9 3288 10 3158 1 320
909 2.8643490595164565 4.5207113470978868 -3.2912561636778097 134 165 186 0.42027622003631199 7 3592 8 3444 9 3289 10 3153 1 315
910 3.5433540338041984 3.2644267620447365 -1.4796282507527969 32 63 101 0.95712141965762132 7 5865 8 3460 9 3317 10 3233 6 6247 1 412
911 7.7016548321801022 1.4993173325245897 2.4124499983664625 85 99 86 0.42391644162157305 7 3604 8 3521 9 5519
912 6.4400370971161882 3.3294444164577346 -0.014264758514673723 62 91 123 0.52576397105705741 7 3633 8 3536 9 3407 1 3468
913 7.2878663551190055 1.7458586963325555 2.1021814929966665 94 114 112 0.43291397076445359 7 3618 8 3542 9 5525
914 4.7799233204751648 2.9657145208462614 -0.087097696529588528 4 11 3 0.20668703200880648 7 3645 8 3563 9 3413
915 2.8950461235162845 4.1946130115653393 -2.0874430305557192 28 41 50 1.3272005875429911 7 5926 8 3570 9 3397
916 2.8926298605759415 4.1916745815944561 -2.0867612406188267 28 41 50 1.3920710230622049 7 5927 8 3571 9 3396 10 3281
917 2.9425690442813366 5.1989347305148934 -3.1048631147627455 34 43 60 1.0748441533141384 7 5946 8 3580 11 471 12 3252
918 4.8673347390985802 3.1027156757863015 0.12386644864983698 91 133 149 1.2306170325440533 5 6732 8 3598 9 3460 10 3359 11 3620
919 3.6718723046877324 3.7051672282928507 -0.86876447319355066 184 214 214 0.74333902994336576 6 6388 8 3611 1 3477
921 2.4896907471633307 4.3458992745322682 -1.8894012626711221 51 68 85 0.54358684005470903 7 5985 8 3631 9 3463 10 3330 1 531
922 2.3483253613592412 4.4079224713818554 -1.9892346526505928 64 89 109 0.38498184450182765 7 5992 8 3634 9 3466
923 3.398584297486948 2.709766974301024 0.40991708163823981 109 157 133 0.13325752639268021 7 3739 8 3646 9 3513 10 3389 11 3644
924 3.3986183842848576 2.7100529393800317 0.41001294573558084 109 157 133 0.2907428792246865 7 3738 8 3647 9 3514 10 3388 1 605 11 3645
925 2.1564368995945458 3.3064002720355128 -0.73818752862372805 253 254 254 0.34215430747354719 7 3771 8 3649 9 3497 10 3366 1 569
926 1.9894476809594632 3.3940191270370725 -0.85167184348141323 143 164 161 0.53364977499839827 7 6005 8 3653 9 3500 10 3367 1 570 11 3473
927 0.73120492064513332 4.0958834770595622 -1.8736639415751388 126 136 130 0.54876882904048829 7 6086 8 3697 9 427
928 3.075690973579372 2.5448426450610837 1.3791538834915451 82 80 41 1.0377336261946277 7 6079 8 3780 9 3640
929 2.5056979044214533 2.8664708223208297 0.88234635144050222 34 41 34 1.0180847937001876 7 6111 8 3807 9 3651 10 762
930 2.474488859011954 2.3009238446300317 1.4834149522854951 77 81 88 0.45060536479852137 7 3926 8 3822 9 3701
931 2.3340620847611198 2.8011032900685993 1.0508106521571159 224 230 140 2.0863083542491339 7 891 8 3850 9 5720
932 2.8151998296005716 2.2287748187321776 1.9111150065683418 215 231 143 0.4356620926494153 7 3956 8 3860 9 3782
933 3.4558107824181232 1.5063229861592762 2.9884866205598151 209 213 141 0.70098804194286091 7 803 8 3871 9 3857
934 2.5372898005951727 2.4168838959738301 1.6292611820576763 229 226 198 0.64540460544255929 7 3981 8 3874 9 5767 10 5594
935 1.1718237613195313 2.5560783785228365 0.73175270799229064 223 217 220 0.15316956226572023 7 4066 8 3903 9 3747
936 1.4715953522557579 2.461170033674358 1.0139285400495164 29 31 36 1.0537555921486346 7 972 8 3906 9 800
937 2.0466699893698865 2.6288730937537115 1.3280220392010982 50 55 18 1.9819311112367117 7 4065 8 3945 9 3831
938 1.359915188789903 2.6209248586139671 0.96082063487832825 190 186 186 1.4699107209262374 7 4112 8 3965 12 1476
939 2.717979175103566 1.7734062527533014 2.6315311321773893 95 115 44 1.3280631009730044 7 4023 8 3988 9 5879
940 2.4832355069659733 1.9795824012843819 2.3498161562632904 218 222 178 0.79634840253403694 7 4064 8 3998 9 3922
941 2.0648054676944292 2.3845035800607981 1.7260753824667332 175 172 102 0.75153972260850799 7 4097 8 3999 9 5849 10 5663 1 3819
942 2.0570631868086733 2.3607563162718574 1.776773771101009 228 212 119 1.2963860326081675 7 1065 8 4008 9 3895 1 3827
943 2.4703805576893902 1.6978913599679042 2.6525185513937188 235 234 189 1.0882166510705114 7 4067 8 4016 9 5905 10 5783 1 5897
944 0.69381420324145016 2.4930220325987773 0.84177643359330168 36 26 28 0.34167861421758561 7 6308 8 4022 9 3871
945 1.764335201294418 2.3808205767002479 1.715075688463515 253 253 252 0.29914852862092023 7 4169 8 4042 9 3943
946 2.8007417254918248 1.4097003832782973 3.2309388865508293 205 197 134 0.92561363674521979 7 1006 8 4044 9 5968
947 0.57028131504077417 2.3400820119514329 0.9879795304485316 47 12 8 0.2690304356376344 7 4236 8 4052 9 3902 10 3786
948 2.0834379452549219 1.8962352734355357 2.4322050480997466 215 208 128 1.7951953120345401 7 4156 8 4072 9 5942
949 2.0608160153801838 1.4938475444756991 2.8288284552285807 240 240 242 0.5379016575854203 7 4150 8 4097 9 4057
950 1.0373664187584632 2.2243434527375698 1.5268300964791417 214 213 219 0.81764439464437455 7 1242 8 4103 9 3982 10 5710 1 1081
951 2.4179826878038706 1.4270769511835715 3.1947290300819069 96 105 55 0.66964718045964711 7 1110 8 4112 9 4099
952 0.32274554812188772 2.2136258933972459 1.2272596361245625 218 150 128 0.6876820011708914 7 6401 8 4169 9 4028 2 5026 3 7285 18 4724 17 1934
953 0.33329366946248695 2.2487714214411794 1.2075274032824181 40 27 25 0.42445913575010602 7 6404 8 4174 9 4026
954 2.0558130836569153 1.5294843206244084 3.0607630997450945 204 216 133 1.4782793054269914 7 4226 9 4159 10 7030 1 4109
955 1.9151083900058063 1.6497990716492033 2.8568467285242942 238 226 135 0.64429503683837086 7 1230 8 4185 9 1382
956 1.9115464641040349 1.5859852490075981 2.9357266729978932 230 230 195 1.6668653738320187 7 4247 8 4190 9 4165 10 5940
957 2.1558914153608408 1.2887920445773897 3.4231079673349143 146 145 103 0.81202302227399481 7 1221 8 4211 9 4220 1 1622 11 6407
958 1.9209946900939472 1.4959229567212162 3.0904487842437756 237 232 213 0.96735717074836425 7 4266 8 4213 9 6094 10 7058 1 6052
959 1.2871100728275555 1.8327090293870323 2.3651738113018235 66 64 75 0.55033748525570947 7 4331 8 4220 9 4147
960 0.18661784442170939 2.0789067525466818 1.3825617296107127 98 55 46 0.97648406001691834 7 4445 8 4228 9 4083 10 3996 1 1123
961 2.0503140295461608 1.3425653590533086 3.3652236376810349 181 178 147 0.22371705219159099 7 4264 8 4231 9 6123
962 2.0503140295461608 1.3425653590533086 3.3652236376810349 181 178 147 0.22371705219159099 7 4265 8 4232 9 6124
963 1.7705481324410606 1.5509940907395121 3.0234180635575956 248 247 227 0.13177090277808642 7 4307 8 4240 9 4221
964 -0.47982108273198593 3.7024837899580261 -0.31595731205876026 115 122 130 1.2446299206470579 7 6583 8 4247 9 3984 10 966
965 0.090754262077852921 2.0125691421850194 1.4823128367774239 43 14 9 0.45400581703885912 7 4503 8 4274 9 4139 10 4075 1 1178
966 -0.23436731326330201 3.6706090567594423 -0.0097680291789908665 240 241 173 1.0874184131199682 7 4714 8 4277 9 1189
967 -0.48588916164232115 3.7811383040499909 -0.23752081413122875 94 134 54 1.1464248943131052 7 4765 8 4297 9 4031
968 0.56418890494365836 1.9222713545558832 1.9924876717887514 23 21 26 0.63670446272728887 7 6469 8 4305 9 6107
969 1.5575547005437778 1.5090384452544312 3.0866878702908562 244 237 228 0.8753017963094184 7 4383 8 4308 9 6163 10 7106 1 4194
970 0.41260980312655454 1.7259282491730823 2.0937731809686766 98 111 127 0.6606519863023359 7 4512 8 4347 10 5921
971 0.41260980312655454 1.7259282491730823 2.0937731809686766 98 111 127 0.6606519863023359 7 4513 8 4348 10 5922
972 1.2220314607689384 1.6979398339197895 2.8090417038255802 110 112 98 0.86105643975041757 7 4468 8 4365 9 6175
973 1.2220314607689384 1.6979398339197895 2.8090417038255802 110 112 98 0.86105643975041757 7 4469 8 4366 9 6176
974 0.38930998831554375 1.7595420458269242 2.1274446919394014 28 28 39 0.54791421228719583 7 4557 8 4387 9 4287
975 -0.016879871124475799 2.2693045649075696 1.4352793235173031 140 89 67 1.2398626621795628 7 6565 8 4391 9 4216 10 1536
976 1.047464713483673 1.721339507644821 2.7795241947644018 139 129 94 0.57262642331706637 7 4528 8 4419 9 6202 10 6050 1 4205 11 6125
977 0.94056450275138059 1.8023846951181357 2.659509133603168 231 231 186 0.71110350669002198 7 4563 8 4436 9 6200
978 0.93930703393809678 1.8014768276381175 2.6587635714614888 231 231 186 0.63284555253318209 7 4562 8 4437 9 6201 10 7093
979 -0.27216250598710862 3.0219087891063827 0.79895670541454233 38 47 22 2.7626664658715883 7 6644 8 4441 10 1378
980 1.0611819236938931 1.4066675071961539 3.2091670626699891 44 48 31 1.025843554806255 7 1713 8 4503 9 6281 10 7201 1 6180
981 1.053125348880195 1.3963794263452292 3.2430958515181527 230 238 198 0.67444287358165622 7 1730 8 4525 9 4562
982 -0.021499847876105215 2.1653260588350007 1.8106236956860537 126 130 142 1.2951268150545761 7 4802 8 4532 9 4387 1 1471
983 -0.25399974891719501 2.222506632653023 1.6056575492174299 96 71 66 1.6246524714489361 7 6664 8 4545 9 1805 10 1806
984 -0.97791093353224368 3.6294926556544187 0.057358825106195749 249 248 231 0.23524355332119887 7 6811 8 4550 9 1528
985 -1.1616124581864415 3.3916535529550083 0.10631375965878288 101 104 112 0.24311903905424226 7 5093 8 4570 9 1570 10 1282
986 -1.1616124581864415 3.3916535529550083 0.10631375965878288 101 104 112 0.24311903905424226 7 5094 8 4571 9 1571 10 1283
987 0.86809894804943322 1.4330381534639536 3.2002951020088628 196 211 128 0.71184712338038081 7 4687 8 4574 9 6314 10 6238
988 -0.30511009590277333 2.2935212183683573 1.5973325266900262 222 144 120 0.73025944224484807 7 6713 8 4577 9 4420 10 1849
989 0.040455842045026495 2.2658701498878147 1.9503908654235771 118 118 130 2.2558900571268352 7 4863 8 4590 10 7067 1 6057
990 0.090319292908752194 2.2681183116017363 2.0118047021498082 116 111 118 0.93069087615795387 7 2044 8 4598 9 4488 10 6015 11 4253
991 0.20854457295849468 2.2381905927544232 2.1583095366628351 102 103 108 0.74684215855094938 7 6684 8 4606 10 6034 6 5007
992 0.51662332452291071 1.7276830670589411 2.7781255003570497 223 216 136 1.3595024137373573 7 4783 8 4615 9 4604 10 4652
993 0.018391163874192012 1.6662874819443798 2.3662968734994738 60 76 98 0.52441776843702048 7 4821 8 4616 9 4573 10 4557
994 0.1155114501677629 2.2622623293468687 2.0976781250717473 73 66 64 0.62407684583047063 7 2068 8 4622 9 4524
995 0.53360401815751635 1.6731269086181482 2.8658892353267027 85 85 41 1.7856475624310628 7 4788 8 4624 9 4630
996 0.084031870950842913 2.2797427383738462 2.0794235910838008 36 31 28 0.19307600504957828 7 4898 8 4629 9 4534 11 1684
997 -1.1743144685475859 3.461719764248365 0.1853212595570784 194 195 200 0.45089813635680664 7 5145 8 4630 9 4290 10 1361
998 -0.56958205767463033 2.833939569242812 1.1779718163734063 35 74 43 0.66870770711406557 7 5032 8 4647 9 1855
999 -0.058757221437971928 1.7146725428316414 2.3487811078756042 73 74 82 0.35752889612870431 7 2058 8 4651 9 4609 10 4583 1 4233
1000 0.66999286723500961 1.4134721833336399 3.2675513569276022 167 167 157 1.1780386925195032 7 1943 8 4668 9 4723 10 4900 1 2011
1001 0.049555870710587639 1.7520864404651022 2.480286212329156 52 57 62 1.6341146232262718 7 2083 8 4673 9 6331 1 6148
1002 0.29646934523255553 1.750312883336808 2.7934071544063968 175 176 102 0.74106584590010893 7 4900 8 4701 9 4700 10 6227
1003 -0.74082045384056272 2.2639110132835039 1.5125770132277521 210 208 209 0.15210871612485122 7 5069 8 4704 9 4554
1004 0.71934213874704989 1.2039594842803119 3.5685522638302856 120 128 111 0.90586336009246293 7 4812 8 4716 9 6470
1005 0.67941055755742152 1.2383193806712121 3.5141616554040693 85 71 56 0.44371760742817506 7 4823 8 4718 9 6459
1006 0.55977796436569327 1.3534032771825131 3.3403431033156221 70 68 38 0.75299402411595295 7 2026 8 4719 9 4825
1007 -1.3286186155964899 3.3371322254050928 0.38977916040445948 54 72 29 0.35890750987159575 7 6960 8 4737 9 4427
1008 0.16746912224919611 1.761945411037263 2.7913738955023342 186 202 141 0.8520771285953157 7 4967 8 4753 9 6405 10 7247
1009 -0.31398840923769006 2.0248098112519335 2.2484305712080332 171 166 170 0.83254099022997874 7 5062 8 4784 9 4719 10 4650
1010 -0.70009174206616209 1.988641060800197 1.8948608062302799 23 29 44 1.2696288267290206 7 2417 8 4789 9 2236
1011 -0.78463104490983071 2.0613386216003415 1.7992501528242819 243 242 247 0.66470548031334031 7 6877 8 4800 9 4695
1012 -0.36781336383465951 2.0295463407193131 2.2616705352329376 51 54 59 1.4348862653396248 7 5101 8 4813 9 4751 10 4685 11 1774 9 6409
1013 0.10891297305350355 1.6368926897518863 2.9593439369932524 63 52 32 1.1348762457274564 7 5010 8 4814 9 4861 10 6359 1 4470
1014 0.34381976607462378 1.3112329734609438 3.3900221572916007 213 211 127 0.59022971044724348 7 4962 8 4818 9 6562
1015 0.25366603009824273 1.4630502499067242 3.2199530474016336 75 67 58 1.1941643848645316 7 2208 8 4821 9 6532 10 6447 1 4545
1016 0.060106763054795773 1.6589515628296305 2.9318973583008754 12 3 0 0.49937129147713505 7 5025 8 4836 9 6504 1 2060
1017 -0.47427869569484232 2.0814676556974629 2.1705199956664005 224 221 222 0.32925436031982958 7 5129 8 4842 9 4768 10 4674
1018 -0.46119908866644177 2.076824421122093 2.1954395015629986 31 31 39 0.77536898289390443 7 2441 8 4847 9 6427 10 6184 1 4321 11 1747
1019 -0.15892680578963855 1.8577624730361317 2.6243045697433094 151 181 96 1.5611815664810909 7 5081 8 4848 9 4844
1020 -0.16050754053905592 1.8757473099514237 2.6147742993353451 97 88 72 0.8967938145550397 7 5082 8 4852 9 4841
1021 0.47369597465681057 1.1470280798394743 3.6601088129415307 186 187 176 0.27431711600977338 7 2160 8 4855 9 5010
1022 0.47369597465681057 1.1470280798394743 3.6601088129415307 186 187 176 0.27431711600977338 7 2161 8 4856 9 5011
1023 -0.68767091394541213 2.0992164073807649 1.9738972344121433 92 109 118 2.004388433087152 7 2520 8 4861 9 6402
1024 0.31806150511745962 1.2745130071568747 3.4760026304865224 184 190 152 0.22592602904365622 7 2215 8 4876 9 6608
1025 -1.6216310112922538 3.407986171054143 0.36935689546165718 165 189 133 0.73109158600645463 7 7110 8 4888 10 4191
1026 0.16760613097035465 1.388159047520813 3.2964277285662043 240 245 226 0.8964048497474536 7 2272 8 4896 9 4996
1027 0.28328163697183728 1.2679675024635841 3.4850604430503407 69 73 73 0.52296709232182081 7 2234 8 4900 9 5032
1028 -0.36628049841070132 2.0031263565020159 2.4301897863468587 46 48 35 2.5800079587967621 7 6880 8 4908 9 6485 10 6266
1029 0.14342158643109368 1.4067357900131261 3.2813314580603978 224 221 181 0.48190400367164576 7 2296 8 4914 9 6605
1030 -0.41753268232070273 2.0607811659802486 2.3741589357077366 80 102 71 0.29433342373418242 7 5166 8 4928 9 4855
1031 -0.47348218818280119 2.128641694783342 2.2948074103396761 162 149 117 2.1865027625222089 7 2549 8 4947
1032 -0.50036494046308266 2.1334730360802925 2.3072062732096836 37 36 34 0.5061205197499985 7 5207 8 4966 9 4869
1033 0.2355231732746815 1.2302636498313679 3.5501522992863133 246 244 232 0.5702149991674661 7 2302 8 4969 9 5110
1034 -0.64573030921244134 2.2344155827320216 2.1154814478656583 14 18 15 0.60717846216942717 7 2654 8 4974 9 4851 10 4704
1035 -0.036986606221330785 1.5282556298398651 3.1435901286762973 237 226 208 1.2764961469900784 7 2407 8 4986 9 7649
1036 -0.33140597429668311 1.8954822452373585 2.6423324657897482 173 147 136 0.85306106058145348 7 5170 8 4987 9 4948
1037 0.045954081685981259 1.389358018687886 3.3230409800285345 155 141 105 0.62361922209429799 7 5100 8 5000 9 6670
1038 -0.25671841470587842 1.7264871056731041 2.8777941135932119 226 223 192 0.56158448249598447 7 5172 8 5033 9 6619
1039 -0.083634975003798864 1.5056008102544385 3.1738286292749964 251 254 225 0.2614996568016536 7 5135 8 5036 9 6667
1040 -0.67602037217195954 2.1766210862422954 2.238456747225622 88 82 50 1.3385345035443617 7 5279 8 5046 9 6547
1041 -0.48323479881954939 1.8799414642544208 2.6489509061728729 222 225 182 1.5466190825400661 7 5252 8 5079 9 6626 10 6403
1042 -0.10081525371314658 1.4305528289016105 3.2924350935935172 246 239 217 0.66686771238965292 7 5162 8 5089 9 6722
1043 -0.10081525371314658 1.4305528289016105 3.2924350935935172 246 239 217 0.66686771238965292 7 5161 8 5090 9 6723
1044 -0.014574466462219894 1.3007085331977899 3.4667347529724823 211 211 185 0.43798225849978101 7 5150 8 5095 9 6749
1045 0.024550993807886959 1.2213508100295916 3.5576241236717152 209 208 176 0.81587865254431902 7 2462 8 5102 9 6768
1046 -0.32641682706595526 1.6411144224766405 2.9926196022509628 192 185 162 0.49227093964540997 7 2633 8 5126 9 5148
1047 -0.64156239821252647 2.0048279476922635 2.4816366309578837 68 76 41 0.91856624705180334 7 5310 8 5129 9 5034
1048 -0.050335805732067987 1.2660850184601369 3.5010607639199973 90 79 54 0.789057971613638 7 2516 8 5138 9 6781
1049 -1.7620872596107533 3.0979551836173393 0.7904340397594819 145 139 53 0.71512252964332601 7 7277 8 5158 9 4783
1050 -0.44058404927566391 1.6568550268494426 2.9626260753009754 189 184 126 0.88283570069907658 8 5192 9 5197 1 2308
1051 -1.5530661838402711 2.8188765678483616 1.2159444508169093 223 221 156 0.74234335838399912 7 7241 8 5199 9 4870 10 2238
1052 -1.5905159144832626 2.7486528499011849 1.3077937810672093 116 122 88 0.90270635318454318 7 5724 8 5264 9 2607
1053 -0.55699935565823522 1.6645982903024181 2.9595621181203007 237 234 227 0.69691553544498197 7 2857 8 5266 9 6784
1054 -1.2400702775575394 2.406940304746469 1.899000725333422 203 226 168 0.45735606171203363 7 5606 8 5288 9 5066
1055 -0.45768766831660884 1.4242779846793838 3.2854296915960575 121 130 79 1.6247446795771345 7 2866 8 5325 1 4867
1056 -0.88334080651543911 1.9256097114360902 2.585533207129354 32 17 9 0.51678153379023162 7 3076 8 5332 9 5262
1057 -0.98648647791313138 2.0000842877942899 2.4500404834629799 189 202 160 0.42565230141958249 7 5522 8 5346 9 6755
1058 -0.98648647791313138 2.0000842877942899 2.4500404834629799 189 202 160 0.42565230141958249 7 5523 8 5347 9 6756
1059 -0.95233730049910215 1.843975953780407 2.6790670236354037 196 198 122 0.49100887950632016 7 5555 8 5423 1 2351
1060 5.5227783688097922 2.9413331405953826 -1.0639320015825531 95 120 142 0.34869366513175271 7 5796 8 5621 9 5380 10 6520 1 5445
1061 5.321580182344773 3.0856364552411062 -1.231309815375689 97 126 147 0.39604578282815667 7 5800 8 5632 9 5386 10 5158 1 3300
1062 4.2871880201664547 3.6462856422327041 -2.1758967902421715 124 152 180 0.61859015582881538 7 5812 8 5633 9 5373 10 5126 1 3264 11 5333
1063 5.1252701404580385 3.2043871200840002 -1.3891098172602241 128 164 190 0.23292008267971706 7 5807 8 5638 9 5390 10 6521 9 6834 1 5448 11 6757
1064 3.5954305420413353 4.084271247951242 -2.7702714975082925 140 174 200 0.52805604477815393 7 5834 8 5652 9 5383 10 3147 1 303 11 339
1065 3.8572601413880734 3.9267677187983878 -2.4850295661977979 97 124 154 0.26542260663841905 7 5833 8 5657 9 5394 10 5133 1 3271
1066 3.6566904269591189 4.0419262532548448 -2.6609602372981844 99 123 151 0.34255058399275551 7 5839 8 5661 9 5395 10 5131 1 3266
1067 3.7262286183641748 4.0149168214161 -2.5900666993238599 87 111 137 0.34966880433154846 7 5843 8 5663 9 5404 10 5135 1 3275
1068 3.4874272787117682 4.1394064418431071 -2.8053691123385525 89 104 133 0.39199994663985943 7 5846 8 5665 9 5397 10 3152 1 312 11 3291
1069 3.8335236982901284 3.971784593146872 -2.4879772133160918 113 144 172 0.28598589383210749 7 5844 8 5668 9 5410 10 5142 1 3283
1070 3.2561328720003675 4.2734633286888473 -3.0016192397559318 111 136 163 0.4823270948635443 7 5850 8 5669 9 5400 10 3149 1 307 11 3279
1071 3.1347807435487702 4.3523643769056752 -3.1191995673990442 100 126 151 0.12666937839108233 7 7383 8 5671 9 5401
1072 3.2939121457065657 4.271751561545079 -2.9340695982583211 138 173 195 0.65671619930067526 7 5857 8 5676 9 5416 10 5137 1 3277 11 5315
1073 3.1774619232474084 4.3414352400447882 -3.0365133918226728 139 173 198 1.2012433392635062 7 5860 8 5677 10 5132 1 3273 11 3285
1074 3.1170061720846185 4.3951697853217642 -3.10631158481364 143 175 198 0.43897885750609661 7 5861 8 5678 9 3286 10 3162 1 3268 11 3282
1075 7.4989385853927475 1.4581975899147606 2.2503666610644872 29 39 32 0.83978776475144856 7 3588 8 5740 9 5509
1076 4.7282923872668547 3.1114715052293858 -0.0072771953847629856 34 44 54 0.40940575711424132 6 6289 8 5784 9 5533
1077 4.6662532806466945 1.9554988197332015 1.7719631246886842 98 150 134 1.9491065028621983 7 5959 8 5822 10 6682
1078 1.7238003903511963 4.8306800172512911 -2.4402700101402455 188 215 206 0.789589171064079 7 6033 8 5828 9 3487 10 3335 1 538 11 499 12 3270 13 3226
1079 2.4459192903339155 2.8876131963071758 0.88618027094950869 75 85 42 0.84692939295189906 7 6123 8 5944 10 6731 1 5691
1080 0.46489956799628035 4.4352272392612822 -1.4826260146547232 38 90 64 1.5494659664853885 7 6280 8 5989 9 5640
1081 2.029454744888795 2.4142899033015506 1.6747009470708658 160 170 73 1.5004055168854904 7 6236 8 6067 9 5844
1082 0.73204690238605852 3.8400174516232783 -0.36657836124672505 181 196 112 1.7915026605306632 7 6340 8 6076 9 5766
1083 2.2945773460268875 1.8472092786498224 2.5139239561515376 203 211 162 0.87521360207184284 7 6242 8 6090 9 7179 10 7691 1 7197
1084 2.5590993603003382 1.5152314057697505 3.0238079093414982 201 198 149 1.4313837366271127 7 6230 8 6104 9 5970 10 6962
1085 2.6517981318529702 1.4034105715764433 3.2435526288355465 229 234 193 0.57600286137134304 7 4107 8 6122 9 7217
1086 1.6675231046409777 2.3051332627372698 1.8641972363915755 96 100 58 1.3190301783999623 7 6309 8 6134 9 5928 10 6882 1 5862
1087 1.8641114614162477 1.9573953645447721 2.3794513385021077 239 221 159 1.3437107064469966 8 6155 9 7206 10 7710 1 5925
1088 0.44189498706316527 2.3265112102516552 1.0979892591504801 44 30 30 0.86153845555694242 7 7740 8 6157 9 5918
1089 2.1237506064319271 1.5445496716966636 2.9501733314777434 196 195 163 1.7426856590245814 8 6165 9 6023 1 4069 10 6997
1090 -0.225856693853978 3.9743061392463783 -0.64693931658666826 160 203 115 1.0824383713090591 7 7811 8 6182 9 5842
1091 0.34176511736040049 2.1984203751642282 1.2295894538858754 170 115 100 0.49800723380833217 7 6393 8 6187 9 5956
1092 -0.062614889264144047 3.5690545027219804 -0.12334916074826049 49 58 58 0.59694787695163765 7 6492 8 6201 9 3939 10 3705
1093 -0.061837304571173812 3.6093655310244119 -0.1040064810519028 75 84 82 1.194249908820403 7 6507 8 6211 9 5898 10 3721 11 854 12 1031
1094 -0.060913440847312067 3.6106936188180248 -0.10483727746344908 75 84 82 0.91753339905325115 7 6506 8 6212 9 5897 10 3720 1 933
1095 0.22391840590693018 2.1083437753861962 1.3504377647013388 121 87 75 1.7543511973151487 7 7773 8 6227 9 6001
1096 0.13173600229225563 2.1171930837077491 1.4078809140962429 27 21 22 0.66691670050561891 7 7796 8 6264 9 6046
1097 -0.22633678170178798 3.6583603162253602 0.01341331864609889 223 232 145 0.65070173729919234 7 7873 8 6282 9 7198
1098 -0.45961823601728757 3.7804422707844654 -0.24176283558617112 25 26 18 0.30257609997733381 7 6615 8 6288 9 5958 1 3763
1099 1.5943315029928369 1.501462156445899 3.0809928506794608 111 96 67 1.2341122771345414 7 4361 8 6292 9 7325 10 7807 1 7302 11 8083
1100 1.6492585350317372 1.3725088284219169 3.2666094942723065 194 181 127 1.014443464301819 7 6391 8 6298 9 7339
1101 1.4869211566299987 1.5572151341248519 3.0078590731209873 130 135 95 0.90964378570728177 7 6413 8 6300 9 6161
1102 -0.43626049498390351 3.7528787889112749 -0.1214812107945325 234 248 203 0.5036788183996127 7 7898 8 6308 9 4045
1103 -0.016700468013542077 1.9779655399688774 1.5601574849706275 232 188 149 0.81560290698539684 7 6527 8 6321 9 6096
1104 -0.42605005754083891 3.6431850164375947 0.03851021423899318 238 243 231 0.94689174339743543 7 6636 8 6329 9 6013
1105 1.3109299525127216 1.5235255581196347 3.0570138313203588 227 219 178 0.63812262847593748 7 6451 8 6347 9 8135 10 7827
1106 1.3109213272325875 1.5235867741337716 3.0570931389459646 227 219 178 0.76312992177144123 7 6452 8 6348 10 7828
1107 0.36098656127464041 1.7619360094764756 2.1918148414723513 128 126 131 0.24210089035185423 7 4597 8 6366 9 6181 10 7053 1 4099
1108 1.0527733122621843 1.6167046662779549 2.9126150660213916 99 84 46 0.33389418006218463 7 6504 8 6375 9 7370
1109 -0.11430397428853602 2.2894800950561538 1.4807198848173424 26 20 22 2.1245845124250149 7 7887 8 6385 9 4279
1110 -0.86025563053596033 3.3138855019396947 0.25054517413423283 79 80 86 1.1818451952910003 7 7970 8 6410 9 6092 10 1262 1 1143
1111 0.78236305792839733 1.6998269450266827 2.7891785853731501 184 179 95 0.55102103691535809 7 6558 8 6414 9 7404
1112 1.1033528792156273 1.3821702367715953 3.2923280576747174 212 209 192 0.52856060265859672 7 6530 8 6417 9 7431 10 7904
1113 0.89579796523343247 1.3520633282490306 3.3039257283053525 220 216 146 1.781728797588475 7 6574 8 6469 9 7468 1 6229
1114 1.0689575236651101 1.2019593224889911 3.5745562585767239 219 217 205 0.65159613213939926 7 6562 8 6475 9 7483 10 7966
1115 -0.21040397109608294 1.6466723142052471 2.140321641061059 101 110 114 0.86861423556369199 7 4831 8 6477 9 7421
1116 -1.1754880306828734 3.4460330583110492 0.16766297137594852 168 177 190 0.43773214231972563 7 6876 8 6495 9 4283 10 3998
1117 0.010619304634133181 1.7523204421235985 2.4405643720867536 61 64 73 1.0813415318107573 7 4895 8 6529 9 7462 10 7170 1 6145
1118 0.34840528823057854 1.7007951292084784 2.8462811943651447 67 56 21 0.59136684958098351 7 4875 8 6541 9 6368
1119 -0.26830078350454695 2.4952352220259373 1.8255129593755 70 70 80 0.870604374856223 7 7993 8 6557 9 6296
1120 0.72958623836561609 1.1925879205761971 3.592350401286815 190 193 172 0.61849134062168132 7 6652 8 6568 9 7550
1121 0.7119019619869964 1.2185378507480893 3.5576625066703103 243 243 230 1.3046894409197864 7 4818 8 6569 9 7542
1122 0.65840829127005884 1.2526519808937435 3.5127379906583851 234 235 218 1.0398617583672636 7 6663 8 6579 9 7545
1123 -0.088273547043840925 1.886062079998551 2.4351861937121995 70 75 92 1.1225734917993944 7 6759 8 6584 9 7491
1124 -0.59601357553458478 1.9059444769786278 1.9475329658420952 152 162 168 1.0545193652256619 7 6809 8 6593 9 7475
1125 -0.59601357553458478 1.9059444769786278 1.9475329658420952 152 162 168 1.0545193652256619 7 6810 8 6594 9 7474
1126 0.6254880965175158 1.2361413786547599 3.5349223527385099 250 246 234 0.76110486621178053 7 4860 8 6597 9 7561
1127 0.47190323112262683 1.3450200679798845 3.351258805500994 39 30 20 0.7962654277608745 7 4899 8 6606 9 6492 10 7375 1 6333
1128 0.16357320069710976 1.727713516745264 2.8297834461861688 188 209 132 0.73434864717643911 7 4970 8 6608 9 6428 10 6294
1129 0.28193966360940231 1.5238552141148805 3.0909035570052126 81 79 40 1.3346031085944186 7 6742 8 6614 9 7539
1130 0.28193966360940231 1.5238552141148805 3.0909035570052126 81 79 40 1.3346031085944186 7 6743 8 6615 9 7538
1131 -1.5720064581191506 3.5621738021642004 0.13017251107152131 98 103 62 1.0257147651436225 7 8145 8 6624 9 6227 10 4101 1 3988
1132 0.15243214723848308 1.6604787467957647 2.9239454533338729 40 39 19 1.4664202972061031 7 4991 8 6628 9 6453 10 7293 1 4454
1133 -0.6634757559613601 1.987989020803542 1.9225616189043679 90 100 110 1.7734085454907536 7 6853 8 6629 1 6112
1134 -0.67004971918355494 1.9819001672146193 1.9198417692931895 90 100 110 0.97534278077130798 7 6852 8 6630
1135 -0.58794881200472426 1.9959593466983916 2.0089737160192609 156 167 171 0.58542381097874685 7 5106 8 6634 9 6376 10 6124
1136 0.12664121868927183 1.6949794818037696 2.8957965256546894 239 237 186 0.2124787289166131 7 6772 8 6639 9 7537
1137 -0.21260734261214639 2.0322457635467779 2.4326312435876924 52 61 74 0.6177127316019666 7 6828 8 6655 9 6434 10 6213
1138 -1.5903866765919377 3.4151835969964646 0.34091081610425122 174 209 160 0.94093276310804941 7 7083 8 6668 9 6275
1139 -0.022600980756007617 1.6972754872803228 2.8950237033482709 123 106 89 0.68638407332429685 7 6818 8 6677 9 7578
1140 0.21499262694020418 1.3332803562638171 3.3734969660984748 186 180 121 0.99972387878904223 7 5019 8 6691 9 7634
1141 -0.10780066132945038 1.7318306801305978 2.8441748140622587 132 111 66 1.5902385865536632 7 6841 8 6696 9 6541 10 6369
1142 0.26061534133023784 1.2409495826101213 3.5058679584328147 60 50 30 1.0196471436157593 7 5016 8 6703 9 7657
1143 -0.42249001620206161 2.102607044959341 2.3484469760950675 30 32 27 0.76576482557209447 7 6896 8 6704 9 6481
1144 -0.74820208416286738 2.197134501391687 1.9848889353635668 30 37 45 1.4675818718698359 7 5231 8 6711 9 6448
1145 0.11726652390869705 1.3489739669330361 3.3655810271484548 172 182 150 0.65500176149737099 7 6819 8 6725 9 7663
1146 0.17132431843227827 1.297178278547239 3.4555935185943483 224 223 194 0.7983641731351897 7 5051 8 6729 9 7674
1147 0.20523447783254414 1.2042729321969559 3.5773324859073998 204 202 178 0.26631863179403881 7 6815 8 6743 9 7699
1148 -0.6524241131661177 2.1596972306370579 2.2793342159553891 47 45 33 0.44874399082372035 7 6967 8 6776 9 6555 10 6289
1149 -0.42870945972828628 1.8693892803459222 2.6702565790581971 151 156 98 0.42889095559340173 7 6933 8 6779 9 6612 10 7329
1150 -0.56395980194776441 1.9786306952837291 2.5006129793168017 195 211 150 0.54195191143898569 7 6957 8 6789 9 6595
1151 -1.7424765667342124 3.0878540150471974 0.7512727239652961 246 247 236 1.3496434277621809 7 8268 8 6809 9 7504
1152 -1.7567620340095946 3.0890532893043732 0.76670546141996909 96 108 102 0.50523471550665811 7 7264 8 6830 9 6404 10 4379 1 1577
1153 -0.41617729802905851 1.7065291089348171 2.916456090474032 232 225 207 1.1469054552694431 7 6959 8 6840 9 6706
1155 -0.5148095881851894 1.7396556325042896 2.8410483255024679 230 226 185 0.96410267735124888 7 6986 8 6864 9 7714
1156 -0.34376481595018826 1.5341816548112743 3.1387475009509465 214 209 182 0.69747471481163303 7 5265 8 6869 9 7741
1157 -0.40211261375422602 1.5800935166522121 3.0910873104888972 234 238 218 0.68984726796054474 7 6973 8 6886 9 6764
1158 -0.52391655026627326 1.6878617152760091 2.9183188748558817 250 246 190 0.71824222003382465 7 5323 8 6896 9 6748
1159 -1.4289873957474435 2.6817756126364118 1.4671688780546464 150 135 112 1.8692474499079932 7 7226 8 6899 9 4937
1160 -1.3119499756192863 2.5608071066309548 1.6568115314439482 64 37 27 1.1400156964779622 7 7189 8 6904 9 6579
1161 -1.0709761354904519 2.3040026170865762 2.0503357459515108 194 190 157 1.1874273926187153 7 5498 8 6906 9 6636
1162 -0.59134062167063661 1.706309592624812 2.9217830997163019 223 219 194 0.63978360255923994 7 7036 8 6924 9 6785
1163 -0.6855576490593922 1.7707252647760265 2.7903163717130215 72 99 25 1.2306631023797443 7 7055 8 6926 9 6765
1164 -0.70246538223418009 1.5113632140384925 3.2049603098827761 209 205 196 0.43723406108237906 7 5508 8 7077 1 4919
1165 -0.74338274706837359 1.5289702583124147 3.1795685724074945 239 236 220 1.0024398179235496 7 7171 8 7091 12 4276 13 1733
1166 4.9914894160971484 3.1011261286006593 -1.9107591842921645 147 179 194 0.66562643403735966 7 7311 8 7155 9 6807 10 7399 1 6894
1167 4.4381410512001773 3.6048866517767597 -1.9726032734575036 133 169 195 0.36765674155425598 7 7368 8 7194 9 6838 10 6512 1 5444 11 6734
1168 4.1379706941795833 3.7844900400111459 -2.2402222228548245 134 165 194 0.27731811762151592 7 8360 8 7197 9 6840 10 6507 1 6908 11 6723
1169 3.7884254709300995 3.9816737984274093 -2.5508424101475691 90 111 140 0.47623031326934484 7 7376 8 7200 9 5399 10 5134 1 3272
1170 3.3641741351812136 4.2172853691107477 -2.9069603441143617 108 125 153 0.4711237272651802 7 8364 8 7203 9 6841 10 6501 1 5431
1171 4.1461012530319108 4.0471555063519569 -2.3892346255403165 117 151 155 1.1969411827137559 7 7382 8 7207 9 6855 10 6525 1 5452
1172 7.5300831091678058 1.5233183228824736 2.2750156553664151 136 154 140 0.60661298274670206 7 7391 8 7249 9 7854
1173 3.3715564117421266 3.7781737354411806 -1.3595100551270611 35 45 54 1.8366711505098998 7 7449 8 7274 9 6918
1174 3.3724668372238482 3.7770392456446062 -1.3608916378092903 35 45 54 1.9993442328862876 7 7448 8 7275 9 6917 10 6591 1 5531
1175 3.3020920377867107 3.8952776435670442 -1.5043360264989352 29 42 50 1.1799379594436141 7 8405 8 7276 10 6589
1176 2.8391165208667233 4.0235485834424365 -1.7978588503739623 36 49 55 0.75592573228238269 7 7458 8 7279 9 6915 10 6579 1 5526 11 5388
1177 2.8378026599661554 4.0226990970246534 -1.7969589226487632 36 49 55 0.69553422839051504 7 7459 8 7280 9 6916 10 6580 1 5527
1178 4.4342760287034695 3.2446325104376936 -0.31618453380608608 92 112 123 0.69682044326729675 6 8951 8 7282 9 7857 10 6621 1 6994 11 6822
1179 4.7317748642614701 3.1185990161903825 -0.0029615223555283952 30 42 51 1.1784127378154978 7 7442 8 7284 10 6641 1 5561 11 7731
1180 2.447937310112974 3.1231135731075019 -0.46847099735224462 179 184 180 0.91780009429479981 7 8425 8 7308 9 6963 10 6654 1 5564 11 6800
1181 3.5058080198803645 1.7442196699448083 2.6476120038984532 47 60 34 1.2383476521193624 8 7399 9 7088 10 7639 1 7138
1182 2.5870059983694724 2.2857490450575941 1.679892002008504 153 157 156 0.93070364614559298 7 7581 8 7407 9 7934 10 7590 1 7095 11 7866
1183 3.5659019789318589 1.4728498523710416 3.1015933881819353 226 246 151 1.9457189687189935 7 7570 8 7426 9 7122
1184 2.4979791085665912 1.9958133978004291 2.2660336994727661 179 160 103 1.3675414441775533 7 6190 8 7458 9 7137
1185 2.0491490341691843 2.0316484452111294 2.0495170902704491 93 95 94 0.826323778008625 7 6224 8 7476 9 7991
1186 2.9675033001034903 1.3859581402678391 3.2525463974722446 212 207 139 0.73143057174240445 7 7612 8 7484 9 8007
1187 0.60756212941539334 2.4359905167164819 0.91797566448980417 34 28 30 0.59159781707835901 7 7709 8 7503 9 7139
1188 0.65579744015013364 2.6235688751334427 0.79601506078601192 43 37 37 0.57659143145538783 7 8559 8 7505 9 7134
1189 0.59431201877917594 2.5819414626770212 0.85425931633212426 53 42 43 0.3889190896300419 7 8566 8 7516 9 5872
1190 0.52732581522298949 3.6483293500041132 0.002878421288308257 155 153 65 1.2920573821185839 7 7759 8 7528 9 7133
1191 2.0129592425601173 1.4408527090397263 3.1514563385559975 225 229 164 1.2363156252808365 7 7708 8 7566 9 7291 10 7782
1192 1.9192593463649426 1.553257788850672 2.9917050887467065 219 218 185 0.31580991308496387 7 7712 8 7567 9 8062 10 8304
1193 1.8081281436044894 1.5090373790266485 3.0831811649668603 243 240 233 0.86199057350857999 7 7735 8 7590 9 8094 10 8322 1 7284
1194 0.14423621582321836 2.0610561980252902 1.4302772559976769 123 90 80 0.69395096498701381 7 6462 8 7595 9 7249
1195 1.5633446604827292 1.5727863563190423 2.9212269863800899 66 70 73 2.1431402654383769 7 6377 8 7600 9 8098 10 7788
1196 1.8512049115755824 1.323594303946491 3.3642861783538787 198 204 132 0.81013471001596249 7 6367 8 7603 9 8111
1197 1.7221541038349331 1.3993841065027672 3.2581536425255733 196 186 116 0.15888329210275426 7 6380 8 7610 9 8115
1198 0.052383141713073102 2.029367141753752 1.5004202333844816 222 159 125 0.79910140620502224 7 7813 8 7615 9 7282 10 5815
1199 1.1601221823881618 1.93436944773773 2.4476797392367851 230 250 174 1.7239926879196268 7 7774 8 7617 9 7307
1200 0.44274387856967429 1.6860540960708801 2.0690631241738386 87 91 100 0.68757864139625691 7 7783 8 7618 9 8091
1201 0.046428526901135678 1.9957706689162598 1.5280840272015705 217 158 124 1.3254437491133479 7 7816 8 7619 9 7284 10 5822 1 3932
1202 -0.26423512348168465 3.1492255458435126 0.60357886943860628 134 158 82 0.63058027878233847 7 7896 8 7653 9 7274
1203 0.92658264635639509 1.7511335762090239 2.7483452784160329 244 225 157 1.5432653485269783 8 7675 9 8146
1204 0.86768160798139271 1.650179185050457 2.8917741604143177 177 186 94 1.3730762480524006 7 7857 8 7695 9 7406 10 7859
1205 -0.97213959196754851 3.4247296203742295 0.29985386486794524 67 61 10 1.370539435765731 7 8788 8 7716 9 7318 10 5770
1206 -0.014483972279411653 1.6922903540141001 2.3752831612059406 112 125 140 1.0849841110095035 7 6681 8 7730 9 7440
1207 0.67435963439893587 1.4109043980513196 3.2392988167599035 188 182 166 1.4750099757265551 7 7899 8 7737 9 8228 1 8249
1208 0.035534697875441328 1.7276955916269108 2.4494406987291359 136 150 158 0.68620254613048515 7 6700 8 7738 10 7877
1209 -0.2330991797156246 2.5155463280605628 1.7816418546085948 83 78 85 0.54929151859465397 7 7979 8 7746 9 7427
1210 -1.1541634259453135 3.3279424876653114 0.44147006140397227 223 212 133 1.5337150079851944 7 8073 8 7752 9 7361 10 6933 1 3993
1211 0.59714209233706261 1.3649515296775798 3.3097306329396092 132 117 68 1.7170065568697577 7 6656 8 7756 9 7523 10 7974
1212 0.23570935840473609 1.7578353890249938 2.7804606197739843 192 204 167 1.4042493994794782 7 7954 8 7760 9 8232
1213 0.47116126797831254 1.4105320442733431 3.2719968090070908 230 228 206 1.862664351182779 7 7941 8 7765 9 7536 10 7334 1 4497
1214 0.53577879300527242 1.3130353680137639 3.4039486031755213 219 219 201 0.82250818553489147 7 6702 8 7768 9 8270
1215 -1.5544460598755945 3.6357773218124132 0.075523511367381932 206 237 162 0.8166753212231912 7 8878 8 7780 9 7367
1216 0.48717441680800727 1.2501504323327437 3.5089158504248501 249 248 235 0.94494509166477592 7 6732 8 7787 9 8290
1217 -0.035327119239331788 1.8296693331906695 2.7028662930060969 88 67 51 0.84716879096287712 7 6802 8 7799 9 8259 10 7932 1 6241
1218 -0.74486308428931003 2.0378875408237835 1.8856011460825666 61 71 80 0.59953633987688248 7 6881 8 7803 9 8231 10 7853 1 7326
1219 -0.44194613333923521 2.0618253638485338 2.1909128480449613 239 237 239 1.0345673711649939 7 6858 8 7807 9 8241 10 7189 1 6170 11 4332
1220 0.32912697044158951 1.2772494841521334 3.4545766989320934 65 65 60 0.38323618574264179 7 7972 8 7815 9 8310
1221 -0.013621294550906283 1.722711275931069 2.8694508462786792 248 244 235 1.5380107323503693 7 8005 8 7816 9 7570 10 7305 1 4467
1222 -0.80174106050075122 2.1600199010526389 1.8957199803749185 43 54 71 1.6093104976672319 8 7832 9 8250 10 8372
1223 0.065488164525390302 1.5081128813215647 3.1525199784229452 236 238 201 1.0553672645110945 7 8003 8 7833 9 8305
1224 0.19423318667320091 1.322559104600457 3.4227856368611365 220 212 188 0.52912822047273311 7 7997 8 7839 9 7655
1225 0.0086146315885511377 1.5365990691594127 3.1271266432126064 236 225 193 0.5562743002941396 7 8017 8 7840 9 8315
1226 -0.086784576508617581 1.6246222065313092 2.9902819513279861 132 120 96 0.77503002820458222 7 8027 8 7842 9 8306
1227 -1.5834985538724859 3.2052167248348398 0.63959901819056253 99 136 60 0.54198837216533402 7 8214 8 7846 9 7465 10 7012 1 6021
1228 0.03096303315903557 1.3772806016122841 3.3449030028953985 231 223 177 1.0572602769845798 7 8026 8 7857 9 7684 1 6438
1229 -0.44321578105251552 1.8916772463500346 2.6105827965090991 246 255 215 1.2164058168663878 7 8080 8 7863 9 7629
1230 -0.313653479650357 1.7431750718829937 2.8428125894401948 216 210 193 1.0659011258378412 7 8074 8 7867 9 7648 10 7376
1231 -0.66145002494693461 2.1075534717098523 2.3158597898207662 71 67 64 1.1055118110589206 7 8858 8 7880 9 8300
1232 -0.087400519467724938 1.4523071785705486 3.262535405461207 229 219 192 1.551982284174479 7 8046 8 7882 9 8357
1233 -0.349413459374464 1.7606314347366798 2.8306581996887887 220 214 200 1.6064764965352716 7 8827 8 7883 9 8333
1234 -0.16121598126931247 1.5311076163510191 3.152264031272098 247 236 210 0.26479805230722475 7 8055 8 7888 9 7691
1235 0.035862790860410235 1.2573140852771201 3.5188942196901203 250 251 236 0.60015603630302294 7 5132 8 7896 9 8381
1236 -0.63708425763747145 1.9098819620551872 2.5858174919076884 159 143 102 1.2328005583363515 7 8124 8 7928 9 7669
1237 -1.5793286982537029 2.7280257854774623 1.3078581359814403 243 245 244 1.3358191205741532 7 8977 8 7969 9 7597
1238 -1.3078109665443838 2.5071680405251873 1.740500190965901 61 65 43 1.0779138344763353 7 8244 8 7980 9 7639 10 6225 1 4365
1239 -1.2425134832450537 2.4190998234475143 1.8701029990535414 26 39 21 1.6161933514983162 7 8241 8 7986 10 7250 1 6230
1240 -0.80966921418031179 1.8275594449484942 2.6363819680357929 193 207 140 1.1202291086947986 8 7995 9 8385
1241 -0.80966921418031179 1.8275594449484942 2.6363819680357929 193 207 140 1.1202291086947986 8 7996 9 8386
1242 -1.3318657788883372 2.4923064636313437 1.7538322759681462 139 141 63 0.74210228156984481 8 7999 9 8326 10 7228 1 4372
1243 -0.83486792490386841 1.8343058930297584 2.6258530029071818 49 76 23 0.5403210381328486 7 7092 8 8006 9 7742
1244 -1.0806712201995305 2.1913083517676002 2.20087909839719 178 181 119 0.67240506942418621 7 8226 8 8009 9 7703
1245 5.553619647286018 3.034627104835927 -1.2845679392040195 26 32 44 0.5447478767984143 6 8868 7 7336 8 8156 9 7796 10 7417 1 6903
1246 3.8658168015420995 4.0484453556171518 -2.7329736328861416 61 81 105 0.4019451432980789 7 8351 8 8162 9 6827 10 6497 1 5426 11 6709
1247 4.0292380366750429 3.8422238793123045 -2.3255066858575111 127 162 192 0.44672595181915054 7 8361 8 8171 9 6842 10 6508
1248 3.5658234738243642 4.1111183296075149 -2.7325951867687013 85 102 130 0.69337604116687046 7 9013 8 8174 9 7803 10 7418 1 6904 11 7656
1249 2.9494372102228708 4.4298743690477318 -3.2280078465943829 101 125 149 0.84446292009770718 7 9019 8 8179 9 7804 10 7413 1 6901
1250 4.1626976954146766 3.938987498385317 -2.2795241478724741 118 151 158 1.4298608761393474 7 9016 8 8182 9 6852 10 7427 1 5451
1251 2.8600457581294094 3.6331382278452877 -2.0512728408955345 195 168 164 0.60093781351855469 7 8376 9 7825 10 7434
1252 6.6644675944679905 3.0706129215893565 0.107324655711628 45 65 90 1.1075396835505951 7 8375 8 8195 9 7845 10 7458
1253 3.2210354084171318 4.0205576852565406 -1.7994426051519858 29 38 43 1.9016070216217014 7 8399 8 8213 9 7847
1254 4.6261460123614171 3.1708029686226791 -0.09642227548201332 90 120 130 0.68212866920172521 7 8403 8 8219 9 7861 10 7476 1 7901 11 7727
1255 3.3008403444632526 3.8922690176316217 -1.3895131171603403 29 43 50 1.0852855410890363 7 9054 8 8221 9 7855 10 7460 1 6980 11 6776
1256 5.1246154554269996 2.9432688595727061 0.37159526800871373 56 79 95 0.9674573442660267 7 8398 8 8222 9 8480 10 8095
1257 3.0389547995852135 2.8239354057238208 0.056593362746710542 127 182 151 0.86613085173381388 7 8423 8 8232 9 7871 10 7484 1 7015 11 7722
1258 1.3846696811772039 3.7402059357315767 -1.3237792555352212 114 179 147 0.68972742999118941 7 8457 8 8240 9 6972 10 7480 1 7003
1259 3.4370230004643565 1.7657969746372684 2.5831737104362373 218 215 128 0.72275336474461038 7 7560 8 8290 9 8552
1260 2.662304771568738 2.3268649241538419 1.775883188083087 28 29 23 0.83680163127013407 7 9093 8 8309 9 7944 10 7601
1261 2.2978213754060026 2.5716686229087298 1.3261118814342281 231 234 175 1.8039198384793771 7 7594 8 8310 9 8545
1262 0.39371671876413955 4.4823131314640348 -1.4484425294062264 118 173 69 1.3757585160984858 7 9152 8 8314 9 7903
1263 3.1466691133529539 1.3615818358140757 3.2161021454075445 210 212 142 0.41471019650077895 8 8333 9 8594 1 8729
1264 2.3891798962322102 2.0016333042396477 2.293756430581281 225 225 165 1.6178113374260148 7 7629 8 8348 9 7993 10 7660
1265 2.0915889259180394 1.8764042870752415 2.5549615441255957 227 223 177 2.4828290393838368 7 8545 8 8373 10 7719 1 7223
1266 -0.13723924647382116 3.9732715540412635 -0.67542917839159244 236 255 207 1.3055473888319384 7 9212 8 8382 9 7974 10 6742
1267 2.2652858641979177 1.4369962530865528 3.1219874650498967 211 209 146 1.9255660089547939 7 9139 8 8385 9 8627
1268 -0.2465290539650698 3.9588011072349456 -0.64794536799384717 180 208 111 1.934390761892222 7 9224 8 8397 9 7981
1269 -0.38777221548647389 4.0752063706189512 -0.8331638190563625 207 255 166 2.5162330456909618 7 9229 8 8401 9 8577 10 8153 1 7972
1270 1.4739348982470812 2.1906550115078915 2.0436141224629805 33 28 12 1.3824742248944253 7 8567 8 8403 9 8036 10 8252
1271 1.4747585635327549 2.1905258204534781 2.0429421952570417 33 28 12 1.251375826445269 7 8568 8 8404 9 8037
1272 0.41379995370817813 2.6461333597679459 0.95788555045018464 30 25 29 0.95652231901310125 7 9193 8 8411 9 8604
1273 1.938729362113375 1.6097230881826661 2.9306469443209475 242 236 210 1.0642405278676816 7 8557 8 8414 9 8058 10 8298
1274 -0.044831324490763505 3.6685580379543894 -0.0526190678504928 4 10 2 0.73312269122928786 7 8647 8 8420 9 8003 1 7106
1275 -0.5660593382816187 4.0687957119287725 -0.72714684918040506 157 197 123 0.9511645959487498 8 8421 9 7994
1276 1.2893993395879217 1.8725475994744998 2.4680543568785613 180 190 108 1.0357716190417485 8 8431 9 8075 10 7760 1 7249
1277 -0.24538183834699442 3.688411696942449 -0.060778054532451151 60 70 20 0.82393582167423207 7 9246 8 8435 9 8021 10 7614 1 7118
1278 1.8251056221678224 1.3525492996694899 3.3357205316254492 209 200 128 1.3238932823894431 7 8581 8 8438 9 8661
1279 -0.59644741846631377 3.8878618575197907 -0.44000666508798147 188 212 136 0.653053736454422 7 8697 8 8440 9 8013
1280 -0.54126605878652911 3.8319761678075981 -0.28982169353128773 156 194 101 2.0662508764625889 7 8701 8 8448 9 7196 1 3769 10 5620
1281 1.8024740157926136 1.2941350140794119 3.4549225292518533 242 241 218 0.83163160326274588 7 8594 8 8449 9 8674
1282 -0.57059237936728346 3.8433318855021597 -0.25942533239956306 108 145 101 0.67502473452829848 7 8711 8 8453 9 7209 10 6808 1 5781
1283 -0.024581024211428659 1.9468508787271761 1.5898857190983275 49 34 34 0.66249681033419006 7 8646 8 8455 9 8083
1284 1.3662938561459885 1.4966215001294703 3.0759472306548035 180 169 114 0.91209897298405018 7 7775 8 8460 9 8677 10 8682
1285 1.2246268902268234 1.6006852787010328 2.9486202385154661 222 208 167 0.97109810388868056 7 8621 8 8470 9 8130 10 8348
1286 -0.90774868160442757 3.8991698263478272 -0.40346417352208552 118 144 97 1.6991799935485203 7 9288 8 8475 9 7226 1 3785
1287 -0.90774868160442757 3.8991698263478272 -0.40346417352208552 118 144 97 1.6991799935485203 7 9289 8 8476 9 7227 1 3784
1288 -0.79382085824865478 3.7764491563455675 -0.16461210354621364 250 250 233 1.0112761842349061 7 8739 8 8481 9 7251 1 3824
1289 0.88095599811626379 1.8475413503806268 2.6003561626175085 42 36 12 0.53303360947408562 7 8642 8 8483 9 8136 10 8337
1290 0.99339801509697079 1.6296168990045266 2.8975816829285654 214 213 151 1.2253963256342926 7 7826 8 8489 9 8692
1291 0.91475845667076128 1.7101106531080821 2.7988580104452621 254 250 205 1.3903375640101545 7 8649 8 8494 9 8688 10 8359 1 8179
1292 0.9164690156882136 1.7112830772944521 2.8001232111615537 254 250 205 1.0410591007561649 7 8648 8 8495 9 8689
1293 0.97398788615367404 1.4296581081280575 3.2186140240268095 252 249 194 2.284484937504601 7 8657 8 8520 9 8712 10 8707
1294 -1.0370609984953714 3.4954938710494821 0.21478065733827958 233 237 197 1.8256948783330433 7 9321 8 8533 9 8108
1295 0.0099788091796417754 1.6805689670745596 2.3529101705938489 199 199 198 1.2022110941947435 7 8717 8 8540 9 8188 10 7845 1 4210
1296 0.8924049375673222 1.2448302605172405 3.4750367985332793 134 131 117 0.96516529123087125 7 8675 8 8545 9 8227
1297 0.45667281930386633 1.6351491774099205 2.9294266809505505 86 74 30 1.1341870684904012 7 8720 8 8555 9 8737 10 8400 1 8222
1298 0.63324915988228925 1.420644177195044 3.2514750745863803 253 253 203 1.9284134707434053 7 8709 8 8560 9 8750 10 8734
1299 -1.36358933679252 3.3714815928207877 0.3474363400322999 211 214 138 1.0949397114184545 7 9364 8 8582 9 8152 10 7718 1 5942
1300 -0.63261459901675199 1.914352206942922 1.9153105748885033 117 132 139 1.7639994761838627 7 8007 8 8584 9 8215 10 7833 1 7305
1301 -1.3042815990113201 3.3095202773279531 0.46668601218185135 187 200 94 1.2284476966450601 7 8856 8 8586 9 8161 10 7734
1302 -0.065362422849161758 1.9079497400796532 2.5024132046916048 18 19 21 1.172380301761524 7 8757 8 8590 9 8233
1303 -0.27165280924181961 1.9974385993395694 2.2843395311011041 39 43 55 1.0059489996401272 7 8769 8 8595 10 7881 1 6164
1304 -1.4133249079866426 3.3629332459728913 0.38737080830545767 94 102 56 0.69741971414464776 7 9375 8 8596 9 8166
1305 -1.4133249079866426 3.3629332459728913 0.38737080830545767 94 102 56 0.69741971414464776 7 9376 8 8597 9 8165
1306 -0.025259395147043114 1.8504299443822314 2.6430800122671503 160 166 126 0.7381586624025106 7 8762 8 8606 9 8760 10 8404 1 8227
1307 0.30775556312431429 1.4653155988313702 3.2053194626370334 196 205 136 1.5796662672550432 8 8608 9 8780 1 8278 10 8745
1308 -0.20420838040253098 1.9890666265095385 2.4177700547930319 30 33 37 1.4971993940596049 8 8612 9 8245 10 7902
1309 0.46093131056327147 1.1992049854882674 3.5647333399536723 103 83 59 0.5184488718574588 7 8741 8 8616 9 8798
1310 0.072069112774757069 1.6385848676386043 2.960096860008345 172 153 111 0.8486554040146993 7 7991 8 8624 9 8277
1311 0.10752171340537961 1.5368647674609719 3.0968874992476145 171 154 72 0.57412189130186186 8 8631 9 8792 1 8284
1312 -0.055346539412832171 1.7177321754253554 2.8417381004013316 232 232 209 2.0373266758427042 7 9308 10 8436 1 7446
1313 0.076821599712677033 1.4776945436620672 3.1947301685088592 226 209 152 0.63708466920711848 7 8778 8 8642 9 8803
1314 0.076821599712677033 1.4776945436620672 3.1947301685088592 226 209 152 0.63708466920711848 7 8777 8 8643 9 8804
1315 0.13022207535774172 1.3517198293530595 3.3396369383425424 182 184 144 1.094052282844775 7 8771 8 8648 9 8329
1316 -0.35683928870474912 1.9402862813179731 2.5336371766706125 36 32 28 1.1548604911440203 7 8805 8 8649 9 8280 1 8246
1317 0.24591099699327607 1.214652771560065 3.5554455916863859 96 94 82 0.15067822251091426 7 8767 8 8652 9 8338
1318 0.067894117697645459 1.3120318776369484 3.4390442716498013 221 221 209 1.5839320739620184 7 8024 8 8671 9 8828
1319 -0.21549595287032125 1.6056544526518362 3.0275705321860871 223 221 197 1.1331623855142021 7 8812 8 8678 9 8816
1320 -0.61291139919746052 2.066361349377555 2.414623102724585 159 144 94 1.9006458823726262 7 8857 9 8309
1321 -0.86111327850288844 2.2916402142779857 2.0810143090595035 40 46 42 0.71592107186740084 7 8877 8 8692 9 8295
1322 -0.25163583532964789 1.5792762750032998 3.0960113212634877 230 220 191 1.0588002253783395 7 8823 8 8694 9 8830
1323 -0.33140533574300357 1.5923698017448831 3.0375914940913775 173 166 119 1.8357516447767281 7 8841 8 8699 9 8369
1324 -0.83361442634605432 2.0081902103445821 2.4594572773447227 222 240 185 1.4362276674133245 7 8896 8 8715 9 8826
1325 -0.98788619347374929 2.1536242144834734 2.2934915929738704 200 203 140 0.74962124689969478 7 8921 8 8726 9 8352
1326 4.2610291195469285 3.3967411516066699 -2.508755455406753 22 30 41 1.3452662725609956 7 9458 8 8824 9 8857
1327 5.2568567253236997 3.1400500495791821 -1.2974194172812421 83 96 112 0.78111982700101557 7 9004 8 8846 9 8433 10 8486 1 8566 11 9000
1328 3.770455352082811 4.0840968907193451 -2.8033012261500798 147 184 213 1.2327319776370935 7 9471 8 8848 9 8865 10 8041 9 8430 1 7839 11 8285
1329 3.0444803104000862 4.7311897582681715 -3.393824464145117 133 169 169 1.7977394502440049 7 9473 10 8045 1 7850
1330 6.2558514010150104 3.1995471242592841 -0.46359085645599735 50 71 100 1.7151596714143844 7 9021 8 8863 9 8451 10 8063
1331 6.5722193070456987 3.1698816657447879 -0.036469576558059824 48 68 95 0.56572821621931613 7 9028 8 8873 9 8456 1 8607
1332 6.2937316812754052 3.3788301683543587 -0.05712017053272616 61 90 122 0.70170353778782735 8 8883 1 8611
1333 3.1149021324748492 4.0299157479512315 -1.8103608494964278 104 135 163 1.1510094376726487 7 9045 8 8885 9 8462 10 8072 1 7881 11 8304
1334 3.0087660827025147 4.0607544231483415 -1.8316129742574256 18 22 33 1.9219301306797323 7 9050 8 8887 9 8464 10 8076 1 8595 10 8508
1335 3.5157092478446303 3.7813601440546769 -1.1163196542253397 40 53 70 1.7497441563202438 6 10338 7 9055 9 8478 10 8089 1 7895 11 6788
1336 0.81632318414414418 4.2104194619268469 -1.2349397106096143 32 77 48 2.4632534360809553 7 9126 9 8506
1337 0.43267428416749143 4.4363818880028854 -1.4231936477881864 24 65 30 1.3115392182066128 7 9146 8 8950 1 7925
1338 2.8576186338928111 1.6038867606901028 2.9379624270983054 176 192 108 1.2934211699554556 7 8513 8 8973 9 8597 10 8622
1339 2.268221199781026 2.060622929032712 2.2438381080194296 181 187 137 1.9188345307413297 7 9133 8 8978 9 8978 10 8608 1 8067
1340 2.4105354782446593 1.7239875972363947 2.6550739464994009 75 72 60 0.8812068711626454 7 9131 8 8980 9 8987 10 8866 1 8718
1341 0.341896071104622 4.0109814107753596 -0.64684461922869863 119 150 81 1.0792946970404955 7 9174 8 8982 9 7947
1342 0.40240789695293927 2.3010317819731294 1.1344667738225904 49 38 42 0.70277684112099648 7 9577 8 9002 9 8005
1343 1.4105174662940505 2.1395116791796656 2.1028573554058525 95 93 59 0.42104826476926577 7 9166 8 9012 9 8622 10 8627
1344 1.3776592282070785 2.1875989894274555 2.0686467499183401 177 191 96 2.2475568081180204 7 9169 8 9017 9 8623 10 8629
1345 1.2861573560996187 1.9496408926794753 2.3947476906045733 196 197 116 1.2487000273606039 7 8601 8 9028 9 8642
1346 -0.46995626278546609 3.7625935397251751 -0.26555562695679441 20 20 18 0.58063813326127811 7 9257 8 9032 9 8606 10 7600 1 8028 11 6876
1347 1.3335908030978572 1.7111715867770332 2.7509457856649373 240 217 103 1.3733489177833595 7 9194 8 9037 9 8657 10 8656
1348 -0.82639826469649857 3.8307912723679807 -0.42506569726041116 191 218 229 0.82884929618849301 7 9649 8 9043 9 8615 10 7602 1 7107
1349 1.3401434745908192 1.5624086880770753 3.0125410764853338 252 243 216 0.57948802430070823 7 9202 8 9047
1350 -0.87653183738514695 3.952839715894152 -0.48380180306113946 131 148 63 0.76539569485535741 7 9657 8 9050 9 8619 1 7111
1351 -0.082786908254975158 2.1369106788246044 1.5243046026206617 124 96 95 0.61296199114646266 7 9621 8 9054 9 8654
1352 -0.082786908254975158 2.1369106788246044 1.5243046026206617 124 96 95 0.61296199114646266 7 9620 8 9055 9 8655
1353 1.0851539688840603 1.5419593657331436 3.0357738188649952 243 237 201 1.7836803340222804 7 8634 8 9058 9 9061 10 8692 1 8808
1354 1.042513609383102 1.4654633877433267 3.1315363785640753 230 218 157 0.62589234712389608 7 9231 8 9064 9 8701 10 8378
1355 1.1311676246653208 1.2626510071919268 3.4088328300600539 51 52 57 1.402384945392477 7 8640 8 9068 9 9077 10 8943 1 8828
1356 0.62667156287465309 1.5988939966060349 2.9392003767457355 180 193 115 1.5199713037060596 7 9259 8 9077 9 9084
1357 0.51550954578205732 1.6335876592035625 2.8691477230696645 147 143 86 1.7192124088290623 7 9636 8 9082 9 9085 10 8702
1358 0.3177279972522597 1.7331334717517075 2.7700420453671692 63 54 25 1.7350833849447631 7 9270 8 9098 9 8734 10 8394 1 7392
1359 0.13621804823911737 1.8032426611442358 2.7010537538609354 233 218 152 0.60921709129530155 7 9291 8 9123 9 9104
1360 0.21511832699363473 1.6235323805544155 2.9317849927453823 213 225 155 1.7904753804405429 7 9290 9 9118 10 8951
1361 -0.13251351472365841 1.8205842285405953 2.7101891676243173 243 218 143 0.6570621788722818 7 9315 8 9152 1 8253
1362 0.39173773539233869 1.1845820337138082 3.5929501174844471 116 106 52 0.86624366070147374 7 9295 8 9153 9 9149
1363 0.30427886213043032 1.2177579559176195 3.519412864713563 236 236 224 1.4891023236858187 7 9297 8 9159 9 9152
1364 -0.7244583845918382 2.2714550597457004 2.07853566514338 31 37 38 1.9036055535897334 7 9363 8 9178 9 8778 10 8393
1365 0.12933448157837688 1.2676145296547976 3.4974566682729535 114 118 82 2.7836624494551359 7 9312 8 9179 9 8827
1367 -0.27655129729211303 1.5289869728056156 3.1620050693765749 195 192 162 1.3593192651968664 7 9356 8 9196 9 9167 12 7718
1368 -0.32256289519613435 1.5071744666033975 3.1888388550899678 171 174 160 1.5195084330888327 7 9361 8 9201 12 7720 13 7279
1369 -0.9410530510899453 2.0950190528250632 2.309260013225868 211 230 148 1.1936713546037416 7 9732 8 9212 9 8822 10 8443
1370 -0.68361823298194058 1.4938143021006907 3.2322565807218866 222 219 210 2.7725006286988023 7 9408 8 9251
1371 4.9548899454853954 3.3584822599689086 -1.6194777731196235 76 94 116 1.5048530772506818 7 9466 8 9280 10 8485 1 8564
1372 6.5062475076082826 3.2883950662718884 -0.074485593493400074 15 34 76 1.0558782972198717 7 9477 8 9293 9 8892 10 8783
1373 2.8624087481606395 4.1215997255834536 -1.9115141654480938 18 22 33 0.44829700284743679 8 9301 9 8900
1374 2.1257711126929193 3.3964719513939228 0.090995186600166644 39 62 16 2.0014330607092146 8 9335 9 8928 1 9085
1375 0.7730499503547904 4.0307624086344278 -1.2032124319999309 83 148 124 0.23309472002532206 7 9541 1 8621
1376 3.3747498610299225 1.7838899850680472 2.507535032611707 48 53 57 1.1959904679626925 7 9520 8 9340 9 9234 10 8834
1377 3.2267035470190417 1.6017420784701202 2.8367638894955141 43 47 46 0.3377712593544015 7 9526 8 9355 9 9245
1378 0.90722443428373989 4.1402393242543338 -0.82634000311470424 82 120 63 1.610701685807197 7 9553 8 9356 9 8528 10 7515 1 7939
1379 2.3992983617051373 2.3900610814715622 1.7505480618847613 237 237 188 0.99103307230837834 7 9819 8 9360 9 8966
1380 3.0576286674787143 1.4124947115989033 3.1735630476744721 49 53 47 0.90703306116326454 7 9099 8 9365 9 9256
1381 0.40184356975998353 4.0981303084317853 -0.86355525302873126 191 209 136 2.3778926472233501 7 9567 8 9367 9 8946 1 8637
1382 0.68529529196579342 3.8246607670188131 -0.30664326802795017 84 90 42 1.3270473655499577 7 9836 8 9373 9 8960 10 8552
1383 1.5711151100608987 2.1457585708603637 2.0378441532099716 92 93 97 0.25146112113033536 8 9388 9 8996
1384 1.9285923398963272 1.7146530209177084 2.7844601166518133 241 242 228 1.2629116710481987 7 9156 8 9396 9 9016 10 8883
1385 1.5522810643250391 1.7854399671462486 2.5814276530560409 118 119 53 0.87458706842035994 7 9573 8 9400 9 9275 10 9040
1386 -0.5157530238932122 3.9307334681036128 -0.51153549349433436 130 158 91 0.34893009430369126 7 9871 8 9405 9 8985
1387 0.18709235876960925 2.4956500047742121 1.1774291915935693 35 26 30 1.1351816035211761 7 9608 8 9408 9 8626
1388 0.94730199424930184 1.5008117589734653 3.1138940675080318 227 230 198 1.2441326639063766 7 9615 8 9438 9 9319 10 9067 1 9204
1389 -0.6060769249832012 2.7154465771075316 1.262218360377751 31 50 30 0.21929016039580718 8 9451 9 9059
1390 0.38284664546667346 1.495435431257442 3.0630546401747432 201 201 140 1.9479240375070745 7 9274 8 9459 9 9340 10 9077
1392 0.62242989932251325 1.2379646415784216 3.5296375124685269 248 244 232 2.0145347174091932 8 9470 9 9350 7 9646
1393 0.15663852320056343 1.7605131555873721 2.8090264265121703 183 194 131 1.2488317993413731 7 9662 8 9473 9 9111
1394 -0.6317822546096592 2.0667789271631127 2.0225319418457519 144 157 165 1.1756106089146117 7 9335 8 9481 9 9339 10 8931 1 9195
1395 0.015848195994396089 1.5152740399083449 3.1784879339269567 159 138 93 0.9096423843882202 7 9319 8 9488 9 9151
1396 0.015848195994396089 1.5152740399083449 3.1784879339269567 159 138 93 0.9096423843882202 7 9318 8 9489 9 9150
1397 0.1969405717032231 1.2409220283579834 3.5410116595428929 210 208 194 0.71823792969951306 8 9492 9 9370 1 9241
1398 -0.5375502322099095 2.0203058642417497 2.485931780398519 192 220 135 1.1518665794999143 8 9504 9 9358
1399 -1.3087595571804556 2.6926269488871708 1.3735610975766857 75 81 32 1.0718626483790377 7 9931 8 9505 9 9345 10 8687
1400 -0.45193155623939368 1.8268107438707624 2.7392058321086949 114 110 74 2.1899832527217287 7 9707 8 9508 9 9366 1 8875
1401 -1.0368561573891535 2.2927622710994626 2.0682788060264423 87 90 82 1.0316119599346285 7 9737 8 9526 9 9153 10 8726 1 8847
1402 -1.3228120160284771 2.517826138811369 1.7006802535904129 43 26 11 0.99961399053173883 8 9530 9 9148 1 8217
1403 4.3602178679657815 3.6936191817218247 -2.0571400862997584 131 168 194 1.2984553453469954 7 9771 8 9589 9 9188
1404 4.1847468245010564 3.7932291972063013 -2.1903159299125536 119 151 165 0.98663535246661715 7 9773 8 9590 9 9189 10 8765 1 9042
1405 2.7859012603381914 4.2146745140452451 -1.7451885578409128 29 39 49 1.4885953136661119 7 9790 8 9610 9 9205
1406 3.0047722170522895 2.4053583807900911 1.3966154472485053 188 210 126 1.7597650340406819 7 9984 8 9621 9 9217
1408 2.6064765870788715 1.6614352526171705 2.8151295298493779 206 214 112 1.2621477523150286 7 9545 8 9651 9 9260
1409 2.2803412295473819 1.8806090444149801 2.4603867827338917 70 88 65 1.0197222591988417 7 9548 8 9653 9 9257 10 8861
1410 2.2803412295473819 1.8806090444149801 2.4603867827338917 70 88 65 1.0197222591988417 7 9549 8 9654 9 9258 10 8862
1411 -0.13751429409656035 3.9266670563742285 -0.58405695946638658 204 227 157 1.2063669887770243 7 9853 8 9661 9 8970 10 8156
1412 -0.11124929429925477 3.8062793751785029 -0.25813161754605829 87 123 55 2.2733533542519684 8 9672 9 8981 1 8664
1413 -0.063890831369221704 3.6600715238778663 -0.070292998582525704 92 109 58 1.2169504826133228 7 10014 8 9673 9 9259 10 8827 1 9115
1414 -0.059672107933354188 3.665339706106336 -0.072286466072200753 92 109 58 0.67437132570311642 7 10015 8 9674 1 9116
1415 0.27811220293873939 2.471034514545742 1.1296434169908953 198 149 132 0.66598362207742501 7 9846 8 9676 9 9005
1416 0.27811220293873939 2.471034514545742 1.1296434169908953 198 149 132 0.66598362207742501 7 9847 8 9677 9 9004
1417 -0.095301275105355021 3.6192471320616773 0.054806666930187091 213 239 130 2.0835050931347951 8 9685 9 9265 10 8831 1 9122
1418 0.15253179905874875 1.8196029351226011 2.6537676123913339 180 162 65 1.7685754615399918 7 9660 8 9722 9 9335 10 9069
1419 -0.094543799484121227 1.8665744429518405 2.634585955681441 157 160 98 1.6099339751974509 7 9894 8 9728 9 9467 10 9073 1 9427
1420 -1.5557362780234314 3.4826180238058453 0.27900225228087616 147 184 102 0.36422446010738407 7 9922 8 9729
1421 0.34922968338159027 1.2789289356461611 3.4526297396507792 158 148 89 0.98941087012718776 7 9888 8 9731 9 9476 1 9446
1422 0.34879546846319581 1.2788547840532027 3.4524730869271196 158 148 89 1.0724406645135667 7 9887 8 9732 9 9477
1423 -1.1063807760497735 2.4797152308915238 1.7168533631334666 56 66 38 1.3646277619825937 7 9925 8 9747 9 9351
1426 -1.4373698294189308 2.6130447588646506 1.5457920522929309 78 80 52 2.1122735309418044 7 9948 8 9759 9 9360
1427 -1.2593618548476251 2.3897673126513506 1.9079600299823907 239 245 171 2.2704970924648462 8 9762 9 9369 10 8948 1 8845
1428 -0.74391649960011297 1.5315033060619987 3.1590067391968901 212 210 197 0.48093106595013735 7 9936 8 9774
1429 4.2135134277987758 3.6072996624493023 -2.2634569573157677 145 167 189 1.792125414587407 7 9968 8 9791 9 9387 10 8972 1 9330
1430 3.468838899979835 4.2200151947857503 -1.5858019159694889 15 19 28 0.97372530148504877 7 10061 9 9397 10 8988
1431 1.0552654849494811 4.1078851274215848 -1.0272500890534164 58 119 98 1.5370264934906672 7 9991 8 9820 10 8997
1432 2.875711530641198 1.6497038341688746 2.8008681496128442 237 234 179 1.4890334742418403 7 9989 8 9828 9 9542
1433 -1.0208516445788247 3.8369219578904223 -0.28909588779434459 158 160 109 1.4204240831184347 7 10093 10 8839
1434 1.0517469831812762 1.406824414380978 3.2684913438771699 187 181 148 1.157543457035805 7 9865 8 9857 9 9454
1435 0.47263678981208568 1.3074155138789112 3.4361195262549176 246 245 233 1.9349417924798151 7 9886 8 9868 9 9470
1436 0.010195214525211469 1.59790963786358 3.0407187188878328 170 170 118 0.30801476538060035 7 9896 8 9872 9 9474
1437 -0.56308468014853241 2.1125785929559644 2.3252503618109421 41 41 33 1.4834848779452319 7 10036 8 9876 9 9471 10 8944 1 8841
1438 -0.95377788093955285 2.2628421650207113 2.1611258959841875 233 214 183 0.098485806389848829 8 9879 9 9480
1439 1.4506032325275335 2.4818809641521842 1.030205685753157 27 30 35 1.3980264983054704 7 10072 8 9907 9 9535
1440 1.4548042548328017 2.4858692543182075 1.0308141426487178 27 30 35 1.8068712219297227 7 10073 8 9908 9 9536 1 9511
1441 -0.63978260984756552 4.0048600975641406 -0.62523725590100787 158 204 92 1.2995648176297374 7 10146 8 9920 10 9116
1442 4.7203627021279555 3.0795017617780447 -0.14973630213523281 18 29 25 1.624289904743595 7 10115 8 9954 9 9576 10 9201
1444 -0.33160790816284319 2.962416585265796 0.92527894457646498 195 251 187 0.71260814205015388 7 10148 8 9968 9 9550
1445 -1.0770255210029034 2.3345748683435281 2.0024783942237141 186 200 139 1.5493863673932988 8 9977 10 9145 7 10154
1446 5.4044754414639593 3.1704389263190436 -1.2280455238941006 48 83 105 1.36015492096519 8 9984 9 9597 10 9193 1 9638
1447 3.0116368968730538 4.3332479668300303 -1.9730710815026464 20 32 44 2.038356222808813 7 10206 8 9994 9 9608 10 9198 1 9644
1448 3.7049847974482177 2.484023011056983 1.2570062991872284 35 64 46 1.8543446216181025 6 10727 8 9997
1449 2.1484058442928693 3.570872762451065 -0.12150016360333142 27 51 35 1.6112369609413009 7 10174 10 9205 1 9650
1450 0.56777697785636116 4.292342258096479 -0.96955989164630041 168 180 118 1.8155518047815731 7 10210 8 10002
1451 -0.46223102421238954 2.0185135005737442 2.4765316591611315 171 154 110 1.9331626536219133 8 10018 1 9667
1455 0.69225597001966666 4.2396881196369725 -1.0041495026641547 181 203 138 0.091545459436483317 8 9645 10 8999
1456 5.9388364770515452 2.5483357857053179 -1.1565782213208511 50 81 110 0.41088716926050162 6 70 9 20 10 55
1458 5.3700155289409341 3.0457365064670889 -1.2674248062778699 72 91 113 0.68387542331694984 8 106 9 96 10 3171
1459 3.240094968030919 4.3111245251265506 -3.0099755818520055 142 169 193 0.38198334192852074 8 170 9 138 10 110
1460 3.240094968030919 4.3111245251265506 -3.0099755818520055 142 169 193 0.38198334192852074 8 171 9 139 10 111
1461 4.4462851896495312 3.6243149029371651 -1.9378814870458771 107 131 144 0.48045005126883961 8 152 9 145 10 147 1 360
1462 6.0954888127284717 3.2078212190905089 -0.6035607758778837 60 79 108 0.63332254218768846 8 214 9 195 10 3270 1 476
1463 3.5013927087902572 3.8581623752203762 -1.5507022662994852 97 111 130 0.24832886525151901 7 408 9 263 10 307
1464 5.0760192975361376 2.8811652775958558 0.26743041684495189 20 28 39 0.41415767929565461 7 390 9 319 10 400 1 559
1465 4.8043825638156505 3.0677349798429052 0.054844395275995744 85 108 124 0.47230366553892711 7 417 9 336 10 406 11 3593
1466 3.7969798164257957 3.5931523560432068 -0.79867528355883821 107 124 134 0.62317740665222532 6 3989 9 337 10 369 11 600
1467 3.266582439865763 3.8877196662898759 -1.200745428016851 212 222 218 0.34346268115083167 8 432 9 357 10 368
1468 5.413914554783573 1.4294139737397793 1.9977450130164307 116 151 131 1.6336976495150974 8 380 9 376 1 3509
1469 4.6745793390954962 3.2518503035716746 0.035943964660400611 89 105 118 0.1762448894745153 8 427 9 389 10 3371
1470 2.1520478912096812 4.6524593589312522 -2.0543203492760731 221 233 229 0.69746530483815783 7 3795 8 483 9 407 10 388 12 798
1471 1.9075045795765386 3.4314275101573735 -0.89819048362261766 42 74 66 0.053120658932495922 7 3784 9 420 10 435
1472 -0.69969429979451048 1.7856007504790923 -0.29106709043892692 230 238 240 2.0633912650134842 8 502 9 423
1473 2.4203488973182399 2.7577094373474922 1.0956475429976218 174 166 96 0.60166109185196803 8 718 9 725 10 846
1474 3.0982570981977031 1.9047470345752191 2.4532060922240175 220 213 152 0.31659566054994664 8 801 9 887 10 3869
1475 2.0538390928279417 2.0131966475836225 2.0337920198838351 102 101 103 0.49870758240339219 8 929 9 1012 10 3894
1476 2.0538390928279417 2.0131966475836225 2.0337920198838351 102 101 103 0.49870758240339219 8 930 9 1013 10 3895
1477 2.2686966529786847 2.0773772364479055 2.1436046775040944 35 33 33 0.61621597501153236 8 938 9 1025 10 3918 1 1117
1478 -0.016797798559351384 3.6226578735909265 -0.070408708850737092 89 91 84 0.1318266308881598 8 1269 9 1083 10 972
1479 2.2513777331995444 1.8967320696117307 2.4428970098378024 79 83 60 0.72397523277972509 8 1009 9 1109 10 4023
1480 0.31187364527197553 2.1365522902162715 1.2773687104263896 255 230 205 0.86093272068199367 8 1215 9 1184 10 3925
1481 0.28817923331764983 2.1332941184363836 1.3021649029426496 233 189 162 0.21261113259432043 8 1241 9 1213 10 1264
1482 1.6671406155435431 1.9178378608019853 2.4782189366582017 244 242 229 0.33983984478820362 8 1237 9 1348 10 4181
1483 0.66505029914893776 1.9917766488009123 1.8958374978905688 143 134 139 0.7056651735422278 8 1397 9 1413 10 4145
1484 -0.069848489177762596 2.0433589249683433 1.5827813298636464 132 95 81 0.58347803122089825 8 1611 9 1597 10 1616
1485 -0.065364022489685092 2.4679283964897802 1.3571793019106004 62 48 48 0.56325519900882315 8 4440 9 1598 10 1551
1486 0.99094712701741128 2.0181824165688265 2.3279931270442282 230 209 147 0.53101966002043788 8 1515 9 1617 10 4294
1487 0.89378433410870861 1.9672316402037915 2.4072718892723044 230 235 137 1.4715731884753271 8 1589 9 1686 10 1938
1488 1.3879709344627096 1.575784876328215 2.9926090339261733 254 252 240 0.22345267268615418 8 1529 9 1728 10 4466
1489 -0.21532937585375003 2.1369539689455914 1.6330000241561251 73 50 42 1.1666824893084173 8 4519 9 1758 10 1785
1490 -0.21532937585375003 2.1369539689455914 1.6330000241561251 73 50 42 1.1666824893084173 8 4520 9 1759 10 1786
1491 1.5076826857529642 1.40988475459914 3.2239782537256993 70 54 44 0.3162294698206003 8 1537 9 1778 10 6094 1 1722
1492 0.055219202355973669 2.1152535528324239 1.8648503105627559 130 128 140 0.69267792946692675 8 4510 9 1788 10 1880 1 1469
1493 -0.25330999963830048 2.1493819687986941 1.6435978844092589 21 4 4 0.7897118563401232 8 1820 9 1804 10 1816
1494 -0.2704178575563691 2.3169380702894573 1.5556294341714509 40 28 26 1.2737286495945752 8 1839 9 1807 10 1798
1495 -0.067084724596176287 2.1775479286796369 1.7791119272260658 121 120 134 0.20812851705129023 8 1811 9 1815 10 1875
1496 -0.28221717235845334 2.2364432614233318 1.6294996960414994 104 81 73 0.64993367942430924 8 1870 9 1834 10 1848
1497 -0.19049986938331717 2.6891842712881275 1.522303812846262 86 81 87 0.34837006418936384 8 1924 9 1857 10 1843
1498 1.1550949977994758 1.5323620282768813 3.0346072528117487 106 104 79 0.39472900319257143 8 1669 9 1860 10 4564
1499 -0.050244465799653179 2.3109826926628059 1.8767349421212731 116 114 126 0.92544761175163093 7 2081 9 1915 10 1994
1500 -0.64604718463471844 2.7717076283769879 1.2406631774640751 171 203 127 0.52313405666560242 8 2067 9 1919 10 1814
1501 0.0063814857633610854 2.294014910752793 1.9431347653851767 107 105 116 0.72115327035174315 8 1920 9 1926 10 2030 1 1594 11 1598
1502 0.96500770258751889 1.521150554286506 3.051163004571503 194 205 138 1.3124233886707968 8 1774 9 1956 10 4639 1 1792
1503 1.0429676817641653 1.4159421845907563 3.2225115191835481 217 227 158 0.11530478299772329 8 1792 9 2017 10 2505
1504 -0.5733662143944358 1.7940612334150086 1.887733205533084 254 252 253 0.3769534774127723 8 2056 9 2076 10 4475
1505 -0.08547600158411521 1.7368405284556274 2.326983324729738 71 70 72 0.58204045788583136 8 2005 9 2107 10 4578 11 1753
1506 -0.011647021840510393 1.716592748813325 2.3954984567061186 124 134 143 0.51495136759854232 8 1991 9 2111 10 2332 1 1716
1507 0.83727885102413679 1.4702375018416567 3.1597716049758078 122 108 81 0.69015630440666287 8 1891 9 2124 10 4746
1508 -0.097830074646088533 1.7487062021528672 2.3273539850196441 111 122 128 0.57719557222464224 8 2020 9 2126 10 2313 1 1709
1509 0.31015272258744819 1.812544167348729 2.6481173514393479 143 182 88 0.51300125863339963 8 2003 9 2139 10 4655
1510 0.84861501761019287 1.4212179442523254 3.2338695856091064 64 56 52 0.17480344149617463 8 1909 9 2159 10 4789
1511 -0.16249687962349491 1.8129939762684533 2.3045462837117969 62 61 73 0.52136630717637256 8 2089 9 2170 10 2340
1512 -0.67906586603698371 2.0054951409579251 1.9274887418465321 46 52 60 0.46590145753268397 8 2270 9 2257 10 2293 1 1687
1513 -0.25955559806708539 1.9981386304552111 2.2797966107915304 55 54 60 0.29239686117413705 8 2213 9 2270 10 2418
1514 -0.76987707033069008 2.0437112312696382 1.8576542054638208 90 98 103 0.52216366689443294 8 2308 9 2278 10 2280
1515 -0.85439498864433239 2.0535277029062495 1.7909717163314232 44 51 61 0.78596020508283049 8 2330 9 2284 10 2260 11 1465
1516 -0.67971901500467102 2.0459748785300707 1.9508099560958805 140 152 164 0.19955889622623704 8 2313 9 2299 10 2325
1517 -0.89418207581198106 2.0822283575197531 1.7644533931328763 63 67 78 0.68284793358328211 8 4859 9 2301 10 2261
1518 0.57131992151439337 1.4119787298331195 3.2418489873102905 109 112 46 0.40863933858898366 8 2084 9 2357 10 2825
1519 0.50488987113152073 1.4612990208071615 3.1714681773915867 146 131 93 0.68155406678736885 8 2104 9 2359 10 4905
1520 0.72989286036332035 1.2670547779727601 3.4750194421205518 141 140 87 1.7417137118171482 8 2083 9 2397 10 5014
1521 -0.72907399305146392 2.2341768735226344 2.0322622217240998 30 33 42 0.26757666660894958 8 2493 9 2469 10 2477
1522 -0.30961306728596893 1.9876554718614363 2.4841086010970859 61 70 41 0.39166950904432474 8 2391 9 2483 10 2641
1523 -0.28311128331296614 1.9045127153009986 2.5382274889130318 125 112 70 0.45290642140019283 8 2380 9 2489 10 2670
1524 -0.87591998645840752 2.3186472219203527 1.9526645053875242 16 17 18 0.14354807738973785 7 2810 9 2530 10 2489
1525 0.24279341905898924 1.4823866125752745 3.1587240795782057 207 212 162 0.5341381795661605 8 2288 9 2541 10 2972
1526 -0.48134138078252997 2.0459938948348779 2.406831077396876 96 95 68 1.2076474843390568 7 2589 9 2561 10 2679
1527 -0.62683420787206801 2.0805647843160155 2.341804405725985 189 183 133 0.96247884968309139 8 2591 9 2628 10 2707
1528 -0.72709605766906749 2.1792006173129077 2.2348929816797853 223 246 191 0.54124723168037314 8 2636 9 2633 10 2661
1529 -0.59853425175036901 2.0399448910246765 2.4242596501829077 134 122 93 0.72032443774753785 8 2622 9 2673 10 2763
1530 -0.33600648655805493 1.8092768900074223 2.7185993884901878 67 74 37 0.62967313751519327 8 2536 9 2680 10 2892
1531 -1.5846742551079933 2.6999507562497391 1.4068149795845952 110 121 88 0.32429043172265498 8 2927 9 2689 10 2428
1532 -0.34932681083877015 1.8246803673962486 2.717417280816766 161 176 124 0.68900054050056625 8 2551 9 2690 10 2901
1533 -1.6707833256374647 2.7596832892420409 1.3243386598778779 220 234 144 0.54775476853776894 8 5333 9 2693 10 2399
1534 -0.45919384029649224 1.8796569259817961 2.6485714390539585 141 134 106 0.63536208309139874 8 2616 9 2732 10 2904
1535 -0.98325244886244456 2.2704871433750213 2.1164522576608582 39 40 33 0.8316991717599983 8 2782 9 2763 10 4857
1536 -0.87133896927330301 2.0617851813351362 2.3928852050781577 248 253 219 0.27093810905900378 8 2830 9 2901 10 2926
1537 4.6421130567391327 3.6614776580555848 -2.1667576085351441 141 172 201 1.4709443816668328 8 120 9 3241 10 3145 11 380
1538 3.2342104560823426 6.3122614200652105 -5.4885288938669818 172 194 214 1.1841716937426536 8 3420 9 3244 10 3126 1 282 11 3235
1539 4.7178843784182956 3.425260231550697 -1.8001959052944749 133 164 190 1.2475288948724539 8 3395 9 3259 10 3166 1 325
1540 4.9319408871513328 3.2629178849485796 -1.5445927659898855 99 120 144 1.2319263148606181 8 3394 9 3260 1 3286 11 5362
1541 5.0751100474708011 3.2077108562138545 -1.4382445196699287 81 88 112 0.25657191217951114 7 3510 9 3261 10 5154 1 3292
1542 5.0772569829052898 3.2086136613710754 -1.4392638684091061 81 88 112 0.37309987590848204 7 3511 9 3262 10 5153 1 3291 11 5369
1543 3.0505724869505784 4.381160724012906 -3.2107412917928766 145 177 202 1.1830257703108806 8 3421 9 3266 10 86 7 249
1544 5.539908270939172 8.1816506559398707 -6.8748801049059693 143 149 164 0.63761354846865392 8 5680 9 3277 1 313
1545 3.7043133848729526 4.0513824768870972 -2.6111951360608572 146 173 200 0.34277572761171149 8 3427 9 3281 10 3169 1 329
1546 3.2397129961989832 4.31679362483621 -3.0009689076205182 144 172 196 0.48751035241145968 7 5859 9 3283 10 3161 1 322
1547 4.2485799580547656 4.1376740130128269 -2.2323034629095817 18 40 79 0.092208981078908764 8 220 9 3322
1548 4.210870569248292 4.2801326380337521 -2.2622684775399451 104 132 153 0.18862622867425471 8 5710 9 3335
1549 3.533633712507664 3.3764838323674571 -1.3931089043104803 165 183 183 0.31518474053622975 6 7889 7 5884 9 3358
1550 3.5346329646059829 3.3768041373709319 -1.3933614183871283 165 183 183 0.34940905700016811 6 7890 9 3359 10 3264 7 5885
1551 4.5125886559748549 2.9221772596583193 -0.42603730928429806 119 136 146 0.82593402202659183 6 458 8 5738 9 3382 10 5273 1 3420 11 5425
1552 3.0028417092934663 6.7708516488392547 -4.5018638089494472 25 19 23 0.19625019523349321 8 3609 9 3411 1 495
1553 6.9772644603099563 1.827211664796331 1.8135750263906447 83 101 105 0.23797457923101059 8 3526 9 3426 1 3495
1554 3.5378001924674787 3.7430856690902665 -1.076792441006855 167 179 177 0.6731656238826127 8 3604 9 3440 1 532
1555 3.7055903510213293 3.6376501738108655 -0.90931715975375471 164 176 176 1.1283773152994978 6 6369 9 3442 10 5306 1 536 11 3491
1556 4.5366387942790398 3.1944592591575258 -0.18271179509845659 53 65 77 0.80125567012127252 7 430 9 3444 10 3343 1 3480 11 5473
1557 5.7708355544947256 2.6435049684105998 0.88617443077181868 31 34 39 0.26819413046566226 8 3592 9 3461 10 5341
1558 5.7708355544947256 2.6435049684105998 0.88617443077181868 31 34 39 0.26819413046566226 8 3591 9 3462 10 5340
1559 4.5353028581632238 3.2911801505214862 -0.11527656927229173 131 156 167 0.35127747111562801 8 3608 9 3472 10 3360 11 745
1560 1.6227959897307769 4.8236951078011758 -2.5894551529294461 65 84 98 1.7126992224664175 7 7524 9 3475 1 528
1561 0.97509848934207044 5.1699489884790673 -3.0626937072293599 189 216 212 0.31063226831431318 8 3660 9 3480 10 346
1562 1.2968190367223953 5.0802098807132525 -2.7499114955833264 192 208 203 0.65987959957584141 8 3673 9 3494 10 362 1 540
1563 1.2962662238700167 5.0791297038679719 -2.7493442728726385 192 208 203 0.76367573634553343 8 3674 9 3495 10 363
1565 0.96489103630188611 4.0045389183734983 -1.7242334332301805 110 119 111 1.5831315178559202 7 3849 9 3508 10 5325 11 504
1566 0.30408833424634552 4.3558153938996096 -2.2602730488904905 233 242 240 0.60521539855430273 8 3709 9 3515 10 394
1567 3.1069773056419918 2.5993633908113658 1.2976256996785522 116 120 69 0.49928951102089508 8 3771 9 3631 10 3600
1568 1.212272762387566 2.6342936581273375 0.85453314889521803 41 43 55 0.17157506864963412 8 3966 9 3817 10 3687 1 3682
1569 3.0040223354485311 1.9899932820123252 2.3148873753051604 209 210 119 0.65521622949696801 7 851 8 797 9 3836
1570 2.9020311695647916 2.0366788585283904 2.225649233630187 89 88 60 0.71153665534638555 8 3890 9 3837 10 3834 1 3806
1571 2.6287934256738099 2.0708564648355554 2.1884919892980488 83 77 19 0.81962911560177099 8 3947 9 3872 10 5675 1 3833
1572 2.179782788049514 2.2532246769226334 1.8636379013193767 233 241 159 0.99935930993126887 8 3987 9 3879 10 3851
1573 1.847455190538343 2.475633951445201 1.6057130522573428 217 210 130 1.0917892567752261 8 976 9 3903 10 3842
1574 0.78292768280900094 2.4100420301759304 1.1019517838178516 175 133 121 1.587609528753585 8 1045 9 3923 10 5642 1 971
1575 1.0285580122714084 2.53859351952782 1.1883548923025649 248 196 166 0.39152979899642121 8 4075 9 3938 10 3833
1576 2.4497001806100562 1.7923188890220199 2.5789277160234669 133 163 74 1.2193309894936968 7 1017 8 973 9 3972
1577 1.7597660515628848 2.241043665309379 1.9047961753299403 96 91 29 0.47185860353799364 8 1042 9 3976 10 3952
1578 2.3459297125896672 1.8234840974754374 2.5547737231356482 255 255 252 0.60475239920789514 8 1005 9 3983 1 1233 10 4047
1579 -0.50326336707054797 3.744465164565816 -0.31301375916361707 101 106 106 0.96340452895961093 8 6266 9 4002 10 3735
1580 2.565977829894309 1.6283553960822985 2.8941046109686934 251 252 220 1.0977475188533194 8 1018 9 4014 10 5837 1 3998
1581 1.4409890394214686 2.2275831253263374 1.9866707870366496 234 232 175 0.81403605196991879 8 4153 9 4054 10 5791
1582 0.23777217346722479 2.1892925251216284 1.294510997291429 48 34 33 0.93732234617901489 8 6225 9 4058 10 3965
1583 0.23777217346722479 2.1892925251216284 1.294510997291429 48 34 33 0.93732234617901489 8 6224 9 4059 10 3966
1584 1.963703092540181 1.7232324072540564 2.7418128705876015 151 156 88 0.60014714710551897 8 1175 9 4106 10 5895 1 1403
1585 1.327396698476131 2.0585832530143886 2.2740355971447275 250 249 204 0.78072508156978992 8 1338 9 4154 10 5886 1 1393
1586 1.8807175154229607 1.5776572583050976 2.95249855243868 154 144 93 0.48194684560960349 8 4200 9 4178 10 5954
1587 1.5186792146960835 1.841743816797371 2.5759338955505933 218 207 160 1.4630077244009039 8 1328 9 4181 10 5914
1588 1.7994575182227068 1.5270443561875262 3.0428935999172442 141 138 104 0.51606750781457578 8 1344 9 4214 10 5991 1 1565 11 4619
1589 1.7123587225455701 1.4782643890213163 3.1237275393680557 244 236 201 0.25886124463345955 8 1415 9 4258 10 4427
1590 1.2001952216835285 1.8506265888491771 2.5902723329879334 227 220 202 0.30366979907300062 8 1503 9 4264 10 4341
1591 0.98811538756271333 2.0093150235722801 2.3674619002643746 246 223 173 1.2121420258283706 8 4355 9 4267 10 5958 1 1506
1592 1.2033098558406718 1.8218068104558169 2.6215690917496128 250 241 175 0.98129360036170843 8 4335 9 4270 10 4350 1 1558
1593 1.758348591031456 1.3815456419985059 3.2694869547796377 91 80 24 0.97909598969313727 8 1445 9 4295 10 6054 1 1662
1594 -0.16181470140538759 2.3754635558176322 1.4696166778739774 56 44 44 0.38896975047118304 8 4488 9 4312 10 1670
1595 -0.17685177693909376 2.0259544212471718 1.647544213678062 49 30 27 0.27438643498375381 8 4463 9 4319 10 1731
1596 -0.17685177693909376 2.0259544212471718 1.647544213678062 49 30 27 0.27438643498375381 8 4462 9 4320 10 1732
1597 1.3893326768349958 1.5804289411299113 2.9726719336417902 132 135 78 0.87677301678629216 8 4345 9 4327 10 4454 1 1640
1598 1.3283699453807063 1.5605315257720325 2.9998078747089645 242 243 223 0.89011353575936769 8 1552 9 4356 10 4493 1 1669
1599 -0.017003747077786471 2.1412072788442416 1.7753427356433429 167 161 158 0.25289049942146063 8 4500 9 4361 10 4293
1600 1.6412791610474091 1.3104260962598415 3.3858473357911816 185 187 128 1.0030771429468857 8 1528 9 4380 10 6120 1 1750
1601 1.583314616089424 1.3184164669896619 3.3902015379387609 237 238 217 0.5512888746984882 8 1556 9 4408 10 6136
1602 1.5183760773480826 1.3295723012534619 3.3574378523090678 233 235 196 1.0539001605747278 8 1576 9 4416 10 4611
1603 1.0381541798013751 1.6079253027923046 2.9536455272625011 255 253 232 0.21752141482630058 8 1710 9 4448 10 6107
1604 0.034437968590065031 1.6779414673448689 2.4169901325040279 125 134 143 1.01763032765035 8 4631 9 4599 10 6122 1 4236
1605 0.014311822325421402 1.6836787870677545 2.3994452508418034 134 144 150 0.2957687025918096 8 1972 9 4600 10 4585 1 1696
1606 0.90287898163353297 1.4053546868625224 3.1990441469566768 234 229 153 1.5473385291080011 8 1844 9 4603 10 6226
1607 1.072560812599531 1.2525212624382374 3.4570342591070671 192 189 138 1.3279685081112731 8 1850 9 4632 10 6307
1608 0.74043029642949587 1.5084066604045128 3.119262017127554 201 194 143 0.54510611715462742 8 4613 9 4642 10 6242
1609 0.58700302286993533 1.49563907052217 3.0438876838112701 196 204 121 0.80081172670587242 8 1970 9 4661 10 6252
1610 0.31804159090141759 1.7666382500514159 2.7428019918815107 179 195 111 0.59899767400419368 8 2055 9 4669 10 6193
1611 -0.19589078668455367 1.8664296496744661 2.3127094746812249 105 109 121 0.50224901977346115 8 2139 9 4675 10 4629
1612 -1.8543454526528664 3.1091367012794384 0.67823496377356807 219 215 218 0.43801079411154581 8 5159 9 4750 10 1963
1613 -0.16145583361138921 2.0051622409693977 2.4455642552344781 21 22 24 0.14305003554446544 9 4762 1 1855
1614 -1.8646717301467244 3.1200172624814666 0.68328798883926511 53 50 51 0.19060773508501072 8 5168 9 4769 10 1976
1615 -1.8646717301467244 3.1200172624814666 0.68328798883926511 53 50 51 0.19060773508501072 8 5169 9 4770 10 1977
1616 0.75856443571585319 1.2766984620291877 3.4561001184624196 227 228 214 1.2460854365120386 8 2053 9 4772 10 6400 1 4496 14 6516 15 4250
1617 -0.89381702166336252 2.1688289139670358 1.8198388402134231 112 125 136 0.22304674099609781 8 4929 9 4786 1 1733
1618 -0.89381702166336252 2.1688289139670358 1.8198388402134231 112 125 136 0.22304674099609781 8 4930 9 4787 1 1734
1619 0.34269849016643383 1.4912432364806067 3.0783503115025748 199 199 200 1.4932924207037339 8 2157 9 4797 10 6344 1 2012
1620 -1.5470546009082837 2.9144909229983962 1.0755359136291738 223 226 154 1.4595451951343357 8 2701 9 4811 10 4465
1621 -0.61890935659491131 2.2126059895867285 2.1193399227537788 24 25 28 0.5892516753588195 8 4954 9 4837 10 2496
1622 -0.64683156911577078 2.2322571523854111 2.1153568289820335 20 24 21 0.37833520605839949 8 4975 9 4850 10 4705
1623 -0.82781678732608266 2.2810922894763177 1.9792236915527281 28 53 27 0.50350680784702551 8 5025 9 4865 1 1834
1624 -0.66950819935548067 2.2026142803955966 2.1544337319351601 55 72 55 0.68556642830054237 8 6746 9 4875 10 4737
1625 0.25605025694659561 1.4735252284763551 3.1718394609180174 102 98 78 0.42048069483103112 8 2280 9 4886 10 5019
1626 0.14323902598553875 1.5613960656100681 3.0488335471919679 230 232 171 0.91868340463566656 8 2311 9 4887 10 6395
1627 0.14778483520254429 1.5343804353502899 3.1075570893106477 64 56 33 0.55717506060447064 8 2336 9 4920 10 5021
1628 -0.58990184273769974 2.093275447341544 2.3580975425028914 171 154 100 0.52474867094613831 8 2570 9 4943 10 4847
1629 -0.12136058319907136 1.6978921408136305 2.8778366189415312 56 50 18 0.91455790842595264 7 2401 8 4933 9 4947
1630 -0.50717156629583593 2.0053676366437108 2.4721411204529127 148 121 73 0.62641100958993967 8 2553 9 4959 10 4885
1631 -0.72674475473055733 2.166925298738632 2.2523115608340456 251 251 209 0.95195454686343084 8 5082 9 4965 10 4832
1632 -0.03405148829633492 1.6129278568252459 3.0176732773370794 228 222 206 0.70040581612260711 8 2439 9 4974 10 6442
1633 -0.76955496517613731 2.1660275311774004 2.2598338185325981 190 192 151 0.57991566726088406 8 5127 9 4989 10 2717
1634 -0.54797493722858903 1.9355309051409468 2.5562036379284057 226 223 184 2.5149386959955859 8 2645 9 5008 10 6370
1635 -1.7791227753935672 2.7839264400833899 1.3097638441855091 186 194 135 0.23366042297083389 8 5408 9 5054 10 4680
1636 -1.293264610409633 2.3894356795559801 1.9293982213611536 52 68 25 0.33737751963118351 8 2976 9 5128 10 4869
1637 -0.72557512746234198 1.9435984748562933 2.5562317461544097 231 228 161 1.0703830221737347 8 2787 9 5137 10 5028
1638 -1.6421980001833196 2.6276259079898021 1.5783714880269333 255 249 205 0.99454567228181279 8 5438 9 5139 10 2615
1639 4.3016061877173195 3.6478126377183999 -2.4917902914809225 118 147 177 0.31737392499625189 8 5609 9 5342 10 5109
1640 5.4735618311100014 2.9688146519423135 -1.1075461902593671 97 117 141 0.50590930712566518 7 5798 9 5381 1 3296
1641 3.0971179456620948 4.027790909103131 -1.7655455515957845 105 132 151 0.71844030265933345 7 5933 9 5505 10 5270
1642 3.0971179456620948 4.027790909103131 -1.7655455515957845 105 132 151 0.71844030265933345 7 5934 9 5506 10 5271
1643 3.3439874269455645 3.8172994609962334 -1.3829409719457528 22 31 40 0.32524116332345404 9 5512 10 5291 1 3439
1644 7.0556330390132898 1.7979132460853882 1.8734651102761124 88 107 108 0.59613973372772111 8 3525 9 5516 1 5568
1645 4.1258654274121183 3.439795625989889 -0.51160125648837029 172 202 202 1.3718091634820191 7 5936 9 5535 10 5319 1 5553 11 5451 11 6810
1646 3.6690903059603466 3.7017730999564513 -0.87047082978602019 197 222 218 0.65405314540898141 7 5954 9 5541 10 5316 1 3476 6 6389 11 5439
1647 4.9876159932323914 3.0666237577124855 0.25609659344076718 63 90 109 0.28215844228578935 8 5789 9 5546 10 5332 7 3681
1649 1.1492155509634949 5.0818409417513815 -2.9709318550981418 45 62 80 0.43688165042074795 8 7317 9 5555 10 5297 1 3448
1650 1.1746113629198431 5.2224511989277085 -3.0948274430924152 44 62 80 0.80554440746726375 8 7318 11 3398
1651 1.1028782835644324 5.1987708088593472 -3.0919167651135213 62 82 104 1.8817108247985013 8 5829 9 5557 1 3445 11 472
1652 4.1224237517692428 3.5619045477443008 -0.43205701504561073 145 173 174 0.73088485766820455 8 5801 9 5560 10 6651
1653 2.253407888325393 4.5790595425562142 -1.9833612318369529 221 233 231 1.0213347183691706 7 7521 9 5564 10 5317 11 3447 12 5067
1654 2.8132666712209131 2.9121876755810581 -0.17098316325777285 135 135 127 0.79230404704288282 8 5811 9 5567 10 5336 11 5452
1655 2.7691073469324454 2.9333766344036891 -0.20433947660524451 141 141 135 0.23730076494820412 8 5812 9 5568 10 5337 11 5450
1656 2.1302395090446313 3.3295335103990635 -0.76845832464351516 252 254 253 0.70548257535491843 8 5824 9 5571 10 3365 1 568 7 5997
1657 1.9413247706144547 3.4299105266084999 -0.92473997337479763 226 227 229 1.1864043373956861 7 6004 9 5572 10 3361 8 3652 1 565 11 3465
1658 0.59349618024763018 4.1886675003221816 -2.0057309187691099 148 157 152 0.30761219062286632 8 5853 9 5579 10 5322
1659 3.1537696585232924 2.2195150872818763 1.9513569111268905 90 88 45 1.096804050923861 8 3824 9 5731 10 6780
1660 3.5808706295690791 1.6826729260663331 2.6113769238613247 105 111 109 1.3471528850865 8 3811 9 5738 10 5636 1 3774
1661 2.227808815720183 2.7965871710317449 1.1171230539060406 153 149 79 0.79719177975725586 8 5996 9 5752 10 5548
1662 2.557579999137368 2.3103167196254479 1.668777194097135 131 131 133 0.75346551338211154 8 3854 9 5758 10 3728 1 931 11 4036
1663 2.6871974985765679 2.308287128763348 1.8154430768424528 194 193 157 1.6623362825736177 8 3878 9 5771 10 6794 1 3754
1664 0.84178535606093807 2.7769494150405141 0.57315222454323356 48 53 63 0.53921575712646719 7 6286 9 5783 10 5539 1 5705
1665 3.3610825612394577 1.7815933508147441 2.6345124728580536 54 72 29 0.82606837292489499 8 3858 9 5788 10 6841 1 5814
1666 3.3588887424846412 1.7731567344636427 2.6683289841519313 207 204 111 1.3988429790999792 8 3866 9 5799
1667 2.2578358241046836 2.3005392932369761 1.7963720349636949 242 242 199 0.91953594911705072 8 3961 9 5820 10 5649 1 3795
1668 0.6774871845052971 2.9452273510835925 0.51439957402399572 61 65 77 0.59820504790913431 8 6094 9 5822 10 5579 1 3706 11 3750
1669 2.6808513039535553 2.0009011317666356 2.2909413598385382 154 154 93 0.61449678864096013 8 6034 9 5832 10 6851
1670 2.2010121301558154 2.3289043814789165 1.8050655760051828 109 106 70 0.30244786268654195 8 6059 9 5835 10 6832
1671 0.99629749541381907 2.5116800663136782 1.0727459121812752 38 33 39 2.3253674138222586 8 4036 9 5853 1 5761
1672 -0.47313736486079899 4.0729726978048433 -0.77398630538457613 20 43 2 0.78726130862720689 8 6209 9 5869 1 3667
1673 0.76237886704668367 2.4033532364130958 1.0672076436536309 255 233 212 1.6418796688410677 8 1037 9 5870 10 6811 1 5760
1674 2.236135551581572 1.9646903714642407 2.3486244059341286 209 220 162 2.0298194520161763 8 6088 9 5908 10 6896 1 5885
1675 1.6682315622838879 2.305762484074326 1.8639036506982805 65 52 20 1.4549933299498599 7 6310 9 5927 10 6883 1 5863
1676 1.9041762217784475 2.0495784675880726 2.2102166043754519 72 61 39 0.25187461506112896 8 6127 9 5936 10 5775
1677 1.6160548184767025 2.3007418723025741 1.8877180317138125 233 231 190 0.35171967924611108 8 6148 10 6888
1678 2.4777791219091019 1.5882783534923259 2.9438167352645732 133 133 57 1.3303315024893871 8 4066 9 5974 10 6960 1 5964
1679 2.5288602873179951 1.4914956153053065 3.040895572753842 56 54 46 0.84619818388246915 8 6108 9 5980 10 6968
1680 -0.49055365936864537 3.7986972258668312 -0.14901763853625685 246 248 235 1.3664607510931235 8 6326 9 5996 10 5643 1 1026
1681 1.927537378696605 1.8029654076246848 2.5725863881137476 208 209 149 0.26966791757942482 8 6159 9 5999 10 6955
1682 -0.36822945474776275 3.5641441644678276 0.13913528205317635 220 231 191 1.0916086122236652 7 7903 9 6017
1683 1.2569105536256853 2.2345915773972598 1.9636031001468397 228 218 162 1.3395977962828314 8 6214 9 6021 10 6924 1 3982
1684 1.2312226423892549 2.2438892836869169 1.9807585472374192 208 193 160 1.6161451408977501 8 6220 9 6027 10 6932 1 5931
1685 1.3143459112519202 2.0965547899712198 2.2056947019453013 246 249 220 0.63290580918349104 8 6238 9 6056 1 4025
1686 1.6798681231498682 1.7194769573331901 2.7178302879802008 154 143 82 0.54524944352802784 8 6218 9 6067 10 7002
1687 1.3617872868975898 1.8637993392676133 2.5340101268111579 207 213 153 1.5028871686650023 8 4259 9 6100 1 1463
1688 1.0586575333729624 2.005456752191455 2.3605734652333821 243 243 168 0.8750310450012857 8 6311 9 6129 10 5939 1 1484
1689 1.1931804906085641 1.8757943445448095 2.5585288405181554 251 247 241 0.41278462055557569 8 6306 9 6138 10 5977 1 1532
1690 1.0226554483177956 1.9966882958474714 2.3935777115040398 233 196 150 0.30428777654996503 8 6327 9 6140 10 5962
1691 0.4195390752929487 1.7307236102403334 2.1250019826587843 58 61 69 0.82388436440232793 7 4522 9 6141 10 5935 1 4054
1692 -1.221143257838186 3.4712848006442583 0.16555930556106643 205 209 212 0.74645067613112304 8 6509 9 6160 10 4012
1693 1.086471772103214 1.6263212825255242 2.8956219024557703 243 227 156 0.48025915281932985 8 4428 9 6213 10 6078
1694 -1.5219410690063488 3.5353881235317388 0.16445601660840603 122 150 76 1.5703695728579252 8 6612 9 6224 1 1308
1695 -1.5722341054739644 3.560731561395178 0.13071840672119769 101 106 50 1.1942475704218534 8 6625 9 6226 10 4100 1 3989
1696 -1.2663780320881863 3.3150119259497615 0.4815323598979217 205 219 171 0.83845508462190921 8 7767 9 6231 10 4152
1697 1.3913405190148487 1.3192041352304191 3.3722353154255709 107 102 61 0.64928063193685326 8 4431 9 6243 10 6176
1698 -0.13134049940647885 1.7655550434305931 2.3052514768372001 99 106 114 0.62879135001055397 8 4674 9 6320 1 4239
1699 1.1160448732361374 1.2290112688995971 3.4979709378347699 99 95 64 1.0442948163099743 8 6452 9 6324 10 7280
1700 0.89865514430257432 1.3758920251298046 3.2863803577695365 75 57 40 0.34364349948477857 8 6468 9 6330 10 7253 1 6224
1701 1.092570703641768 1.2508731022457866 3.4944470552248004 209 211 172 1.245684128206243 8 1865 9 6333 10 6319
1702 1.0786733285693955 1.2143116353698074 3.540818077009479 248 250 239 0.921599657429783 8 4579 9 6343 10 7294
1703 0.30487342878226698 1.7852724585467372 2.7391815267552873 108 116 64 0.64578516112871798 8 4685 9 6354 10 6201 1 4340
1704 -0.68324925715389973 1.9689488463996869 1.889338616711506 46 61 82 1.8554369248692175 8 6618 9 6355 10 4542 1 1648
1705 0.54341074268328904 1.5103610029824466 3.0605320343185274 180 175 122 0.93372058846838968 8 4660 9 6363 10 7255 1 6222
1706 -0.14174577954927281 1.8823725294882168 2.382031683607404 31 37 43 1.2117876243998069 8 6585 9 6364 10 6168 1 6160 11 4401
1707 0.33514128144337801 1.6894078642382711 2.8397261100441455 67 49 15 0.93091401996792367 8 6540 9 6367 10 6232
1708 0.11529823732931575 1.82854681130395 2.6197836593746913 56 52 40 0.70199188354263098 8 6567 9 6371 10 7204
1709 -0.45023759373118805 2.0883309429787453 2.1582963024899127 194 185 186 0.57009218172452647 8 6654 9 6399 10 6163 1 1793
1710 -0.70580779987147668 2.0969136744681758 1.957185966236709 25 31 43 0.6890957647882987 8 4862 9 6403 10 6139 1 4269
1711 -0.82361282681605474 2.1368149725315884 1.8691623999265277 20 23 37 1.0447894264037729 8 6686 9 6414 10 6134 1 4263 11 1542
1712 0.86316731532574886 1.2007912337929705 3.572345894400685 234 230 210 0.30536398628519795 8 4664 9 6424 10 7356
1713 -0.057072757195759591 1.8624022664860684 2.6052098145336866 147 186 83 0.8182719089300905 8 7786 9 6429 10 7231
1714 -0.90224693777906473 2.1917198660989627 1.8262336398514738 54 62 73 0.22634225971240743 8 6712 9 6440 10 4612 1 4270
1715 0.60150198030847324 1.319351366255489 3.3753254378946895 161 156 135 0.82568766331159882 8 6563 9 6445 10 7342
1716 0.11605540162510253 1.7244050734937202 2.8448141521731172 154 138 120 0.83684864481630294 8 4783 9 6447 10 6312 1 4427
1717 0.56288574279529868 1.3211830105021625 3.3943894477014482 237 238 207 1.235829652071498 8 4734 9 6461 10 7368
1718 -0.052256002613052854 1.8106616209437083 2.7376088113854502 194 195 146 0.94060774664582014 8 4839 9 6473 10 6316
1719 0.56491224792144534 1.2966820650946103 3.4221805440254234 206 208 165 1.1910403725345999 8 4740 9 6480 10 7377
1720 -0.37426988925461585 1.9687911033375842 2.5167128629205573 60 54 44 0.44454178807702371 8 6720 9 6517 1 4430
1721 -0.90587207993711283 2.3317944572932365 1.9845496478337163 24 28 30 0.59628432899066675 8 6796 10 7217
1722 0.055844225229947496 1.6025359169954478 3.0315478988758198 231 230 202 0.39834844764140925 8 6678 9 6549 10 7348 1 4522
1723 -0.84619824324282555 2.2923651188103213 2.0636446547161009 61 77 69 1.207381226792396 8 5085 9 6550 10 6237
1724 -0.74707438573811924 2.2058213376976123 2.1875666299519656 33 28 14 1.251732712959986 8 6786 9 6556 10 6275
1725 0.0086041480766655028 1.6088829253694241 3.0328687815185167 255 253 240 0.56592803631766031 8 6695 9 6568 10 6437
1726 -0.37626572023386795 1.8891954656904206 2.6686601740333615 247 248 239 1.0963415038770503 8 5034 9 6587 10 6375
1727 -1.1995653416563321 2.4303041912540566 1.8628566802928981 47 41 34 0.69714254203476367 8 5245 9 6618 10 4772
1728 -0.68691696927815693 1.9918025053945314 2.494854165479008 227 242 158 1.0280083182834288 8 6847 9 6650 10 6392 1 2110
1729 -0.61790074296246944 1.7957370235223709 2.7510493929681079 198 172 111 0.73210541092900161 7 5341 9 6725 1 2244
1730 0.092173165865922391 1.2586041740033298 3.5162557203966212 241 241 213 0.46602801131537763 8 5049 9 6726 1 4771
1731 -1.1820089327567891 2.2145338873536144 2.1816394513135142 187 188 130 1.0249676017725546 8 5377 9 6736 10 6397
1732 -0.5760422995492982 1.732754763279065 2.8773251978490184 207 217 154 1.5584243572621033 7 5350 9 6754 1 2318
1733 -1.6843196660130335 2.5087089046571025 1.7571693822957839 140 123 77 1.5384093316436929 8 7133 9 6788 10 4910
1734 3.3808039916082704 6.2983704928160442 -5.6576687605094031 165 188 206 1.502621036603885 8 7178 9 6820 10 6484
1735 4.1759177549203281 3.6539817380711543 -2.3031906687600734 35 46 64 1.6710409335784115 8 8158 9 6826 10 7409 11 7655
1736 4.2081021706245778 3.7203221277047018 -2.1532443802161416 128 158 184 0.37246165769524209 8 7195 9 6839 10 6506 1 6907
1737 3.0574786358230654 4.6321072437292488 -3.4282510424144563 107 119 145 0.72021407465201026 9 6843 11 6699
1738 3.0579295149203851 3.5832193450682865 -1.8674069825942698 69 75 75 0.19440044165137602 8 7223 9 6870 11 5356
1739 6.9671995163516884 3.0718757454839123 0.44741738578822376 53 73 99 0.13168258196337856 8 7254 9 6911 10 6619
1740 4.8656169280214643 3.0091700701739001 0.021944346945512148 30 37 31 0.56170401759620647 8 7270 9 6927 10 7473 1 6998
1741 1.6286215566562672 4.8270236472643626 -2.6624460763931834 186 214 217 1.4678896269671888 8 7303 9 6944 1 5538 11 5379 12 6207 13 7033
1742 4.8823727322788573 3.1284741790097574 0.18311714506022395 37 52 67 0.72296442743561196 7 7453 8 7292 9 6950 10 7481
1743 1.492488946643316 4.9220522864921703 -2.7199502214938405 44 58 71 0.36745712309660511 8 7309 9 6952 10 6610 1 3452
1744 1.2058920259836372 5.046207934053478 -2.9236092388648909 49 67 84 0.50078970211268148 8 7315 9 6953 1 3447
1745 3.0987111212676024 4.1074735818722523 -1.2892775925092084 223 232 229 0.20425930789584856 8 7299 9 6960 10 6636 6 9025
1746 1.7327843148868269 2.3894622193281592 1.7420446718497147 51 39 2 1.1845283214116036 7 6294 9 7163 10 7653 1 5835
1747 2.4816633047440848 1.6528882012611443 2.8276133101655527 231 241 180 0.36616747956975165 8 6097 9 7182 10 7717
1748 0.61975666641472049 2.2927170425011312 1.3936640391070148 254 227 205 1.1736942973710185 9 7200 10 7661 1 5836
1749 -0.86408261568037192 3.8504442783877586 -0.43158932245791676 137 146 145 1.1357273884423089 8 7642 9 7213 10 5619 11 815
1750 1.7821951251574926 1.9887763492193444 2.3342520738990542 152 149 88 1.0291842390254966 8 6163 9 7214 10 6926 1 5926
1751 1.7821951251574926 1.9887763492193444 2.3342520738990542 152 149 88 1.0291842390254966 8 6164 9 7215 10 6927 1 5927
1752 1.5447978579798041 2.0931179878081485 2.2170255246353192 195 191 125 0.72288161066577794 8 6200 9 7231 10 7721
1753 2.0427133930918902 1.5526567907583182 2.9202514934361465 145 159 101 1.2216120951339173 8 7542 9 7246 10 7756 1 7247
1754 1.3605387178989623 1.8490961898761085 2.5795357168639272 236 235 198 0.58099580075386059 8 6271 9 7299 10 7018
1755 1.3605387178989623 1.8490961898761085 2.5795357168639272 236 235 198 0.58099580075386059 8 6272 9 7300 10 7017
1756 -1.2189506415998501 3.4126764108299321 0.084241488416266913 77 86 103 0.71952773593579167 7 8795 8 8529 9 7310
1757 -1.2178316840080641 3.4132033205586985 0.083739701623069956 77 86 103 1.1660429064466173 8 8530 9 7311 1 3890
1758 -0.16254560111614699 2.253859935915532 1.5258021246254285 33 28 29 2.7487920353645139 8 8502 9 7333
1759 1.5772437633418184 1.4092895549789826 3.2221494726368922 231 236 171 0.2811609991287054 7 6409 8 7629 9 7346 10 7134
1760 1.6502780906794627 1.363610199081946 3.318534304081596 219 212 144 0.19524555862143328 9 7350 10 7843
1761 -1.393761646058415 3.4164582168619875 0.30914175960723539 242 251 195 0.92774813515475607 8 7771 9 7374 10 5832 1 1316
1762 1.3129896545176871 1.2988240395081283 3.363236944768746 232 223 175 1.2270164485822754 8 6378 9 7402 10 7199
1763 1.231036179675431 1.210577877638277 3.5470508787970823 246 246 220 1.5877581762234836 8 6423 9 7444 10 7936
1764 0.80105014632660476 1.4446833004122763 3.1997701630216127 247 242 222 0.46856129819564335 8 6483 9 7470 10 7925
1765 1.0105244845858168 1.2237727424063847 3.5358730697057643 248 246 231 1.1025865785925479 8 6486 9 7490 10 7967 1 6278 14 6606
1766 0.40236296526935811 1.6005845032393338 2.9763879096057098 246 226 144 2.3911197511633069 7 6695 10 8409
1767 -0.39587792969293145 2.0487885614082786 2.2190348175280006 214 209 213 0.53332858734991451 7 8021 8 7800 9 7511 11 4345
1768 -0.27716005699009894 2.0551023676371831 2.3620927413014794 23 26 31 0.29011807228409275 8 7806 9 7524 10 7206
1769 0.57510518275104938 1.3870924558213731 3.3042253683104907 173 179 126 1.6023923730417522 8 6561 9 7526 10 7981
1770 -0.62395575301763129 2.2149549712665588 2.1350969991669753 28 31 31 0.96061821864338892 8 7844 9 7549 10 7207
1771 -0.5389002308945029 2.0659487710638276 2.3859328839321154 204 200 170 0.63704015419785198 8 7856 9 7596 10 7938 1 4420
1772 -1.965142239761033 3.0559148154392859 0.89863810731920224 190 203 132 1.0108040158276765 8 8029 9 7605 10 6076 1 4240
1773 -0.62675279906459092 2.0976450525419255 2.3257595361469332 72 73 58 1.0582263868122233 8 6771 9 7608 10 6298
1774 -0.05484277459313408 1.6324493300752965 2.9783590959514239 207 203 177 1.0570302876800632 8 6705 9 7616 10 7359
1775 -0.23385731687150865 1.7590806526719629 2.7924137341638624 65 62 47 0.48842256980409154 8 6727 9 7618 10 7323
1776 -0.71956518341904252 2.1521241316774593 2.2785140254364196 244 250 211 1.0017984259665089 8 7903 9 7621 10 7274
1777 -0.34082376952306614 1.793462678270467 2.7618026280909231 129 143 99 0.84290907499784473 8 6765 9 7631 10 7344 1 6320
1778 -1.5865794031665716 2.69541491360869 1.4401754704958074 108 104 77 0.17020812436989746 8 8742 9 7636
1779 -0.42008167581400446 1.8533984669507559 2.6878030290055221 139 151 95 0.25499599750697038 8 6778 9 7637 10 7335
1780 -0.52115089403189674 1.8619358635539485 2.6712623313273069 99 84 49 1.1843790911304897 7 8106 9 7661 10 7995 1 6329
1781 -0.96100069050440506 2.1684945949442547 2.2596829880155052 235 232 199 0.51467669301944607 8 7967 9 7681 10 7310
1782 -1.8566172790537487 2.7733642634524589 1.3548127450021616 250 255 218 1.2842201367294508 9 7695 10 6207
1783 -1.0525675213475858 2.1629992607912683 2.2519747364718286 227 236 175 1.3030303013893403 8 6941 9 7712
1784 -1.3527923409194005 2.3794931712304268 1.9395856979274309 228 245 183 2.26843483828238 8 8045 9 7713 1 4458
1785 4.1859859906253964 3.4499500427891281 -2.6030164932866713 51 75 99 0.77142748289144658 7 8993 8 8822 9 7783
1786 3.7839759094099801 4.2609025439221613 -2.70469594814818 135 165 167 1.1679314133028023 7 9022 9 7811 10 7425 11 6721
1787 3.9948161338440746 3.5586949322590833 -1.8237912082402592 56 51 63 0.82549071226362847 8 8856 9 7820 1 6918
1788 3.0772556929716814 2.7950982607084747 0.089826140351833866 125 175 140 0.3277980548255281 8 7298 9 7870 10 7483 1 7014 11 6837
1789 2.712412713799417 3.1843031634093824 0.25108821181159252 61 101 83 0.76090966499617974 8 8255 10 8115
1790 2.2908502370882253 2.4720007883735469 1.4531683829274302 230 218 136 1.4689241227301899 8 8944 9 7937 10 7591 1 5738
1791 2.4638028048353116 2.3140541588155026 1.7705183216168134 175 174 126 0.78511669075187329 8 8315 9 7950 10 7613
1792 1.2356172432588979 2.6532886140331606 0.88487753515609457 41 43 55 0.45169409433933333 8 8334 9 7951 1 7084
1793 2.1739496481807343 2.0536875322871682 2.1923483201208027 189 186 151 1.2673434891568214 8 8357 9 7995 10 8227
1794 2.1260751209173612 2.0913535489840367 2.1386775907863571 195 192 108 1.2514204717950386 8 7491 9 7996 10 8226
1795 0.027863072874548436 3.6118675725170548 -0.0022458959438729788 153 145 91 0.78167976710605958 8 9019 10 7597
1796 2.1583311018624327 1.9555459877897783 2.415874474028131 232 227 194 0.45732939330554423 8 7512 9 8008 10 7693
1797 1.4837600858216873 2.2629225199083334 1.9388187338738605 236 233 180 1.5476457654829996 8 8392 9 8026 1 8081
1798 2.2211947420342533 1.7007465566082602 2.7375414789279096 72 74 40 1.6336594955738253 8 7517 9 8027 10 8269 1 8104
1799 1.446829685903702 2.2872452533883374 1.8988176141065771 90 80 29 1.6487181633736476 8 8393 9 8028 10 8237 1 7189
1800 0.28197201019885815 2.5535607863924978 1.081328008126279 36 27 30 1.6700677213524819 8 9023 9 8032 10 6869
1801 1.9173929926716031 1.5519127541118789 2.991098479816237 235 233 203 0.23052520171305804 8 7568 9 8061 10 8303
1802 0.36698730554051429 2.1417933386971368 1.6558520919096567 180 138 126 1.031463614720421 8 7612 9 8064 1 7213
1803 1.7763533412124952 1.5728326730588087 2.9543560293257318 187 176 99 0.55861153005016095 8 7584 9 8074 10 8308
1804 -1.2106457050303949 3.4620086687440357 0.1622356521988296 217 220 229 1.0766576119511233 8 9088 9 8112 10 7677
1805 -1.3129387740422043 3.5189558864116419 0.16117939434536155 49 61 19 0.34486561253499781 8 8561 9 8118 10 6916
1806 0.93166323699054499 1.8340228032766654 2.578698537291547 181 173 92 1.2966159400199624 8 8477 9 8121 10 8326 1 7290
1807 1.471149220730642 1.4540298181257196 3.1548205453225244 130 108 63 0.67148813016706244 8 7637 9 8122 10 8357 1 7330
1808 -1.3477987594965841 3.4559558948168974 0.24255270914324956 170 196 104 1.3201135039446392 8 9110 10 7704
1809 1.434681033243342 1.2759749034306227 3.4283635879741858 225 234 169 1.7249568668149495 8 7663 9 8168 10 8384
1810 0.087076885649169072 1.6371184950841535 2.4387019350573489 85 86 90 0.46907920481898424 8 7722 9 8190 10 7855
1811 0.53326237486973072 1.7606160899442229 2.7369668296088832 209 200 143 1.9475821360201013 8 7718 9 8197 1 7367
1812 -0.5692348053147781 1.8197814313853926 1.9065395981617723 131 132 138 1.1751798307141559 8 8562 9 8200 10 8345
1813 -0.15679496954707342 1.782846899079817 2.2917080802849674 150 154 164 0.76147368822654615 8 7744 9 8206 10 7860 1 7336 11 7155
1814 -1.6575386002866912 3.2606616982935259 0.57944284602995388 180 215 151 0.5053331537795035 8 8667 9 8212 1 6022
1815 -1.6576805775328549 3.2599712782784067 0.57954768472593532 180 215 151 0.68926931983400141 8 8666 9 8213
1816 -0.23114299443091452 1.9555254385468197 2.3292430567573312 31 35 44 0.6780777968022248 8 8591 9 8230 10 7886
1817 -0.75133802646315351 2.0857392809741917 1.908436874040027 96 108 120 0.57231265876628945 8 8628 9 8237 10 7866 1 7345
1818 -0.032061756402482516 1.8593830796589867 2.5871721140500092 28 32 19 2.263429060825124 8 7782 9 8240 11 7249
1819 0.64957510980831534 1.3141793551791523 3.3813371764266629 206 205 163 1.4233161126221192 8 7754 9 8254 10 8448
1820 -1.6952770930559817 3.0217502138131085 0.96049290042322033 50 70 16 1.0667124870841254 8 9200 9 8262 10 7812
1821 -0.30925282379122115 1.9017114214318465 2.5286134941336096 116 95 65 1.9862468094133829 8 7829 9 8275 1 6233
1822 -1.2578013727950375 2.6021909790440421 1.5913234841112871 55 63 23 0.8795663984444676 8 8707 9 8281 10 7879
1823 -1.2578013727950375 2.6021909790440421 1.5913234841112871 55 63 23 0.8795663984444676 8 8706 9 8282 10 7880
1824 -0.71627291094317569 2.2135534553120371 2.1746192993574103 100 143 66 1.6320704918051852 8 7865 9 8286 10 7919 1 7408
1825 -0.62446344611074289 2.0787357815191108 2.3499290479504822 245 238 211 0.014815487974498181 8 7869 10 7277
1826 -1.6024414678377745 2.6926551584275673 1.4672966971121681 232 219 147 2.195965167779939 9 8327 10 7203 1 6193
1827 -0.7716977798817648 2.0450907987776419 2.3762600095457929 252 254 204 1.0342108422126726 8 7929 9 8332 10 7968
1828 -1.7001188467232515 2.6398046254779715 1.5431587257763268 54 46 10 1.6482297930253638 8 8791 9 8355 10 7920 1 6221
1829 -1.7178593468850025 2.6285237045102989 1.5870316039807708 208 201 162 1.7850470477004829 8 8101 9 8375 10 7257
1831 0.067912664014840585 1.2322409181038303 3.552338359966011 174 173 153 1.0926016570625112 8 7890 9 8380 1 6518
1832 2.8947713863104636 5.9440496131612255 -5.2517199590361159 150 175 197 1.5082129129811876 8 7186 9 8423 10 8478 1 8551
1833 4.1418440552229034 3.7190344819260663 -2.3400304722137459 140 166 193 0.68060559632386042 8 8844 9 8428 1 7840
1834 4.6153153991061151 3.6397837473662498 -2.0846153072123847 110 134 159 0.8214997013803611 7 9006 9 8431 10 8043 1 7846
1835 6.0778092865691988 3.2609390075593225 -0.58892693323789225 58 78 105 0.96529761280173743 8 8862 9 8449 10 8497 1 8588
1836 4.735963325448366 3.2029130160586461 0.056404350346838002 93 119 132 1.2978620762105331 8 8897 9 8483 10 8528
1837 0.81701100877847666 4.1317784590155862 -1.001986880818136 40 71 39 0.59304902920243086 8 8941 9 8516 1 7933
1838 0.20828035911986548 3.9661697487011764 -0.68940095596176265 182 223 125 1.3425808898866591 8 8984 9 8557 1 7960
1839 3.2140581937546733 1.8617471721388381 2.5703614320084194 235 230 196 1.1095709756504002 8 8949 9 8566 10 8602
1840 2.1009429323285755 2.3919470575796953 1.6878772681203718 149 135 100 0.3708304779457674 8 8965 9 8572 10 8595 1 8688
1841 2.0248385260284816 2.5078170769861665 1.5793277120806937 178 170 128 0.74822209983215826 8 8966 9 8576 10 8199
1842 3.1481865376817186 1.6493817592570343 2.9059696444947019 194 197 119 1.8971526380885351 8 8330 9 8588 1 8707
1843 2.1863181194350285 2.0622319625955914 2.1256778545711623 34 33 29 1.3321481757775955 8 8350 9 8590 1 8697
1844 0.37088266048259755 3.5950643154432718 0.095113571060769647 221 241 148 1.6306057415937198 7 9204 8 9006 9 8591
1845 0.16329148282664216 3.495932884580272 0.10185966961846321 192 209 114 0.86727359938490534 9 8596 10 8583
1846 1.0014502409740678 2.1940474691025931 1.5493764728801662 206 204 209 0.69490136463759178 7 9562 8 8995 9 8599
1847 1.7759783140046239 2.018752929994891 2.2620244397014786 215 200 139 1.4102448000195003 8 8381 9 8612 10 8623
1848 -0.23156306836677679 3.177714614119262 0.56950813779817988 190 227 121 0.31515514583576204 8 9045 9 8637 10 8219
1849 1.4643034026753621 1.7845459511151396 2.6571021655014975 229 231 168 1.5167840803587271 8 9027 9 8649 10 8651
1850 -0.11403104328433887 2.2848490735413032 1.4740098605223613 27 18 21 1.710328288882587 8 9431 9 8659
1851 1.7029854749196029 1.3500589207000777 3.2893625476956561 193 198 129 1.5871122692225352 8 8442 9 8667 10 8354
1852 1.0139933286993452 1.702842205078744 2.8163770061256814 244 243 213 0.85773844027597479 8 8482 9 8686 10 8349
1853 -0.018681140373750706 2.3298299212650773 2.0422220639424369 83 86 94 1.4516484932557159 7 8746 9 8707 10 8342 1 8164
1854 -0.04409327135032827 1.724345653991437 2.3243507172196729 242 240 243 0.87123164392802954 8 9087 9 8715 10 8367 1 7319
1855 0.31831662208298961 1.7339420425700325 2.7700056466152083 86 74 45 1.747652334723228 7 9271 9 8735 10 8395 1 7393
1856 0.79958104946336594 1.3486426675756424 3.3522569347364337 216 213 198 1.4017117663308547 8 8548 9 8741 10 8733 1 8256
1857 -0.19890966951796737 1.9599995639013934 2.365955572195126 97 107 121 1.3515715779253579 8 8592 9 8746 10 8382
1858 -0.79872164730653139 2.0616759258903752 1.8494567125910919 44 51 61 0.46003564628153965 7 9340 8 9149 9 8747
1859 -0.71573365393613142 2.1101222663569073 1.959867018212518 63 72 89 0.53597118864618265 8 9154 9 8754 10 8373 1 8193
1860 -0.23247585074864338 2.0053659345867598 2.3944924241298686 20 24 27 1.7601577233333014 8 8614 9 8758 11 8531
1861 -0.026370552857043376 1.8490094570450899 2.6428797078995809 139 145 108 0.6740844573294642 8 8607 9 8761 10 8405 1 8226
1862 -0.59405162001500256 2.1482393924893231 2.0841582062451032 54 54 61 0.99961086306075098 8 9158 9 8764 10 7884
1863 0.20190694598763881 1.6234262252356717 2.9765903234178261 221 234 186 1.5205590954462702 8 8600 9 8770 10 8431
1864 -0.38414786644238641 1.999484543114586 2.4495545615191832 174 178 103 0.71491467455368241 8 9166 9 8777 10 8408
1865 0.42450759142343486 1.3412087654235956 3.3589975013405673 187 198 132 1.058235301629552 8 8598 9 8782 1 8293
1866 -0.79358128326093491 2.2763898585005418 2.0726999359083567 75 82 88 0.56990398048032109 8 9182 9 8786 10 7909
1867 -1.4634151402231621 2.7165952630194878 1.3733033915664767 252 252 252 1.4869381999861102 8 9206 9 8787 10 7861 1 7363
1868 0.31808539218269954 1.3285244271073045 3.3832775481348834 116 109 84 0.38578151608169781 8 8622 9 8796 1 8313
1869 -2.0365714567609556 3.024184213835126 0.93530861160088297 226 220 159 0.62947383942364288 8 9556 9 8802 1 7357
1870 -1.5000370200642572 2.5853075479095358 1.5780297626223332 169 182 86 1.1699085934700646 8 9539 9 8810 1 7395 10 8396
1871 6.4329297858231982 3.4223211321414375 -0.24510435415996559 16 37 82 0.98689195976241795 8 9294 9 8893 1 9064
1872 4.2570744912470522 3.5097259503882023 -0.3630538172675653 157 188 191 2.0660908110114318 8 9307 9 8913 11 8751
1873 4.0204978629813359 3.5879392760103759 -0.49529384933285164 171 197 198 1.7664459616210582 8 9309 10 8527 11 8750
1874 0.18796292823108321 4.5168897307675806 -1.6674484016651689 179 250 108 1.5798937604063839 8 8948 9 8930
1875 2.5664427857683267 2.8227853638607954 0.85584977295474907 50 50 58 0.97917458701184368 8 9334 9 8936 10 8802
1876 2.4637646854704651 2.3437158115961361 1.5196822532494365 60 61 66 0.96528643271288406 9 8947 10 8825 1 9103
1877 0.13390536169467726 3.6841449857078605 -0.10631883977852812 224 218 135 1.6512695844139689 8 9395 9 8977 1 8003
1878 0.50016303693297615 2.7830346914506001 0.82505739919334642 54 30 24 1.7510518397077073 8 9391 9 8984 10 8201
1879 -0.38746202389618789 3.7966277001215119 -0.33152368392715076 217 219 197 0.36877911506262107 8 9025 9 8988
1880 -0.83028127839937438 3.9613979430282931 -0.55572569105783831 56 81 35 0.22261703116079046 8 9423 9 8998 1 8017
1881 0.10099340838665599 2.3747218447902667 1.2985284740823031 233 178 155 0.60832420659038844 8 9417 9 9023 10 8244
1882 2.03404621491085 1.3960786006672814 3.1837085547222128 37 35 23 0.20965762054191306 8 9397 9 9027
1883 -0.51641502027269082 3.1191501889293427 0.65723259024905178 81 77 8 1.8659164804273665 8 9436 9 9037 10 8615 1 8713
1884 1.5182522117496358 1.5940972537062925 2.9009989441240513 54 54 54 0.66250738427511002 8 9029 9 9041 10 8905
1885 -1.2698297496802364 3.5167648265863076 0.114045745025567 182 198 122 1.5974564754306115 8 9710 1 8077
1886 0.98791348820997782 1.8685426048462737 2.530185996760153 65 53 13 1.8578676693988292 8 9427 9 9044 10 8658
1887 -0.16357519634545675 2.0432546162060663 1.7062087212907808 170 163 155 2.8452703744133623 8 9066 9 9050 10 8647
1888 0.79068888099022916 1.4219911005553356 3.237826658489233 240 234 209 1.0633200209152855 8 9081 9 9093 10 8945 1 8840
1889 0.01434728655922036 1.830156439048368 2.6229992883211346 130 128 72 0.85828987726017114 9 9108 10 8710 1 8218
1890 -1.6264446479632677 3.0319205250122483 0.94673582360913422 8 21 0 0.11585546040705433 8 9514 9 9115
1891 0.22305985140501283 1.5636323006356925 3.0711857606789015 218 220 168 0.9780116905847317 8 9136 9 9128 10 8961
1892 -1.9444673489164686 3.116253010113712 0.77304267623381662 226 235 146 0.89931180694773105 8 9534 9 9131 10 7806 1 7306
1893 -0.0034045022577305238 1.6572860140572936 2.9408608761833244 220 217 174 1.765785855377453 8 9156 9 9138 10 8743 1 8274
1894 -2.0855380314432401 2.9935796300392332 1.0022600667481492 148 147 37 1.4320465723547342 8 9569 9 9155 1 8199
1895 -0.48579535842406024 1.7543707636295018 2.8247593171673975 160 142 109 0.48618917459579114 8 9517 9 9162
1896 -1.3493735811275489 2.4387898360096565 1.8880375654334556 219 209 152 1.8040095698881879 8 9545 9 9163 10 8728
1897 0.10350828948390116 1.212326705211247 3.588210348260819 251 252 241 1.6100605274269959 8 9183 9 9168 1 8376
1898 -1.5356537965079815 2.4124244530225578 1.8549747553564884 104 98 50 1.7348053762840869 8 9567 9 9169 10 8735
1899 4.0409873516986545 3.9410192927308136 -2.3692457485892602 108 136 140 2.5247297708211911 8 9592 9 9190 10 8487 1 8565 11 8725
1900 2.3749020686403504 3.25872157772872 0.32658489454670975 149 184 85 1.5513384740418452 8 9623 9 9215
1901 2.5457781106505624 2.3020321937000396 1.5613404508531954 116 111 47 2.1959874508675643 8 9341 9 9225 10 8821
1902 0.092625335516939356 4.0527902388244845 -0.79109618709342822 226 253 184 0.29242049974493023 8 9656 10 8804
1903 2.0850496691988885 1.5426182350720115 2.8815391846420151 53 54 58 1.9013733194031939 8 9386 9 9267 10 9034 1 9405
1905 1.4165606615782369 1.6334123171836286 2.872865096728265 201 195 171 1.1416764856349537 8 9416 9 9288
1906 1.4943795583524511 1.5094949314749597 3.0868966374550277 239 233 223 1.6445451831183959 8 9419 9 9290 10 9053
1907 1.4943795583524511 1.5094949314749597 3.0868966374550277 239 233 223 1.6445451831183959 8 9420 9 9291 10 9054
1908 -0.18971786813814487 2.0885478708555376 1.6473516263080024 46 32 31 1.5230942328304624 8 9703 9 9293 10 8644 1 8739
1909 -1.5047097450588842 3.5234372677712869 0.17077114815472633 163 183 93 1.108430798828753 8 9867 9 9304 1 8731
1910 -0.80756286450493886 2.8197043094410179 1.0608529638441511 209 243 174 0.40594220806898279 8 9454 10 8884
1911 -1.245240822563545 2.9112957587856627 1.0234816007641911 79 110 58 1.8190923982750566 8 9871 9 9330 10 8655
1912 -1.7874718770862577 3.1017059846167161 0.77410920445135889 51 55 13 1.0603270491679173 8 9752 9 9342 10 8664 1 8776
1913 -1.8458983176990362 3.0838252673988218 0.82371337671266665 180 204 103 1.5613753993674273 8 9758 9 9347 1 8786
1914 -1.4890083238455698 2.7951116013283444 1.2479997369813944 91 86 58 1.7284928757210523 8 9877 9 9349 10 8686
1915 -1.2018346559346962 2.4535903825043666 1.7773182581171072 61 97 59 1.0909196950005466 8 9755 9 9356 10 8940
1916 -2.0238472901810609 2.9884005703539347 1.0011058744918993 96 97 57 1.2685428024927174 8 9772 9 9362 10 8929 1 8810
1917 -1.6361197106688661 2.6686688472971158 1.472129933749198 208 247 193 1.3463220477223052 8 9768 9 9364 10 8937 1 8819
1918 4.432113650409903 3.5332305779989883 -2.4434020571136652 154 184 207 1.9049591382220461 8 9784 9 9385 10 8970 1 9326
1919 4.4543796080170983 3.3141515272686246 -0.21174573222223692 141 182 186 1.8051249960251166 8 9805 9 9398 10 9099 11 9291
1920 4.214752694633896 3.4058576704376144 -0.34995102474267276 141 172 177 1.5011326541493002 8 9807 9 9400 11 9193
1921 3.7486003939364863 3.725301156208209 -0.74285784663550336 199 218 216 1.5300158856561568 8 9809 9 9401 10 8991 11 9190
1922 1.5241593325838891 2.2370971231268673 1.9476930551864895 251 242 174 0.95355911514458569 8 9837 9 9430 1 9394
1923 -0.53306174378247428 3.7244862361842972 -0.11007916933933731 215 222 188 0.95887772250093151 8 9849 9 9433
1924 -0.85199673775760143 3.3345584833712496 0.27281144862576445 144 155 159 1.4333243655972185 8 9856 9 9442 10 8853 1 9141
1925 1.1814647140149543 1.8879550742959117 2.5704332621206807 230 225 169 1.1723166350565106 8 9690 9 9444 10 9042
1926 -0.80701888092798391 2.2017522429380083 2.1627555227521067 187 191 153 1.7553818316770027 9 9475 10 9072 1 9428
1927 5.0231086928638664 3.719264296501601 -1.6276981280713729 36 65 109 0.89361273094558935 8 9893 9 9514 11 9285
1928 3.9181022157813916 3.6312000978732923 -0.62419938026925981 203 217 218 0.65104077723120435 8 9898 11 9289
1930 0.4916566239466103 4.289699438157685 -1.2040319606631473 168 224 115 1.5972348070043034 8 9909 9 9531 1 9364
1931 0.23454472529012732 4.3475153048704493 -1.3287704927270043 113 156 43 2.0005643927902201 8 9914 10 9103 1 9502 11 9189
1932 0.39822529732314338 2.182924309898576 1.523557749738963 104 52 37 2.5050206212953028 8 9684 9 9549 10 9177
1933 1.0529922327946326 1.389710053349489 3.1572275426203582 71 74 79 1.6029880719888507 8 9924 9 9558 10 9186 1 9617
1934 3.028314510109273 4.0962512611097166 -2.2215527808486839 110 138 160 0.088900953914189243 9 9571 10 9157
1935 2.7714314204079749 3.0448473578889139 0.47675345869757435 40 68 45 1.678247456688128 8 9900 10 9104
1936 1.3572976738460822 2.5897586475864065 0.88045990130867524 147 151 83 0.14209991786142748 10 9168 1 9606
1937 2.4565351152976564 2.2214314930391184 1.9026960939663737 223 219 154 1.5128883244677902 8 9962 10 9171
1938 -1.5088472700181184 2.6870676812800993 1.4050154587231105 255 255 255 1.0748544765377201 8 10020 9 9627 10 9185 11 9216
1939 -1.5088472700181184 2.6870676812800993 1.4050154587231105 255 255 255 1.0748544765377201 8 10021 9 9628 10 9184 11 9217
1940 4.7559655521326247 3.490538112516655 -2.1037840768802059 154 188 210 1.6191666442486721 7 10201 9 9631
1941 -0.42143274057810859 2.0709243506070711 2.3052262010861413 13 18 7 2.5401612501491599 8 10016 10 9231 1 9665
1942 0.72659426466758814 2.1481078407643679 1.7147859012009921 29 27 29 0.81781334629669278 9 9652 10 9250
1943 -0.51981523620400172 3.5989267175936703 0.096387625117973913 239 237 221 1.0048680613721328 9 9653 1 9688
1945 0.27921904895222233 3.3266776497754731 0.061424506757733706 181 183 58 0.64938401686526181 8 10059 1 9733
1946 -0.52790642965611423 1.7666942955900111 2.7881945816351879 245 231 186 1.2094742115739692 8 6851 9 7701 1 6363
1947 -1.0123152773716204 2.4566323525253897 1.8146889795351617 25 33 22 1.5849003009881661 8 9185 9 8279
1948 0.42357783969693441 1.4873700905297056 3.1796930582985001 167 173 72 1.2892725658901734 8 9466 9 9344
1949 -0.56308273198644476 1.8266311312466408 2.7337710384384146 228 232 171 1.7019481956904885 8 9753 9 9482
1950 -0.56308273198644476 1.8266311312466408 2.7337710384384146 228 232 171 1.7019481956904885 8 9754 9 9483
1951 -1.0192302791526548 2.2552109183878057 1.7914219591031451 22 27 21 2.1259117662780325 8 10063 9 9681
1952 -1.0192302791526548 2.2552109183878057 1.7914219591031451 22 27 21 2.1259117662780325 8 10064 9 9682
1953 5.2441722647175526 3.4250120593745614 -2.3418496254643451 17 23 35 1.3023606968331403 9 17 11 297
1955 5.4004460824665736 3.0299567172550259 -1.1635921531694982 103 128 150 0.62731913555454744 9 116 10 146 1 351
1956 3.5740770195605847 3.2219297974511822 -1.4598599593677046 135 140 137 0.70049413927916426 7 265 8 197 10 200
1957 3.2137340741799143 3.4888211532808824 -1.7929619921021986 52 57 53 0.75220520833200544 9 170 10 201 1 409
1958 3.2137340741799143 3.4888211532808824 -1.7929619921021986 52 57 53 0.75220520833200544 9 171 10 202 1 410
1959 0.98357947941005608 5.2468836981955258 -3.258007341139221 163 192 190 0.84028647242252941 9 3469 10 333 1 509 11 3375 12 3170 13 4939
1960 1.1826918313833019 3.8639641769894539 -1.5418828968222047 248 250 253 0.20634795877982146 8 3678 9 3506 10 416
1961 4.8241178549251025 3.0937866975503843 0.079808679430239976 58 77 91 0.24076970210586746 9 347 10 420 11 3610
1962 2.3292353964754273 1.7592198617829222 2.4223863896958622 63 65 64 1.852138506127422 9 1039 10 1307 11 4324
1963 -0.077174563940204208 2.3557289529499363 1.9758043852525431 18 19 23 0.33403141574398604 9 2009 10 2095 1 1647
1964 -0.57168345382923991 1.8776894751100082 1.9507798679993891 164 169 175 0.75270777310711112 9 2165 10 2219 1 1623
1965 -0.2055837377313964 2.298143097984064 2.0908809316505499 247 247 239 1.3106852397631943 9 4653 10 2247 1 1745 12 1733
1966 -0.12717075009785925 1.7596766955119318 2.3089901052282058 145 150 157 0.58834005346278151 9 2131 10 2315 11 1749
1967 -0.23406919450085781 1.8442128409786616 2.2611913573265645 118 125 135 0.6442580596624613 9 2195 10 2345 1 1732
1968 -0.0034907287540919779 1.7514165751656738 2.4265274901999194 37 36 41 0.54643386320084042 9 2140 10 2365 1 1743 11 1833
1969 -0.25717932171934604 1.9795996887046556 2.2711226278362959 241 237 225 1.1720690543453589 8 2194 10 2401 1 4296
1970 -0.25717932171934604 1.9795996887046556 2.2711226278362959 241 237 225 1.1720690543453589 8 2195 10 2402 1 4297
1971 0.12180468255591506 1.7282562529133005 2.5387060046512406 61 65 76 0.56309648214237173 9 2146 10 2405 1 1779
1972 2.8284372921807859 5.7866885829824763 -5.4310562853503885 108 146 182 1.8610315347644384 9 5337 10 3092 1 238
1973 2.6995347834383958 5.7795142174592797 -5.3904505509712966 109 148 182 0.12720028438335637 9 3210 10 3094 1 243
1974 2.6549792363566938 5.6879346216937625 -5.2175916036986738 108 146 182 0.93224623363277914 9 5340 10 3103 1 251
1975 2.4972212619476708 5.7914219139990006 -5.2661267889097436 111 149 185 0.45164619249291443 9 3223 10 3108 1 256
1976 2.4972212619476708 5.7914219139990006 -5.2661267889097436 111 149 185 0.45164619249291443 9 3222 10 3109 1 257
1977 2.4218319968633475 5.7018828595517226 -4.9704023142735894 103 143 182 0.43462549107202558 9 3245 10 3125 1 279
1978 1.7204279071691584 6.4197369362354726 -5.7360371340847092 129 139 147 0.69642443469253412 9 5414 10 3130 1 3255 11 237
1979 1.7556801211433546 6.4009493903991359 -5.7056627725749083 115 123 136 0.26465023821716582 9 5413 10 3131 1 3256 11 239
1980 1.7281074720306344 6.9931803852122689 -5.3357447130327778 89 106 124 0.19395138193048977 9 5494 10 3257 1 459
1981 1.8154319702125725 6.8687817096391459 -5.1234206811184988 69 77 94 0.71316888143540691 9 3402 10 3262 1 467
1982 3.5352452561672907 3.3773269699048343 -1.3932249819749922 152 171 168 0.42863912593707038 8 3491 10 3263 1 449
1983 3.527161180648331 3.4034196568055344 -1.4212206560990717 28 49 93 0.76073180947815433 6 7892 8 3492 10 3265 1 450
1984 1.8876966697152355 6.8644304740597661 -5.0274780986455188 66 76 86 0.4119826775289086 9 5507 10 3267 1 3399
1985 5.8217105765792416 3.4310643768165185 -0.69384476493576508 27 31 44 0.28233494169668655 9 3374 10 3285 1 492
1986 6.2318443593420811 3.4429191445057503 -0.32729343372784397 37 51 77 0.12881615620316203 9 3394 10 3317 1 522
1987 0.5433541606392126 4.2348814640785362 -2.0789680422378023 231 235 237 0.79589859441307453 9 5578 10 3346 1 547 11 487
1989 2.2790549911097226 3.2401640101256208 -0.6425492386484134 241 243 241 0.49991555365901663 9 3496 10 3368 1 572 11 571
1990 1.8800216519475021 3.4463178866112445 -0.90416340421674446 115 166 135 0.97440289308970629 8 3656 10 3369 11 556
1991 4.2260906451380897 2.3580234425551354 1.1722191953944867 74 108 97 0.18702727844001524 9 3517 10 3418 1 3526
1992 -0.67149549266125175 4.478976775435128 -1.7246055421005106 15 40 9 0.55708116446359268 9 3716 10 3460 1 656
1993 2.1516639523801162 3.5056176080923067 0.053272162855336223 69 83 45 1.1461483903813969 9 3614 10 3513 1 714
1994 2.3689065989501268 2.3993231440355935 1.5529744039435882 86 80 36 1.789782047945123 9 820 10 3730 1 937
1995 -0.28875289565836293 3.6936304249555509 -0.032829222917641489 214 208 151 0.15872886228917071 9 4034 10 3811 1 1021
1996 2.0253565818516899 2.0815076419907306 2.10905867458666 186 180 92 0.66257005943904101 9 3962 10 3957 1 1154
1997 1.9125449060830031 2.0768703683359542 2.153235017580037 205 213 124 0.73314616942835131 9 3994 10 3991 1 1187
1998 2.404843152048306 1.8113039498405643 2.5017944633226739 197 206 136 0.92078344397281553 9 1071 10 4000 1 1188
1999 1.5287829400757249 2.2261980836540429 1.9863712919565153 225 212 160 0.82100542641512975 9 1212 10 4029 1 1222
2000 0.22541419336746504 2.0541630848148147 1.6084785875339018 255 236 218 1.0329876166853436 9 1436 10 4113 11 4009 16 3736 12 5373 13 5301 14 5147 15 5384
2001 1.8503396931585736 1.8988125603063879 2.4768530647500038 222 210 159 1.862008129149314 8 1141 10 4134 1 1337
2002 -0.08584166392123245 1.8962800679710117 1.6546123411521485 90 67 55 1.2707840877696792 9 6133 10 4186 1 1293
2003 1.92327478641189 1.7135636319163494 2.7597359240666708 242 243 228 0.72140915371041814 9 1347 10 4226 1 1417
2004 0.4139733061812842 1.7108335370592946 2.0781487458748811 60 64 76 0.2342383645393479 9 4241 10 4265 1 1383
2005 -0.27441770605746907 2.7367279652847256 1.4714577277322802 99 94 100 0.58111003734762845 9 4443 10 4302 1 1516
2006 -0.6646091415280917 2.2585039905717501 1.4668934918395411 151 150 148 0.54441691113341528 9 4494 10 4323 1 1447
2007 1.2010061675861419 1.8761684930063152 2.5373561027654596 86 70 63 0.9827501945185424 9 4246 10 4325 1 1522
2008 1.769768396921352 1.5872359633797586 2.9569332549111889 133 120 60 0.87437995954312753 9 1494 10 4340 1 1538
2009 1.7875300027394527 1.547143055976659 2.9976720825103094 191 189 148 0.81464370870357017 9 1506 10 4348 1 1544
2010 0.73882679104319038 2.0023826804085414 2.3536667180457864 229 237 197 1.4098888801844984 9 4350 10 4363 1 1566
2011 -0.068533394669607284 2.3266620825631086 1.8737057898055456 94 91 102 0.87096382243198711 9 6248 10 4380 11 1564
2012 1.4782834960622673 1.3777741646148087 3.2865764662253567 245 243 224 0.30482226803861434 9 1825 10 4588 1 1754
2013 -0.053703394598113838 1.7388016597602571 2.3646109590282252 115 127 136 0.84218461264156963 9 2125 10 4595 1 1714
2014 -0.049319503272628962 1.7417816610664514 2.3802172727608841 30 34 41 0.49169803930108236 9 2132 10 4604 1 1725
2015 0.033861137783548406 1.7328978166476472 2.4568890231029141 148 154 168 0.72347518603112337 9 4631 10 4622 1 4273
2016 -0.8636030748383936 2.17958512510784 1.8661833466926723 37 45 58 1.8030195438850776 9 4799 10 4624 1 4284
2017 -0.2227467809728316 1.9059180889237948 2.3157675010614347 66 68 81 0.98013908258135396 8 4748 10 4647 1 4295
2018 -0.38595094491343934 2.0522645448895647 2.226583378320758 228 222 222 1.4647724718063337 7 6844 9 4742 10 4673
2019 -0.85889528753783773 2.3101953677155298 1.9666131095951367 18 22 21 1.1265645408915779 9 4879 10 4698 1 1842
2020 0.09016126295241346 1.7701749804663005 2.774330478780862 172 196 157 1.5139019711818793 8 2225 10 4825 1 1947
2021 1.0203625923237682 1.2792429839597395 3.4169417587184845 42 41 29 1.1881710111686246 9 2150 10 4840 1 1949
2022 4.4102980878451286 3.3315534131141313 -2.4073152912299274 22 27 41 1.5251396921766716 9 5324 10 5093 1 3222
2023 3.3619513336257856 6.2739221310133679 -5.6514069575469703 154 175 194 0.94608824986263507 8 5623 10 5104 11 3217
2024 2.2652376667138743 6.134156416999283 -5.2832714188809797 76 91 114 0.84807312313905348 9 5415 10 5119 1 3260 11 3237
2025 5.0626942745047376 3.2478454775162557 -1.533950313448375 123 151 175 0.56442074855186652 9 5375 10 5141 1 3281
2026 5.1510097615453549 3.159311979304809 -1.3992607775447372 95 101 124 0.51378314509311362 9 5379 10 5144 1 5440 11 6754
2027 5.3187878762848992 3.083584177786709 -1.2303188312713951 98 116 140 0.44015506658925824 9 5385 10 5159 1 3301
2028 1.8672305718091731 6.888444218426387 -5.2683301043055266 88 100 116 0.13168368861220633 9 6897 10 5218 1 5488
2029 1.8672305718091731 6.888444218426387 -5.2683301043055266 88 100 116 0.13168368861220633 9 6896 10 5219 1 5487
2030 2.9963861582148845 4.1089347710305706 -2.0179753281831059 65 74 91 1.7915947563560586 9 5491 10 5247 1 483 11 3406
2031 1.089434799460566 5.171605499760684 -3.1549740118174561 173 200 208 0.66880697098985664 9 6947 10 5289 1 3438
2032 3.3439874269455649 3.8172994609962343 -1.3829409719457526 18 22 33 0.3252411633235579 9 5513 10 5292 1 3440
2033 0.51766135896705379 5.5229541144462262 -3.3974072861931766 182 199 193 0.73765794069165147 9 6966 10 5302 11 3396 12 554 13 3100
2034 4.5264798386629987 3.3329190356086227 -0.095734917485272922 80 102 113 0.42395981751239686 8 3614 10 5331 11 3603
2035 4.6381049929144167 2.0719685927024183 1.4654585527384238 91 136 116 0.72896489262389963 8 453 10 5371 1 3524
2036 1.9871731123957368 3.5799334720122 -0.064115562796006831 202 227 143 1.6046258987427695 9 5642 10 5434 1 708
2037 2.2850920576795626 2.9373417232641228 0.90022945942295363 192 203 120 0.22169648972206071 9 5717 10 5513 1 3658
2038 -0.20393756810357491 3.9232545577129452 -0.57118462894447619 80 96 32 0.72835303908349314 9 5855 10 5520 1 3671
2039 2.1133490895921607 2.7300517213280364 1.1888134371675643 77 91 30 1.4915759968466029 9 3788 10 5577 1 910
2040 -0.86567721076464055 4.0016474885067019 -0.6646038940039195 36 71 18 1.2643722329790372 8 6301 10 5583 1 5737 9 8014
2041 2.0174542580231698 2.7158786870802127 1.2363520330084907 150 139 79 0.98916723848163934 9 3827 10 5589 1 944
2042 2.0174542580231698 2.7158786870802127 1.2363520330084907 150 139 79 0.98916723848163934 9 3826 10 5590 1 945
2043 -0.085935281054791091 3.6524057337956481 -0.099735434505593717 53 58 51 1.0174238957036437 9 7172 10 5593 1 3739 11 863
2044 0.65752477766191009 2.6300449904791758 0.79582454245368173 36 30 30 1.4865309068130059 9 7135 10 5603 1 925
2045 1.8111496594693512 2.468184967184889 1.6261130996354596 203 196 152 0.29042472285159532 9 3916 10 5669 1 3828
2046 0.52227121490346151 2.2679637019971302 1.2095248928630837 207 155 128 0.45723504086137073 9 3988 10 5678 1 1025
2047 1.7410797691913782 2.4250009022966532 1.6682512901009203 223 216 149 0.27586158162318664 9 5885 10 5686 1 1091
2048 0.39090590991894597 3.1303320619519592 0.89907122581868404 207 197 170 0.57846621603294757 9 4096 10 5732 1 1168
2049 2.0269572055542486 1.7974072049937619 2.6400056331182968 246 244 206 0.45152785115697269 9 6000 10 5858 1 5961
2050 0.30947872645560087 2.0954356769154234 1.7109278406736674 255 223 203 0.76252297317663054 9 4204 10 5861 1 1305
2051 -1.5094283373328445 3.402582368092562 0.35409147587644191 207 235 168 1.28738209239126 9 6254 10 5863 1 4028
2052 1.2424588418500546 2.1375198198043894 2.1553896317143111 252 254 217 1.0325951146930381 9 4141 10 5869 1 1369
2053 2.4922414678659908 1.5073660634504007 3.0384188075066882 128 139 78 0.82655490988151181 9 4042 10 5885 1 1391
2054 -0.11756143288302523 1.9119670717138457 1.6818261611367336 72 45 38 1.1594062364057265 9 6145 10 5903 1 1326
2055 -0.62898641331046667 2.2192908063753851 1.3810262427298194 118 121 128 0.46409284630208275 9 6212 10 5913 1 4038
2056 -1.6253294852783118 3.2299097461282051 0.62747516450671836 108 146 93 0.98709811578212392 9 6337 10 5944 1 1493
2057 0.032416036517464178 2.1362007796838016 1.8463994666338304 120 118 131 0.99873398522296708 9 4384 10 5968 1 1470 11 1486
2058 1.6261811185512971 1.5336839390795558 3.0124892734458721 189 200 144 0.60291405271385401 9 4248 10 6012 1 4159
2059 -0.21647813883272243 2.422175185203518 1.9073118384946535 101 101 111 0.57154741137861642 8 6552 10 6045 12 3914
2060 1.5138195227032634 1.426897782985443 3.165944852497073 131 106 88 0.98984019994976702 9 4342 10 6073 1 1684
2061 0.049131109399030808 1.7936189099966759 2.5138329233454155 59 66 76 0.53100288205098989 9 6345 10 6170 1 6162 11 6043
2062 1.3727365291862537 1.2528731886203308 3.4667632573829135 183 175 146 1.6289563077898654 9 4516 10 6209 1 1850
2063 0.97946021945777428 1.4329785599304274 3.211428932751025 201 205 170 1.4187081982063212 9 4588 10 6212 1 1853
2064 -0.4925263862768986 2.1423902974106741 2.2689379795276206 64 58 56 1.003629255405851 9 6477 10 6222 1 1881 11 1815
2065 -1.029939305124647 2.3127728945443331 1.9778318190293742 59 75 42 1.2098900972612616 9 7626 10 6253 1 6216
2066 -0.13919262203373828 1.836383416594265 2.7044868862291023 175 159 131 1.312256848945883 8 2366 9 6502 10 6324 1 2005
2067 5.4810934254789982 3.1959801462654127 -1.2356475149653869 48 72 96 0.78539941643124234 8 7190 10 6528 1 6916
2068 5.4867648247736724 3.1996859338756138 -1.2375526848189948 48 72 96 0.93002882721827373 9 6845 10 6529 1 6915 11 8297
2069 1.6971898762563773 7.0572632779076958 -5.2598783511847991 90 107 127 0.57652256039951066 9 7851 10 6555 1 5508
2070 1.6792691615033704 6.955280587429205 -5.0857168689140853 51 67 95 0.53190867155397337 9 7853 10 6560 1 5511 11 5351
2071 3.5189500752950376 3.7673854088731864 -0.9961073840362753 177 199 194 0.26101677796214695 9 6943 10 6622 1 5548 11 6792
2072 4.1778187556327495 3.4087339717713321 -0.46319563845154782 148 176 179 0.38309510605981545 6 7931 8 7289 10 6630 1 5555 11 6817
2073 4.8767810792468262 2.9906487819918453 0.13593788686219335 93 113 127 1.2250598147352552 7 7433 9 6933 11 6845
2074 4.1288093114700795 3.5667399354641001 -0.43306562645798757 135 161 160 0.34680561147777805 8 5802 10 6650 11 6834
2075 -0.0048935277387521861 4.2686775371705945 -1.2126916117054252 162 186 93 0.14254265399718929 9 7931 10 6693
2076 2.0222591837729751 3.460156455544924 0.16247685080143504 94 116 36 0.42598069094108831 9 7032 10 6706 1 5657
2077 2.3327453900992632 2.9167423178719365 0.89471123243850226 141 128 77 1.130517149314735 7 6142 9 7046 10 6743
2078 -0.88378247272907517 3.93225311430235 -0.47294129495457826 103 123 31 1.8029435993312415 9 8620 10 6802 1 7112
2079 0.58479455183214402 2.3083856963453169 1.0992509070831333 144 110 101 1.1926452350083829 9 5888 10 6820 1 3756
2080 -1.1010106435786711 3.9505244662476837 -0.43410382017939947 114 115 74 2.0097929949869404 9 7259 10 6821 1 5798
2081 1.7272145645706101 2.5688324896021144 1.4547625930205608 217 228 189 0.55987006722314503 9 5858 10 6822 1 5794
2082 0.47260477712559523 2.2485403850171459 1.1234060538029074 220 182 156 0.93740811660900702 9 7166 10 6829 1 3766
2084 -1.2873135136798819 3.6858947594204556 -0.070073715423825941 227 253 203 1.3714013848034161 9 7316 10 6880 1 3912
2085 1.7362668099816607 1.9593548036051647 2.4043199992887909 63 47 20 0.47974116875799272 9 6015 10 6946 1 4012
2086 -0.61487535684820738 2.1879361241811899 1.3334119317433271 97 101 112 0.72916396539547323 9 8124 10 6985 1 5949
2087 -0.65146643086223466 2.238842762418662 1.3843657273352505 111 107 108 1.0689882858991997 9 8147 10 7004 1 5983
2088 -1.6587109735917196 3.2797854372053625 0.53760961154483966 121 150 70 1.2773770240667421 9 7458 10 7005 1 4097
2089 1.7841055690621592 1.6414148836989193 2.8710098180566255 245 249 199 1.3707441496629753 9 6080 10 7023 1 4105
2090 1.9656578681031849 1.4995211832173652 3.0787935721011164 124 110 74 0.55829852609020991 9 6082 10 7046 1 6042
2091 1.8276346616204486 1.5476033306431116 3.0031458457026727 194 180 143 1.1587771656931682 8 7578 10 7050 1 7264
2092 -1.8276237471836696 3.114662034831134 0.67343963615500346 243 240 237 1.9656836436522294 8 7914 10 7057 1 1547
2093 0.75609901886249264 1.9252049129559849 2.4692204319569471 103 83 38 0.86180497406715306 9 7360 10 7080 1 4165
2094 1.3606762118470004 1.5929674608693567 2.9628889608493392 235 232 223 1.5991109064939983 9 6177 10 7107 1 4195
2095 1.0006508033905903 1.732669489475944 2.7640653904886188 245 242 167 1.1081520755409608 7 6508 10 7114 1 4215
2096 1.3212217340629506 1.5733996607310521 2.9832609363648506 177 161 82 1.3120329881188961 9 6184 10 7115 1 4214
2097 -0.15160916173527927 1.7341204976640499 2.2705351991662264 83 88 99 0.45558246592058688 9 7443 10 7152 1 6113
2098 0.58135730750001302 1.7876393002874018 2.6671690626517481 204 195 119 0.66859885983779199 9 7419 10 7153 1 4265
2099 -0.90809401636531017 2.1255215894307979 1.772063529558783 86 92 107 0.63319640258418619 9 8239 10 7155 1 7327
2100 -1.1969056084040079 2.1878973905771333 2.2258951917146117 106 85 62 1.6583330015282962 9 7747 10 7357 1 4535
2101 -1.1969056084040079 2.1878973905771333 2.2258951917146117 106 85 62 1.6583330015282962 9 7746 10 7358 1 4536
2102 3.0095384364142181 4.601393587476454 -3.5306087499712424 145 173 199 1.1959041707351068 9 7798 10 7406 11 7643
2103 1.7220113862293465 6.4450643034810176 -5.6003569432562079 88 116 142 1.2180029814222717 9 7816 1 6902
2104 4.3110600930410037 3.6558667312156001 -2.0689300760263429 121 155 183 0.4635156259009891 9 7802 10 7422 1 6906
2105 5.6879748001053754 2.9047553033674762 -0.95079036725104282 102 129 150 0.29571177770005819 9 6832 10 7426 1 6910
2106 4.6354292936115726 1.6852863998250263 1.1118167721106498 59 70 37 0.88861906688452152 8 8199 1 6990
2107 4.8161721965808457 3.1681128700969134 0.16262623829101139 112 135 149 0.95072173097382695 9 6956 10 7482
2108 0.79632587302664237 4.1862461147682364 -0.95602334265295108 170 195 120 1.274298002360674 9 7910 10 7507 1 7037
2109 0.7306519650981238 4.2090184725608202 -0.99177521656528556 154 181 95 1.0512560498673944 9 7911 10 7508 1 7038
2110 2.1656095127770665 2.4177793267719956 1.6065990983466776 200 209 131 2.0150920704428059 9 7960 10 7615 1 5774
2111 3.3466650611864495 1.833414892161557 2.4691948142514861 175 201 96 1.4463485648846424 9 7084 10 7629 1 7126
2112 0.2475949267558506 2.3735139628897257 1.1955801263929915 61 45 41 1.6907022150453421 9 8621 10 7662 1 5828
2113 3.0449703745252528 1.6516179692434221 2.858851281843847 206 204 153 0.44868887424395304 9 7144 10 7676 1 5891
2114 0.19372985127700679 2.074164622626034 1.4170721675986784 247 221 198 1.2856240219086368 9 8046 10 7680 1 7167
2115 0.58051278902894832 2.2588158298697945 1.5886470153431511 126 78 64 1.2977570558287665 9 6037 10 7694 1 5893
2116 2.4898808814079656 1.6970631676736472 2.7063193706409376 202 216 118 1.3600349312644073 9 8001 10 7695 1 7207
2117 2.1855128751923059 1.8691185676984454 2.5029012525938996 236 237 199 0.79562630038571613 9 7180 10 7697 1 5914
2118 1.862395842601811 1.956536280693749 2.3799346399869137 236 219 149 1.1379718126495699 9 7207 10 7711 1 5924
2119 0.16353434568070926 2.0022858137786281 1.7125244061767162 180 137 128 1.8570012659944692 9 8092 10 7739 1 5935
2120 0.16353434568070926 2.0022858137786281 1.7125244061767162 180 137 128 1.8570012659944692 9 8093 10 7740 1 5934
2121 -0.52265926572175436 2.9361455640457454 1.1033203918155465 36 50 27 2.2158076324583518 9 8142 10 7748 1 5993
2122 0.73506700823643756 1.9661649905833183 2.3909682847140159 237 235 172 1.8618700216331494 9 7354 10 7790 1 6056
2123 1.3661046155010945 1.6634461691033007 2.8634470063495914 148 136 110 1.6630267003843269 9 7331 10 7798 1 6074
2124 1.6709352067181613 1.5075638691222759 3.0814235943467478 182 188 140 1.0687620847913506 9 7314 10 7799 1 6085
2125 1.185959013934806 1.708167149427132 2.8055751380770042 226 218 205 0.96024658239044536 9 8117 10 7805 1 4178
2126 -0.2173024214739824 2.3187397023076457 2.0674639403371469 92 92 101 1.1785847625530541 6 9281 10 7839 1 6140
2127 -0.661855743278571 1.9782761320953537 1.9210210730832253 116 124 134 0.55195657351435889 9 8219 10 7846
2128 1.4683533277770415 1.4122864212642319 3.2317051050052656 235 230 208 1.3206260234757636 9 7362 10 7850 1 7353
2129 -0.013197134876019699 1.7277370642326886 2.4028972500954193 125 124 124 0.64800447639968783 9 7452 10 7870 1 7344
2130 1.2983340526612364 1.3774655830416389 3.2407140618288062 127 126 100 1.7104260019437785 9 7386 10 7878 1 6156
2131 1.0000368520599257 1.48768995103767 3.137380331549287 254 253 239 0.57701523700240231 9 8182 10 7888 1 6178
2132 0.21977377936174253 1.830334932301803 2.6624400764810878 141 127 60 1.9384948028082529 9 7482 10 7896 1 7388
2133 -1.0481515017739342 2.3076331162009627 1.9229207492659339 61 66 59 2.2096966484550302 9 8297 10 7912
2134 -1.7270815105228838 2.6265326920755503 1.5507240037643526 192 184 85 1.0027519144936943 9 7715 10 7926 1 4392
2135 0.5744082437312612 1.4953762155236341 3.118036093354362 223 196 115 1.017597268975085 9 7494 10 7937 1 7419
2136 -0.62283274445165571 2.0588642422988386 2.405419731353212 155 133 85 0.033444001912010447 8 8686 10 7954
2137 2.4159040704685548 5.8676524467403199 -5.3527519531320156 96 144 183 0.24362586407084419 9 8419 10 8027
2138 1.6434132864411255 6.3912319136229883 -5.6657395458398376 123 138 151 1.2877932008906432 9 8439 10 8038 1 7835
2139 1.6434132864411255 6.3912319136229883 -5.6657395458398376 123 138 151 1.2877932008906432 9 8438 10 8039 1 7836
2140 1.2315076569672518 6.8387094552760441 -5.1037870322706986 12 18 26 0.67593901749016494 9 8467 10 8059 1 7876
2141 0.87685874176809708 5.2856845752664263 -3.1735467723636881 193 212 206 2.1434632361476824 9 8487 10 8085 1 6981 11 7679 12 7490
2142 0.43380405362641472 4.4234818730733334 -1.4279314735080728 22 46 24 2.2826713003117569 9 8517 10 8113
2143 0.43418443858636047 4.2702787145866079 -1.2259719321198355 220 251 165 1.7231546467527654 9 8522 10 8116 1 7934
2144 2.1547621845701181 1.888662573592361 2.4497902117763637 68 94 55 1.5554077415241541 10 8245 1 7202
2145 2.1690725121613159 1.8998336589523457 2.4501067452880982 68 94 55 1.3788633961893648 10 8246 1 7203 11 8515
2146 -1.191902028482908 3.326587062762945 0.4567397238287193 91 101 43 1.0219263981263176 9 8685 10 8265 1 8102
2147 -1.6829011042409778 3.4043469478090591 0.34704389000191393 197 229 132 1.4876775270100591 9 9075 10 8278 1 8116
2148 1.0218328465663202 1.6055581547208719 2.9536430903874602 190 184 126 0.54524567563506998 9 8162 10 8370 1 7358
2149 0.60094149134655772 1.5057677949663435 3.0351798126695071 161 172 70 0.66905689095199727 9 8214 10 8399 1 7400
2150 -0.21370923752203791 1.8952116455527956 2.5994455690696641 229 243 192 1.6872948090787956 9 8775 10 8419 1 8238 11 8021
2151 -1.0533335647758517 2.2233826552910569 2.1751647210965546 128 111 71 1.7800499622549821 9 8820 10 8435 1 7447
2152 -0.041761708308783466 1.7410669413036526 2.8450432427786327 230 229 224 1.3369645276770792 9 8784 10 8437 1 7445
2153 2.4507293696217696 5.8013026796547518 -5.1359434491554286 82 125 166 1.1045054051314567 9 9184 10 8479
2154 2.152317840473061 5.8047324179396309 -5.2022582644529036 225 248 255 0.13278238826566316 9 8864 10 8480
2155 4.7104977547528097 7.3772398362775409 -6.5017176228621567 255 255 255 1.9989015686030758 9 8863 10 8481 1 7829
2156 2.8489510950209551 4.2338266620432714 -2.0929807375348406 29 37 40 0.77462142998546979 9 8897 10 8503 1 8590
2157 4.9028294355399504 3.1742452433808679 0.22067610765643997 56 74 86 2.2359771208827293 8 8898 9 8914 10 8530
2158 0.79465620913300283 4.1135403311045122 -0.75742274774300555 182 207 133 1.8144183798101343 9 8944 10 8548 1 8636
2159 2.2561222267790768 2.3347161890535553 1.6041537489462554 192 197 108 0.40158398113931826 9 8959 10 8585
2160 0.36267168549356571 2.1787514361480977 1.2439785522050268 255 235 214 0.93779008166232869 9 8994 10 8605 1 8045
2161 0.81746109858139693 2.4046295174235381 1.3571385112246306 255 224 198 1.8626586139944106 9 8016 10 8607 1 8056
2162 -1.2879771167673881 3.3175552549574805 0.39971820579276068 100 109 80 2.5507448675660078 9 9054 10 8632 1 8733
2163 -1.7476499661234324 3.3893856231022799 0.37367855833477492 119 124 48 1.5297221633418923 9 9081 10 8641 1 8120
2164 -1.6264740513466551 2.9143198945033619 1.039270019924559 216 231 154 0.24819359141819786 9 9346 10 8673
2165 1.345585868888272 1.55896560408936 3.0079893262786648 206 190 175 1.2747060462759487 9 8675 10 8676
2166 -0.68170495405529874 2.0794914269633948 1.9599058434499987 72 82 94 1.7596255946201931 8 9482 10 8693
2167 -1.8629249383245881 2.7798369031689907 1.3442734480214429 146 158 110 1.3835691688491796 9 9371 10 8705
2168 0.19188609600040563 1.7689021977410002 2.7656874257272235 148 134 113 0.66565103117965674 8 9120 10 8712 1 8224
2169 -0.08307002686676758 1.7998020917872835 2.7236136857694992 138 144 122 1.6473286590754679 9 8772 10 8729
2170 0.74627891281488323 1.2999762282248557 3.418932904335017 221 217 197 1.2116488778435941 8 9096 10 8741 1 8272
2172 2.1195246868062787 2.5981719253298183 1.2145302066351891 167 159 85 0.049658925872743939 9 8954 10 8819
2173 2.2780520286874024 1.9247217143297628 2.0094977743015798 121 122 127 0.14564676964605944 9 9242 10 8837
2174 -0.85491228142070408 3.3217261635589552 0.2771245362628163 131 136 140 0.47678194730883822 9 9443 10 8852 1 9142
2175 0.46466225630527208 2.2091076956971754 1.3782401720765738 120 81 74 0.84901952203250308 9 8616 10 8855 1 8057
2176 0.67212440777913485 2.3182931729245708 1.4900403622431635 255 228 207 0.66843316343694426 9 9006 10 8859 1 9143
2177 1.6308072934233235 2.1196794217445505 2.1084155731189864 171 176 84 1.6087327323627736 9 8999 10 8863 1 8717
2178 -1.3466467759630094 3.4457662132063449 0.2846891411612168 163 143 60 2.1070528433112958 9 9447 10 8869 1 8732
2179 1.212375657911833 2.1569023486960317 2.0480895650005242 244 237 167 0.87475323142330152 10 8870 1 9157
2180 -1.5101443875999307 3.2689212897947391 0.57082788213907143 243 255 217 1.3602789681727963 10 8886 1 8750
2181 1.6421763103477163 1.5699547581421052 2.9526715946996265 192 189 143 1.4593721573236322 9 9038 10 8903 1 9176
2182 0.9183108831778406 1.6419020930617896 2.87406782366382 46 34 19 2.1286065351036427 9 9062 10 8921 1 8801
2183 0.9183108831778406 1.6419020930617896 2.87406782366382 46 34 19 2.1286065351036427 9 9063 10 8922 1 8802
2184 0.41954932398025069 1.7434339718884364 2.7724399003777109 160 159 97 0.59843316596935814 9 9328 1 9205
2185 -1.9609522987601411 2.821591220945082 1.2724311194962152 149 157 97 1.8504447503031805 9 9373 10 8941
2186 2.730507522693618 5.9600340633549882 -5.0027764651666446 134 156 177 0.16944165147939103 9 9389 10 8974
2187 2.730507522693618 5.9600340633549882 -5.0027764651666446 134 156 177 0.16944165147939103 9 9390 10 8975
2188 -0.24719991913055028 3.9591696308119975 -0.57293944436321065 44 60 16 1.9793998603989724 9 9425 10 9008 1 9100
2189 2.2044892122235176 2.5710964376667147 1.2769310306937034 37 38 40 0.16961773567628313 10 9010 1 9383
2190 2.2044892122235176 2.5710964376667147 1.2769310306937034 37 38 40 0.16961773567628313 10 9011 1 9382
2191 2.3353995259228424 1.7356738630662192 2.4003037305729071 56 59 67 1.5435476757680915 9 9249 10 9022 1 9391
2192 0.087709264525070718 2.0747963716974396 1.4406257514664174 29 19 20 2.8883140242810108 9 9438 10 9027 1 9145
2193 0.51303319749880483 2.2221851658237517 1.6542130639224999 255 233 206 2.5995888106044824 9 9022 10 9029 1 9151
2194 -1.3855657712103304 3.2687287624710195 0.5787004344318134 129 143 80 1.3847507232210858 9 9451 10 9036 1 9166
2195 1.3185789308317375 1.8611578506088275 2.4084658425435377 84 75 68 2.1326637839427636 9 9277 10 9037 1 9407
2196 1.3185789308317375 1.8611578506088275 2.4084658425435377 84 75 68 2.1326637839427636 9 9278 10 9038 1 9408
2197 -0.11115481353955085 1.7631119201452894 2.3528825664190451 15 19 28 2.0150740514510157 9 9458 10 9063 1 9422
2198 0.082821802298673586 1.8292457219889955 2.5952742310311598 40 40 40 1.8636120650641861 8 9460 10 9068 1 9208
2199 1.8314727396059269 6.4823753583728072 -5.7582109581667007 100 112 128 1.4727294639399449 9 9509 10 9087
2200 3.8955610375452072 3.597761090628897 -0.60253435650206433 190 204 205 1.2056865525902247 9 9522 11 9290
2202 1.6575241096104585 3.8753740565016632 -0.5514125976730534 43 76 50 0.99354592546124332 8 9960 11 9348
2203 2.9298173616389453 4.7458048670065756 -2.8883447499187942 110 137 154 1.7605931183605588 9 9606 10 9195 1 9639
2204 3.7155901995886804 3.4412664370047068 -1.2599040930679661 151 165 166 2.0427128715367457 9 9605 10 9197 1 9642
2205 0.84303111475060877 4.3248548553088302 -1.2378434053235061 36 70 35 1.299487013192022 9 9616 10 9204 1 9647
2206 0.49719124896733691 4.1666415432391615 -0.9246666893275296 215 221 150 2.6430440819567664 9 9621 10 9206
2207 -1.2794920006242936 2.4660755534110428 1.8144260411122535 49 52 35 1.279101965804502 8 10022 10 9214
2208 -0.49341585252952164 2.8955062375005323 0.87060051821272388 132 171 93 1.540576111870759 9 9658 10 9227
2209 4.0493239295953787 3.5671056777545855 -0.53811816192604234 177 197 200 1.3289400033202301 7 3706 10 5327 8 5797 9 5549 11 5456
2210 1.686373665467082 2.2963002929832297 1.8298529326594486 208 203 112 0.79583342843233917 9 5911 10 6874
2211 1.7640179524002553 1.7716235257881146 2.6505128707605849 213 219 145 0.18776944092957909 9 9272 10 9035
2212 -0.15472695652455912 1.9984843399180119 2.4550005735278173 20 20 22 1.5625449612538003 9 9673 10 9267
2213 0.69024355024922956 6.6409081379482959 -6.379001717640266 215 237 244 0.070693438953087939 10 3114 1 266
2214 3.4231040873274021 4.4944721854439704 -2.8328961485109865 249 234 200 0.97193563675351746 10 5182 11 5350
2215 3.4151696682023673 3.3859455873763875 -1.6340328342029349 32 46 73 0.8907931248088663 10 3232 1 413
2216 1.7235644550878528 6.935919723364651 -5.2374705804582815 55 68 75 1.0696815748362638 9 5497 1 465 11 3324
2217 0.98215165664447168 5.2420094525081709 -3.2536585076215601 164 189 186 0.13607933225128577 9 3470 1 510 11 3376
2218 4.9882829774178923 2.9391384316116342 0.18963574879471007 19 26 34 0.29943341684838831 7 396 10 3349 1 558
2219 4.9232163532100488 3.0058172908100564 0.14591311060646281 88 105 116 1.3125239603677763 10 5324 1 564 11 5493 11 6847
2220 -0.49117579422540464 4.3932157520508897 -1.89384033219569 0 0 0 0.36182419865138177 9 5638 10 5361
2221 2.287934752983944 2.0739514169666293 2.1779158626987325 39 36 29 0.89667474087106314 10 3937 1 1137 11 4245
2222 0.0097441686712827873 2.3134005722718762 2.0536291594171994 78 77 83 1.1218203599266061 7 4936 1 1657 11 1672
2223 0.018950229593586498 1.7141337907641645 2.4312174562758511 137 142 145 0.5037018128288403 10 4608 1 1728 11 1826
2224 -0.48946734731153085 2.1432855465445351 2.29122277939695 107 93 50 1.1696800444961564 10 6235 1 1894 11 1827
2225 3.9213594393499012 2.9680204885886474 -2.0427352824108764 19 25 39 0.80340726076664959 7 3436 1 3223
2226 3.7287988113814912 4.0167542485216119 -2.5923622839299645 95 102 128 0.24680178984244158 8 5664 10 5136 1 3276
2227 3.8512209084078339 4.4204095963917238 -2.4784206299295275 113 132 146 1.0652589017432519 10 5216 11 3380
2228 2.463285897624683 6.6698094014914666 -4.5985460435203445 49 57 75 0.40029483019675638 9 5510 1 3411 11 3363
2229 -0.032576503253246708 4.5373338831688557 -2.5003268141742598 121 140 124 0.60747404815499817 9 6977 10 5320 1 3472
2230 -0.51886038767151876 4.4243335704980513 -1.9263602160240045 168 225 87 2.2022760777712942 9 7010 10 5362 1 3519
2231 -0.68294903288428843 4.4733709796626107 -1.5926113779782194 190 235 168 1.4189708632931068 10 5431 1 3580 11 580
2232 -0.75661780046315075 4.4996855592525478 -1.613741680592002 245 255 249 0.80521408601493405 9 7086 10 6695 1 3589
2233 0.4725553519524745 2.9408182098180928 0.33825225410886789 61 60 58 0.94694146130620349 9 5805 10 5540 1 3666 11 5551
2234 -0.20393756810357577 3.9232545577129434 -0.57118462894447519 70 92 8 0.72835303908335558 9 5854 10 5519 1 3672
2235 -0.47752256419516625 4.0430417254153266 -0.66391361707002983 33 50 0 1.0486499501135376 9 7153 10 5541 1 3698
2236 0.33529671573137532 2.2600906755914481 1.1962146598970953 45 35 35 1.0336764977472113 10 6856 1 3820
2237 0.19795632518035783 2.3265295811933915 1.2534020710843063 45 34 33 1.0845240628499255 10 6891 1 3884
2238 1.9811304247943966 1.6368184081163708 2.850987104000513 206 201 108 1.3092262061418012 10 6996 1 4072
2239 -0.16552294122190228 2.219623263414547 1.6931501609077018 55 57 69 0.43198427698634595 10 5948 1 4084 11 4088
2240 0.013028496925533447 2.3188290985158213 2.0314738498883318 31 29 27 0.92583969990530435 10 6035 1 4198 11 1666
2241 3.033595085950314 5.2295623993732709 -2.9673216111430163 77 91 117 0.86986630452161096 10 6572 1 5523 11 5380
2242 0.94133044805807575 5.2672879978955587 -3.2358719634630422 17 21 22 1.680660962813753 9 6954 1 5535 11 5372
2243 -0.52161485683430275 3.8079541967373096 -0.22926726280359849 69 77 62 1.1470314680758447 10 6807 1 5779 11 3684
2244 -0.68932732008459285 2.0873683100498255 1.9702531253727851 112 117 120 1.4301990942223981 9 7514 10 6140 1 6146 11 1588
2245 -1.3219187858124961 2.3404538687339995 1.9669976051198632 245 251 193 1.2691034567197583 9 8363 1 6276
2246 4.5293694996658376 3.3495116269145 -2.3819786118098372 22 25 34 1.6312074790219944 9 5329 10 7397 1 6891
2247 3.137132767415129 3.454473637304047 -1.7984739450272098 136 126 110 1.0617512931231063 10 7438 1 6921 11 6738
2248 -0.25904600240703129 3.7696809020048216 -0.14370610022882255 244 252 208 1.4284992351510035 10 7609 1 7114
2249 -1.2235878552593649 3.9779248361306188 -0.53760809753864702 176 198 110 1.3226258942628133 9 8634 10 7628 1 7130
2250 0.61235806558176353 1.259825559898947 3.4710022901536841 111 97 65 0.81927967146583602 9 8265 1 7475 11 8197
2251 3.2300827580721547 6.2239312694710982 -5.5564466325185347 96 104 117 1.6861674724171125 10 8030 1 7827 11 8701
2252 2.5362209717360722 5.8366325567891879 -5.0138129788130668 48 72 108 2.0160709837167494 10 8037 1 7831 11 8280
2253 3.1109686336616398 4.0263699578892629 -1.8054567125200238 106 124 144 1.0424557639603271 10 8073 1 7882 11 8303
2254 -0.60129391656120978 4.4158208352971213 -1.8013935503106444 30 63 19 0.52347440934149203 1 7918 11 7693
2256 2.1204994878209313 2.6173084653487222 1.3684886008103954 175 180 86 0.56009457979770938 10 8186 1 8015 11 8431
2257 0.46509164164923827 2.2510247787281217 1.1422230273174505 210 175 145 1.0438655989315928 9 8983 10 8840 1 8036
2258 2.8456100930228749 4.226163314371818 -2.0927832212252429 31 36 39 1.9900328796064006 10 8504 1 8591 11 8300
2259 4.363271032050406 1.996939205353369 1.2641449066070436 0 0 0 0.014848508392997391 7 8404 10 8102
2260 2.3124862073948558 2.3385933754486721 1.7559489272807489 180 185 107 1.5514807781293443 10 8833 1 8684
2261 -0.050491440414470526 1.8134626881553473 2.5754294715645569 44 47 36 0.88672734980428558 10 8398 1 8823
2262 -0.57390928491681814 2.1652206473110138 2.2579496958209488 151 144 98 1.0314342444285813 10 8942 1 8835 11 8520
2263 -0.45102984236337612 2.0368735161394671 2.4176702850636898 141 164 91 0.93657113524948032 10 8720 1 8842
2264 -0.66451099881467801 2.1118469144438579 2.3629288299540283 182 167 134 0.74640390379506105 10 8954 1 8850 11 8534
2266 2.4637646854704625 2.3437158115961347 1.5196822532494365 46 44 43 0.96528643271283288 9 8948 10 8824 1 9102
2267 -0.76745471978605284 2.9309172847539071 1.0442950943586682 203 225 138 0.51778008438489564 9 9308 1 9169
2268 3.0080456680585339 4.4898618361802729 -3.4565783654132454 145 173 197 0.57451419577700935 10 8760 11 8712
2269 1.1207238484348827 6.7201194979314538 -6.2121609552113393 86 88 86 0.84222690495077257 10 8971 1 9329 11 8985
2270 -0.96901372630649496 3.99557996598416 -0.34294449128369525 185 194 122 1.1343981325939325 9 9437 1 9389
2271 -0.94054113910596415 3.0176484604619986 0.80456654472562072 185 200 97 2.526377469161559 9 9556 10 9134 1 9403
2272 -0.38070787123359712 1.8878605217128259 2.6553729127540153 229 231 218 2.0508098740491794 10 9081 11 8893 12 8000 13 7697
2273 4.1703508851345727 4.5620256018342893 -2.3675192886997696 95 112 138 0.11769284246304963 9 9602 1 9640
2274 4.7794597439770516 2.5068263675330797 1.0515288091678725 100 145 116 0.003892538335710332 7 10205 1 9709
2275 -0.38134164155120598 1.7723765923055612 2.8041251804977021 151 151 145 2.4907070362051416 9 9363 1 8874 6 10182 8 9743
2276 1.3243702667984583 3.7472881167530567 -1.3808018139183387 111 119 111 0.59662872104133702 7 3817 9 3505 1 562 8 496 10 3356
2277 -0.18991423595348492 3.9658186816359513 -0.41278658118498102 201 213 126 0.98318027928986174 10 8576 1 8004
2278 1.0388726099641137 1.3857522374811346 3.2602518002325689 183 180 163 0.34789489127132794 10 9071 1 9426
2279 4.8177155614486669 1.7739632040006232 1.3229125310698056 18 19 21 1.3364702576077025 10 9161 1 9601
2280 4.8530897764240475 2.0026226257123243 1.6152853524661051 99 142 112 1.1951178481195595 8 10032 1 9730
2281 -0.65761262608847815 6.1655349478238666 -4.3660101800102975 86 173 149 0.90622328176266898 10 3319 11 412 12 495
2282 2.7062987898670654 4.2271321690131556 -1.7155122426712317 32 43 61 1.7431722610642861 10 354 11 522 12 6293
2283 2.5779753771900968 4.389896764819853 -1.7323956294388889 200 213 206 0.51184147840652783 10 386 11 539 12 3359
2284 2.6738204494453344 2.99516151567938 -0.25223125592202789 95 144 115 1.4483822198604326 10 453 11 637 12 5216
2285 0.25265247894618265 2.0655231869643242 1.7015965303931775 129 79 75 0.66373195723430556 10 1595 11 1372 12 3834 13 3714 14 3592 15 1291
2286 0.35576352382182291 2.1154878010775637 1.7738831421810575 108 70 59 0.45208882956921959 10 1629 11 1435 12 3894 13 3783 14 3662 15 1426
2287 2.3008665243886703 2.0537115410340556 2.141146854653035 140 140 142 0.5792379361577974 9 1011 11 1596 12 4462
2288 0.075371289301106842 5.7512992389925666 -3.7789691787055375 160 179 173 0.90036495362287394 10 5299 11 3367 12 520 13 315
2289 2.029805831479405 6.6143002412452745 -4.5044815981662278 55 67 89 0.9852715234519166 10 5254 11 3374 12 4955
2290 2.1999128361122358 4.5969875877975461 -2.043650322832089 187 205 199 0.94517916701802929 10 5313 11 3443 12 5056
2291 0.69096835452716832 2.3409983708740696 1.3137149602128191 255 219 191 0.66110376207306754 11 3931 16 6698 15 6576
2292 -0.13009333601228185 5.8868484270097587 -3.912090441642043 174 201 198 1.8621211709355068 10 7466 11 5365 12 4923
2293 1.4212797064822584 5.0400622736326293 -2.5864466528163708 166 186 175 1.9363170395061342 9 5575 10 6627 11 5391
2294 0.80111521353423709 2.4324426829542318 1.0972377649361986 155 119 107 2.1384331768721516 10 5641 11 5644 12 7146 13 7641 15 7657
2295 -0.36196482289576204 5.9852915369468302 -4.0874074432993037 79 178 150 2.059186562043569 10 8086 11 6742 12 4913
2296 2.3438791340421656 5.6970890939083221 -5.0215291184754092 63 102 141 1.9472262553771513 1 8552 11 7638
2297 -0.33497278383382695 1.9528152874187095 2.494313833049119 159 131 91 0.54092073125862583 10 8719 11 8006
2298 4.2199840877380472 3.6161806791773428 -2.2669815340012121 98 121 147 1.5964730151008748 1 9331 10 8973 11 9165
2299 4.2083342998079551 3.6103400262197716 -2.2598781357805655 130 153 177 0.30461978668056922 8 99 9 85 11 351 7 3505 10 82
2300 -0.95548715119069783 2.2382314987989549 2.1635698241876136 187 181 138 0.33086698476092613 10 9076 11 8514
2301 2.5727638817058693 6.170277764876964 -4.9611065784824566 41 35 43 0.12746881641456706 10 8764 11 8720
2302 0.31545724371308242 4.4215850946101618 -1.5958407640647871 48 83 61 1.4716269831414901 9 9528 11 9009
2303 -4.3258246205218036 -2.7046913688015333 9.3593281355713653 51 79 52 0.59853960472346168 3 203 2 151 18 157
2304 -2.8514009959025621 -2.8356741482096104 9.6510380391597081 52 80 101 1.1333866494611147 3 204 2 160 18 181
2305 1.7721395633335775 -2.4643427998484899 8.4341001683735115 46 60 69 0.15319698885998945 3 184 2 165 18 244
2306 1.7721395633335775 -2.4643427998484899 8.4341001683735115 46 60 69 0.15319698885998945 3 185 2 166 18 245
2307 -2.8337742100927685 -2.2555800445293386 8.5358075963278086 37 49 37 0.93547931605542078 3 4006 2 190 18 195
2308 -2.7963770449923975 -2.0416288278662216 8.2810430893814697 24 41 23 1.2770268236502886 3 269 2 229 18 3711
2309 2.9673926763712211 -2.3476348868487036 8.5233397754176252 162 164 154 1.6077944882622814 3 223 2 230 18 3814
2310 0.62591273945738068 -2.0629561952965036 8.1797803232213404 112 144 105 0.6975781792948258 3 258 2 246 18 287 4 4137
2311 0.98968117037194703 -2.120366382646925 8.2966183556820052 227 236 231 0.32705701195235676 3 256 2 247 18 3771
2312 -3.5051446824042594 -1.8316327093327627 8.0539088753298351 160 186 112 1.0923307911871574 3 301 2 255 18 210
2313 2.8498234605870505 -2.163830852858033 8.3903644450896024 203 205 124 0.67904284386728353 3 259 2 264 18 6190
2314 0.15181189556270169 -1.7699364977768119 7.8246744125921115 160 155 110 0.42243785675919998 3 4074 2 290 18 3793
2315 0.96074198527300014 -1.7947372514092661 7.9378905546822418 195 198 126 1.9163738695254999 3 4078 2 305 18 6178
2316 -1.8464264089789468 -1.7255867162383258 8.0701975294477659 116 145 148 0.18721279405995428 3 352 2 307 18 274 17 746
2317 -1.0539217350321648 -1.4529225296893802 7.258706846347672 112 159 79 1.2117295216946107 3 345 2 313 18 300
2318 3.0659714949359831 -1.762244049687153 7.732855763007489 66 77 83 0.56871103481086061 3 304 2 328 18 3938
2319 1.0481898353637469 -1.518949579914965 7.4910890493337554 179 189 121 0.15191466724771138 3 357 2 349 18 3873
2320 -1.3870852780792366 -1.2803382200155038 7.1376023196221681 223 229 229 0.35381917252802664 3 4123 2 357 18 3803 17 4036
2321 1.8769170841730431 -1.1887273127924061 6.9689251767992078 144 136 86 0.50437908023384337 3 420 2 422 18 3965
2322 -0.75170195589334809 -0.93105584397795993 6.6787826690088465 75 90 57 0.60349599736117143 3 488 2 439 18 3899
2323 -2.130715447039301 -0.55994255207171106 6.2856667446244403 190 215 131 1.2707908122665132 3 593 2 517 18 3912
2324 -0.56057662777632722 -0.57962675427318833 6.2123603090424453 214 227 161 1.0493005546637355 3 4249 2 527 18 495 17 6211
2325 3.1247551005772394 -0.77936532641123835 6.4034122119183721 46 48 44 0.1615465029232189 3 531 2 538 18 4091
2326 1.5738617940552315 -0.39859694730739897 5.8925621219135893 187 171 92 0.23174736897681716 3 623 2 598 18 666
2327 -2.7648829917413784 0.022578205162217542 5.4790339425692096 204 204 134 0.37030060401864667 3 4378 2 651 18 3969
2328 -1.0306227424866743 0.19119268538140183 5.0900388884165704 102 97 51 0.49192156769588813 3 779 2 701 18 639
2329 1.2186717904227991 0.037635322603816003 5.2915902693454742 29 49 13 0.42140823556729456 3 745 2 703 18 4145 17 4426
2330 1.3030808577289028 0.084971869856869081 5.1686255157966547 218 211 183 0.8629223875588089 3 4386 2 708 18 4153
2331 -0.021091515186369897 0.25030153977940972 4.9953782786148953 113 105 58 0.45470541053391905 3 797 2 727 18 729
2332 -3.0010089414655887 0.47931293572884454 4.7965203944046841 195 186 103 0.42044846238262829 3 4477 2 744 18 589
2333 0.2666838019746684 0.36469771922509592 4.7906766892664585 206 204 148 1.7176040307449429 3 848 2 755 18 776 17 4372
2334 0.044363597591711192 0.60518778592130196 4.4316633972838098 189 186 106 1.0878289808052723 3 946 2 820 18 826 17 4391
2335 1.7290816568285354 0.58821078041153885 4.5028756389685221 196 220 139 0.3733221153373682 3 4506 2 862 18 4292
2336 0.69412254900610348 0.69013580080020698 4.3509878770563244 239 253 204 1.1242333562764661 3 982 2 867 18 936 17 6392
2337 1.8065835155699266 0.66550140975009131 4.3849873180245984 93 91 44 0.36714550178764566 3 976 2 886 18 4321 17 6518
2338 -0.28325031363750303 0.93368242905758692 3.9949288439485637 174 185 117 1.0118892374687123 3 4597 2 932 18 921 17 1347
2339 -1.0161289531344844 1.0234640847399747 3.8716780673966547 251 249 185 0.094731932684063061 3 4630 2 946 18 865
2340 2.5287448094479195 0.77786818017205861 4.1988575037306788 178 187 102 0.33692205103093958 3 1026 2 954 18 4427
2341 2.5599577506869013 0.79388339552156961 4.1424277993993934 157 180 91 0.75098104924930009 3 4558 2 955 18 4442
2342 2.6327956102009824 0.80313957073266073 4.1348586144114332 131 144 88 0.60702147525437178 3 1030 2 961 18 4452
2343 2.5589607446378277 0.83786416344432668 4.0949601885703828 77 85 32 0.19537616278813061 3 1055 2 972 18 1264
2344 2.7964566643372981 0.8528952921282339 4.0343229826576392 193 195 125 0.64582310905245832 3 1064 2 986 18 4486
2345 2.7964566643372981 0.8528952921282339 4.0343229826576392 193 195 125 0.64582310905245832 3 1063 2 987 18 4487
2346 0.17193576798127297 1.1032382655475859 3.7344755432317802 216 209 162 1.1097875907953454 3 1203 2 1025 18 1058 17 1469
2347 -0.19883460217360513 1.1369337963180914 3.6870983908459021 193 195 123 0.50041715716286805 3 1223 2 1030 18 1015
2348 0.35631222111260863 1.1495878056264732 3.6332834163632417 203 193 143 0.98031690978604513 3 1226 2 1066 18 4345 17 6439
2349 -0.52159687442382208 1.2317190008056296 3.5852997410026348 207 215 140 1.0491565289098002 3 1273 2 1077 18 1021
2350 -0.92088699740933166 1.3360492763269662 3.3830318312380152 110 115 85 0.58923610874576238 3 1333 2 1110 18 1011 17 1355
2351 1.8516982937093576 1.1593285360021062 3.641830591128572 251 248 223 1.0455497595166221 3 1237 2 1120 18 4510 17 6605
2352 -0.38800500284888573 1.3814401837718706 3.3658470245779988 162 136 104 0.44493950567703333 3 1373 2 1156 18 1135
2353 3.1449405289236267 1.1794707387384273 3.5008808616306855 38 38 40 0.36449642215232037 3 4681 2 1169 18 4645
2354 2.4239097055586059 1.3107002327319111 3.3555063832426488 226 231 154 1.4535123213078582 3 1323 2 1216 18 4612
2355 0.244962125274478 1.7014896024128989 2.3106417233839518 179 186 194 0.45218718808164038 3 1529 2 1308 18 1341
2356 1.6492027785585774 1.5334928124402758 3.0099477015678349 167 156 105 0.25431218863382388 3 1471 2 1312 18 1495
2357 3.1006136186414563 1.4466461765587553 3.1260940407412781 168 177 113 1.3952074143765067 3 4794 2 1314 18 4750
2358 2.5259755886493895 1.5007011856659718 3.0248202949447038 38 39 23 0.84902688876445465 3 1457 2 1326 18 6703
2359 0.069654974146330609 1.7745384153444452 2.4400602200376857 28 30 34 0.43455671136104967 3 1587 2 1362 18 4526 17 4662
2360 -0.066601227801833515 1.8116580079283895 2.3187031819890302 92 90 93 0.54659998113539221 3 1611 2 1370 17 1657
2361 1.2955452457581196 1.6875392071302919 2.7491888714848822 91 83 39 0.88927355119391371 3 4891 2 1377 18 1515
2362 1.9611550948162446 1.7053420210447074 2.7672602236329213 208 209 168 1.542217258871017 3 1566 2 1414 18 4720 17 6734
2364 -0.61435790862043571 2.0407701748028519 1.9348002994948663 251 252 254 0.40590140756075321 3 5015 2 1486 18 1408 17 1613
2365 -0.57349351358682199 2.1037763672603309 2.0222893196893317 185 184 182 0.41657496385351428 3 1825 2 1523 18 1455 17 1670
2366 2.5024383092512634 2.0151403741441083 2.2399973336827177 129 117 62 1.3407175649335565 3 5011 2 1620 18 6853
2367 -0.11279719705756079 2.2588503492974952 1.4833713688951087 98 73 67 0.68219221802714347 3 5143 2 1650 18 1609
2368 -1.3188452418052041 2.3540841890668514 1.9769014376675851 45 65 23 1.0493027363415173 3 5183 2 1674 18 1498
2369 0.37420531157409015 2.4679561118539146 1.0769518478864362 103 68 59 0.20991499029834892 3 5299 2 1844 18 1849
2370 -0.17055022378755672 2.5315617133499577 1.7442964171757893 26 24 25 0.35681430986308788 3 5311 7 4971 2 1864
2371 -0.67106729414243227 2.647822836344365 1.3297937269264051 61 104 28 0.49311564163452931 3 5412 2 1946 18 1789
2372 0.77594249361930967 2.5323889991006587 0.79812018374233251 210 154 124 1.5649432276946109 3 2236 2 1952 18 4936 17 5051
2373 -2.1747773678415672 2.7720610727978574 1.2996691943986243 205 176 105 1.407757240897874 3 5480 2 1968 18 1591
2374 1.481253983211503 2.5128700953360323 0.97102642023033536 112 118 120 0.89433507312297023 3 2215 2 1981 18 5031 17 5249
2375 1.9046101062387855 2.5048795427250901 1.5757420876329447 195 206 121 1.1124324472375564 3 5306 2 1982 18 5063
2376 1.4029844849156754 2.572594836877498 0.97972154753749419 83 86 95 0.60151299128112923 3 2257 2 2031 18 5046 17 5260
2377 0.59510186480867977 2.6451117401127604 0.83650119578077586 36 26 28 0.56628889427478102 3 5439 2 2055 18 2067
2378 0.55931101240760095 2.6741709486083627 0.84495166948435318 227 147 125 0.85046131647152834 3 5454 2 2077 18 2083
2379 0.40663687151983119 2.719311140586032 0.92302863903403098 96 53 40 0.2720947191894636 3 5481 2 2103 18 2077
2380 0.49686018718534974 2.7127380932801795 0.87620514770673341 111 75 63 0.46910156481377602 3 5483 2 2107 18 2100
2381 2.2300615259423138 2.6491695893057119 1.3077065652657522 196 199 180 1.1544197607671074 3 2285 2 2128 18 7065 17 8157
2382 -1.745272842177146 3.0238827565294506 0.93774837851388215 156 190 111 1.2567556721864479 3 5641 2 2197 18 1832
2383 1.2982804202505978 2.834609635709842 1.0004629154340468 201 202 194 0.44745211698092358 3 2462 2 2216 18 2372 17 2751
2384 1.1022092159365926 2.8355423395695243 0.7875875076660922 174 171 176 0.56268640447080698 3 2495 2 2222 18 2346
2385 0.52189605224823221 3.0191432423064644 1.0405215757675814 241 236 219 0.53070512864359998 3 5626 2 2310 18 2314
2386 0.85695742350321658 3.0466256907776641 0.69658842876490223 225 226 213 0.29696442765863124 3 2683 2 2390 18 5235
2387 -0.40705656321664163 3.1646210398994397 0.48919991349079056 252 252 245 0.72735024911929158 3 2842 2 2425 18 2233 17 2278
2388 0.61589142909983674 3.0908872149450146 0.47607850147557951 227 228 220 0.34875996749974797 3 2767 2 2443 18 2451 17 2652
2389 0.61589142909983674 3.0908872149450146 0.47607850147557951 227 228 220 0.34875996749974797 3 2768 2 2444 18 2452 17 2651
2390 -1.3062310874053191 3.345150005268164 0.36831056375304255 248 247 243 0.22732577347512284 3 5971 2 2557 18 2176
2391 -0.85682310688748031 3.4138037694389984 0.28932579378743573 222 220 211 0.54414433324273193 3 3224 2 2692 18 2344
2392 -1.166354269898715 3.5749030860285735 0.15375543543370584 244 244 236 0.62876314528696731 3 6230 2 2873 18 2393
2393 -0.94484368799922702 3.5718993431339521 0.13289121106425555 119 114 61 1.1059198786040694 3 6238 2 2898 18 2450
2394 -0.535664244691057 3.5711303219047901 0.15091510757462365 249 244 225 1.5008978582776846 3 6228 2 2937 18 2558
2395 -0.53448019119084544 3.5945439411649316 0.12540215382966838 249 249 238 0.14610485968802386 2 2984 18 2590
2396 -0.43608980092775329 3.6106651966597583 0.10436544609278058 250 247 226 1.4119564848913979 3 6280 2 3021 18 2647
2397 3.4614738779837744 -3.667987269230697 10.172444191564809 199 215 222 1.7116994887337811 3 3882 2 3952 4 6317
2398 -4.4537510948493759 -3.2091229881605901 10.041160347355408 75 101 114 0.40497072885140473 3 3941 2 3974 18 103 17 3889
2399 1.5078340897244868 -2.2518158867999425 8.3084469335958904 104 110 109 0.36953328493599003 3 3997 2 4049 18 3756
2400 1.4625872601097734 -2.2571723612462202 8.4426187110848616 219 224 221 0.28013420344527551 3 6537 2 4061 18 3767
2401 -0.80562872944160679 -1.9006754152484049 7.7847557503930833 224 231 231 0.86462561487352785 3 4029 2 4067 18 6113
2402 1.2478911172846741 -2.2504315321340007 8.4957710492783853 227 236 233 0.44651070540801779 3 4011 2 4069 18 3766
2403 2.2554772685042197 -2.2173848370678173 8.4129500853166306 98 103 91 0.14335863744491759 3 4016 2 4076 18 6173
2404 1.2778804043385732 -2.1661769343597634 8.384918447382633 122 124 85 0.67779560510212278 3 4023 2 4080 18 3779
2405 1.6952353156071753 -2.2184870357249244 8.5140118618759448 54 61 67 0.14992893415004796 3 4024 2 4081 18 3799
2406 1.8340806616265608 -1.9887040205132465 7.9799914776947789 165 170 166 0.18290520229060006 3 260 2 4087 18 3813
2407 1.5382372356305158 -2.0986274308610939 8.3499570428643004 191 186 158 0.99597280994205739 3 4038 2 4091 18 3807
2408 -0.45425114351196988 -1.5813985865637006 7.5011244222451134 223 233 224 0.91952475549555734 3 4088 2 4129 18 3791
2409 2.5856912063838831 -1.3668546255217591 7.2072304031104979 183 177 96 0.80154853600123799 3 4119 2 4194 18 6245
2410 -0.74510593989846174 -0.85987950776123101 6.5948430901143915 178 176 102 0.79277478142710889 3 4190 2 4235 18 3917 17 4110
2411 -1.3883008418939997 -0.77914671648817202 6.5160711125511668 104 124 59 0.44972136029604198 3 4204 2 4245 18 3898
2412 2.9486863695003978 -1.0630845781446356 6.833890247831313 194 204 130 0.65206225760529823 3 4161 2 4246 18 6289
2413 0.51136624872163006 -0.49639309696123129 6.0132318535563218 200 199 136 0.95651641810230315 3 4261 2 4300 18 6275 17 7541
2414 0.70419321470052954 -0.47554660293070694 5.9746863549247786 90 82 41 0.67952914527996244 3 4265 2 4305 18 4025 17 6261
2415 0.70419321470052954 -0.47554660293070694 5.9746863549247786 90 82 41 0.67952914527996244 3 4266 2 4306 18 4026 17 6262
2416 3.0792036247330277 -0.69068309949362661 6.3457688362636082 235 227 185 0.39961336803389685 3 557 2 4307 18 6351
2417 0.73885934487434846 -0.42534919256564513 5.9493944975774484 245 242 173 0.49657246720063986 3 4275 2 4320 18 6292 17 7561
2418 1.6112535506461685 -0.41071759335497865 5.8903456791588704 213 197 105 0.93759406229140907 3 4279 2 4325 18 4080
2419 1.5111705763266485 -0.41806097178033647 5.9374283246598472 39 40 33 1.033136483594026 3 6714 2 4326 18 7724
2420 1.5111705763266485 -0.41806097178033647 5.9374283246598472 39 40 33 1.033136483594026 3 6715 2 4327 18 7723
2421 -2.3064442132414409 -0.18602108429444153 5.7587964566108152 188 204 116 0.94924621894748418 3 678 2 4335 18 3959
2422 0.63823217072771909 -0.093892280541137976 5.5037048912573647 165 168 100 1.0146175184128832 3 4344 2 4377 18 4096
2423 2.8629797128918093 -0.25051701846045582 5.7022812005030712 119 116 70 0.73789506799364846 3 4310 2 4382 18 6398
2424 -4.5681074018813836 0.29656679105615813 5.1199580909490967 192 195 114 0.27353280053366741 3 6828 2 4394 18 3944
2425 -1.2869338722373411 0.29520673248292428 4.7896727860470101 148 160 158 1.1461928534886472 3 4416 2 4422 4 6865 18 4054 17 4203 16 3395
2426 1.2113921715601925 0.26214826983439554 4.9838736121953415 196 189 145 0.19145558541028848 3 4426 2 4470 18 6415
2427 -4.0445477683348834 0.60929500990367191 4.6127414808987739 198 197 104 0.75303072447051522 3 6873 2 4472 18 4000 17 4082
2428 1.5189428213218641 0.32185156387943864 4.8603854454370978 41 45 48 0.79259119228595887 3 4434 2 4480 4 1014
2429 1.8227799200246608 0.31485794998410627 4.8926232975096626 210 177 95 1.2563581272619191 3 4435 2 4487 18 6449
2430 -1.2618611375502773 0.6935396975592103 4.3890158531636079 205 213 162 1.9704286194921161 3 4527 2 4516 18 4135
2431 0.41701001120624565 0.80165635315697792 4.1245471650159953 214 205 135 0.90215798036307715 3 4555 2 4555 18 4247
2432 2.6466847073087303 0.75482746897751285 4.1830098325318739 189 199 125 0.60569931020928258 3 4548 2 4591 18 4428
2433 2.7581704348438802 0.80986650687642359 4.0557169360846652 59 61 55 0.93892919861763158 3 4560 2 4609 18 6573
2434 -1.7464451193894512 1.0965260013767446 3.8674166375041468 192 184 125 0.49485169001871515 3 6975 2 4618 18 4193
2435 -0.15034618904445418 1.1465222571490188 3.6582939689672993 194 193 143 1.2582855315426431 3 6982 2 4654 18 4299
2436 -2.8987871794213032 1.3237112251812693 3.5179486691346198 189 175 103 1.3155187129104424 3 7023 2 4658 18 4171
2437 2.8051112931567022 0.97785356797699063 3.8292931212429706 225 219 139 0.83453260813540941 3 4612 2 4665 18 6609
2438 0.61168988182617057 1.1389023705919479 3.6538233064801378 208 204 168 0.95724303481005923 3 6979 2 4668 18 4367 17 6479
2439 -0.84020001056991467 1.2788450254482611 3.4888898027106334 173 162 109 0.38265478761178012 3 7012 2 4677 18 1002
2440 1.3263948851492762 1.1599946539688242 3.6111732618853356 234 230 193 0.53486441080751213 3 6987 2 4693 18 6564
2441 0.6006506016888602 1.2234311519040215 3.5468150731109152 215 211 167 0.91034182766788929 3 7001 2 4706 18 6530
2442 -1.05010192717836 1.36253519462656 3.3177749774795995 191 186 166 0.85000940529400448 3 7037 2 4714 18 4286 17 4424
2443 4.2091816978809202 1.037872584747495 3.6633759996386006 114 140 54 0.9637830385394327 3 6958 2 4719
2444 -0.42738748933626275 1.385663456672303 3.3568273475637125 215 219 168 0.71380794436007189 3 4759 2 4746 18 4354
2445 2.3231701417631316 1.2323028122309145 3.4674655645415502 159 146 112 0.79288512620713103 3 7003 2 4750 18 6632
2446 1.2673430985878593 1.3742255182991352 3.2823084632694477 224 223 195 0.21934847414532846 3 4745 2 4778 18 6602
2447 1.0980807372702901 1.4577233922237127 3.1484734824400631 211 202 143 1.4564065930854482 3 7065 2 4804 18 7909 17 8559
2448 0.92637878652373196 1.503832460288691 3.1113607218328658 229 223 198 0.72806246216765969 3 4818 2 4816 18 4530 17 6569
2449 1.8820159292165528 1.5815998214018805 2.9418597189115299 77 69 23 0.78814239201087433 3 4842 2 4855 18 6679 17 7862
2450 0.038193234021783977 1.7709654342903991 2.3863892278485497 32 36 40 1.2470386887484581 3 4914 2 4859 18 6605 17 7721
2451 -1.3530407190314535 1.8314421024368024 2.6955483633223785 231 231 225 0.9045890696754233 3 7156 2 4861 18 4411
2452 -1.9672900806906131 1.8838740939998282 2.7091396499484404 135 124 86 0.35787530922081157 3 4958 2 4868 18 1163
2453 2.7584379071649212 1.698219299699119 2.6215622626530162 178 174 146 1.4375445041226733 3 4894 2 4916 18 6778
2454 2.7320668012022873 1.7027242093247337 2.6211407129735882 49 50 40 1.5740566278758277 3 4899 2 4920 18 4800
2455 -1.3009526594957563 2.3336781591184237 1.9951666936907184 250 255 253 0.40485344887225599 3 7314 2 5055 18 4606
2456 1.7937118284794515 2.145936757514801 1.9938068440017642 76 65 36 2.6528513339770168 3 5072 2 5065 17 7942
2457 2.267365402991222 2.1272409905708902 2.0759758480389916 47 43 31 1.5543558387507121 3 1861 2 5071 18 6881 17 7999 16 7484
2458 2.3329549265668703 2.1362480940499249 2.0878945188348763 234 228 206 0.43150910037804363 3 5069 2 5076 18 6890 17 8010 16 7495
2459 1.918278634322228 2.2675450425427623 1.8999007104274559 129 116 74 0.92259085101848759 3 5148 2 5128 18 6898
2460 1.9190110796791882 2.2668048491005406 1.9045200914073095 129 116 74 1.2837900910096733 3 5149 2 5129 18 6897 17 7981
2461 2.6787146723450213 2.3259026700927801 1.7129647411979352 74 62 38 0.78078576670943034 3 2026 2 5181 18 7001
2462 2.049378455242588 2.4745100772202151 1.6082167552014621 114 111 71 1.5778903680412528 3 5286 2 5226 18 5068
2463 0.54359760014152902 2.6080772364521887 0.89205722123664621 36 28 28 0.87161463139137274 3 7444 2 5252 18 4940
2464 0.68304331982951616 2.6044146811223072 0.78323948593782422 89 62 55 0.62675241650147584 3 7451 2 5254 18 4960
2465 0.59974110173180561 2.7040364240395709 0.80794498550785898 54 41 38 1.0998342305894633 3 7480 2 5302 18 4986
2466 0.90169742707307687 2.7708599609553146 1.2075570440689527 206 200 194 0.34188948483772141 3 7488 2 5328 18 6965 16 4164
2467 -1.6694669014004573 3.1938148430975351 0.69788745445605049 36 40 12 0.39889986117111592 3 7702 2 5462 18 1956
2468 -1.6694669014004573 3.1938148430975351 0.69788745445605049 36 40 12 0.39889986117111592 3 7703 2 5463 18 1957
2469 -1.6245333093715322 3.1915621431376189 0.69464263577738328 146 183 121 0.9251379283803608 3 7700 2 5465 18 1968
2470 -1.5430830542534564 3.3701620231579019 0.42293466792928774 173 199 138 1.2755211192644575 3 5978 2 5586 18 2139
2471 -0.83594971595646583 3.4160403464560853 0.30884266223730578 243 248 210 1.1866568051170685 3 6044 2 5671 18 5157 17 2289
2472 -0.72016193953134788 3.5496384686263682 0.18103694563389894 244 243 231 0.53881990934672186 3 7939 2 5800 18 2491
2473 -0.53130539272025223 3.5431520799867493 0.18680025134446507 233 235 222 0.4357444235936756 3 7933 2 5811 18 5298 17 2462
2474 -0.97199750974414001 3.5795896561284297 0.13143485707326102 150 161 98 0.23628489085051904 3 7970 2 5815 18 2449
2475 -0.97199750974414001 3.5795896561284297 0.13143485707326102 150 161 98 0.23628489085051904 3 7971 2 5816 18 2448
2476 -0.29425294388368844 3.5516839649992096 0.1909725837116652 199 204 175 0.34651565202702755 3 7937 2 5832 18 5377
2477 -0.41451079805033703 3.5691678279079371 0.15942707061585817 251 250 230 1.7942193780533759 3 7955 2 5845 18 5361
2478 -0.43132371291578153 3.5923620166643122 0.12603363393353198 244 245 231 0.250545556697719 3 7986 2 5874 18 5383
2479 -0.51676090317069567 3.6129368615617743 0.09243942920327114 250 247 231 0.63618219399808618 3 8005 2 5891 18 5380
2480 -0.51621460831735344 3.6128125366926547 0.091281011446329122 250 247 231 0.91812011099041546 3 8006 2 5892 18 5379 17 2528
2481 -0.29927880563532083 3.6135492873889352 0.087682413271545662 218 226 186 1.1145980286698662 3 9175 2 5924 18 5439
2482 -0.026757807405442487 3.6248240399882303 -0.10032430013313366 132 134 130 0.49368717196498918 3 6379 2 6013 18 2848
2483 2.6687533160148833 -3.351168401487012 9.6291810083155767 185 209 219 0.37651503482983922 3 6473 2 6430 18 6098
2484 2.6687533160148833 -3.351168401487012 9.6291810083155767 185 209 219 0.37651503482983922 3 6474 2 6431 18 6097
2485 1.3738144459134036 -2.2711089995632903 8.5312175766054921 205 212 204 0.45149579826750069 3 6540 2 6503 18 6141
2486 2.6929517706516584 -2.302725472185617 8.4862419466045207 157 162 158 1.098974554584893 3 6536 2 6505 18 7644
2487 1.1146113979798165 -2.0651425776872716 8.2409996508794396 189 207 149 1.8473353715265539 3 6553 2 6516 18 6152
2488 1.3136847627762667 -2.0126481788644206 8.1512330908886881 176 195 139 1.2741416357750921 3 6558 2 6523 18 6165
2489 2.2122468633151056 -1.6424581624587273 7.6201279474043062 188 191 124 0.3951784078637135 3 6581 2 6552 18 7673
2490 -2.8162939395005018 -1.1593537488459238 7.0374550136415479 182 211 141 1.3405499603640341 3 6621 2 6564 18 6135
2491 -0.87682422204658761 -1.1349404771532117 6.933406826364827 83 117 57 0.65909482647770901 3 6623 2 6573 18 6186
2492 -4.8725210086332345 -0.79097884296272625 6.6764557782987612 169 179 93 0.59107393731474189 3 8262 2 6590 18 6127
2493 1.521528409334173 -1.0360645347939537 6.792992814295773 220 199 118 0.98732653836692064 3 6640 2 6594 18 7700
2494 4.2088781427886985 -1.1954377081963401 6.9649478785756216 204 205 148 0.92611107536879733 3 6620 2 6598
2495 3.0124051230529427 -1.071020831472699 6.8100418884468681 194 202 134 0.71800885609231779 3 6633 2 6604 18 6291
2496 0.87393276810263509 -0.56735073680059733 6.11243042792207 220 209 124 0.73348725300836437 3 6690 2 6632 18 6276
2497 -0.48494291767176761 -0.48206194321581763 6.0873462228692743 196 211 138 1.0773649853537519 3 6706 2 6635 18 6250
2498 1.027962542855418 -0.45160842324530021 5.9795956499364209 207 197 119 0.48066153332928063 3 6707 2 6643 18 6303 17 6280
2500 0.83360346931131812 -0.21425752966018174 5.6484214177067962 198 202 143 0.25152423436112042 3 6732 2 6664 18 6320
2501 0.47264184454721464 -0.062569248068913563 5.5255314287710391 215 208 163 0.55001588413730707 3 8330 18 7735
2502 1.2182896602414903 0.10998565317478991 5.1591260692139782 242 220 198 1.2049136864884926 3 6780 2 6703 18 6380
2503 2.0503951745758799 0.085983297055287886 5.2231777697225095 141 125 66 0.55838531859220286 3 6777 2 6706 18 7782
2504 0.083827351376650316 0.25192078977216842 4.9613055194601925 207 191 116 1.1571821398420152 3 6804 2 6710 18 6356
2505 1.1402383975352062 0.23547858666942806 4.995235368341862 214 209 175 0.80711291614846425 3 6802 2 6718 18 7773
2506 -3.9917940217068413 0.59870206773168078 4.6272702918029589 207 195 105 0.47388550032351962 3 8377 2 6728 18 6267
2507 1.4819358607759006 0.29033714982593539 4.8539390796772288 173 178 112 0.69385552551626439 3 6812 2 6730 18 6425
2508 1.4614508775882185 0.32445014830165608 4.9033747357334478 59 73 28 0.72112073349508876 3 6830 2 6738 18 6436
2509 1.5679415049296788 0.32662871439209701 4.8851685498191912 107 109 62 0.086353102039989027 2 6742 18 7791
2510 -0.40619871504594107 0.70537961458145315 4.2718938129573774 223 246 146 0.17709675389887436 3 6887 2 6770 18 6401
2511 -2.1554371521748674 0.94141145540639926 4.1274534105904799 171 187 102 1.3725222081007293 3 4610 2 6797 18 6374
2512 -0.44423240783664419 0.91175351310886943 4.0371136139722044 191 182 122 0.57766839801018055 3 6935 2 6804 18 6445
2513 2.0163489302801545 0.73648307411344571 4.2730074327906156 167 205 117 1.6339010841732395 3 6894 2 6806 18 7846
2514 0.28789450325417359 0.9815266436226191 3.8963805457521774 213 209 137 2.7463688786360079 3 8419 2 6825 18 6480 17 6398
2515 0.37939072915419703 0.9869795670071082 3.8786751078677573 222 219 184 1.6462766870988221 3 6948 2 6826 18 7820 17 7654
2516 -3.1767366934939014 1.2809904880855252 3.6232967145331756 177 155 115 1.2435145032229447 3 8467 2 6840 18 6378
2517 0.76746609816075673 1.0429214948590546 3.8123329864215547 189 185 164 1.2807236890019646 3 6961 2 6841 18 6514
2518 -0.78300207583851222 1.2148985737588538 3.5382050386232926 176 164 144 0.95025662815618561 3 8443 2 6846 18 6466
2519 -0.77425298271822007 1.4047231022601074 3.3037142750717661 145 163 106 1.6870396617427985 3 7047 2 6878 18 6500
2520 -1.1353548558861055 1.4422593319403021 3.2983073811855328 179 167 148 0.49399511861379541 3 7061 2 6884 18 6499
2521 3.1138657830502607 1.199627211145458 3.493536937040171 74 71 40 0.544623608017479 3 8446 2 6893 18 7963
2522 -2.4064569825864597 1.5559972806549336 3.1819758734132848 207 194 124 0.31188071420216845 3 8514 2 6895 18 4244
2523 1.4693000222183257 1.405286297880348 3.2183123884369946 220 211 163 1.6828755924347458 3 7049 2 6915 18 7922
2524 0.98811477801488168 1.4934582345603802 3.1328163931701729 206 198 176 1.6497183912061875 3 7072 2 6932 18 6611 17 6576
2525 1.5457853836714488 1.521243988125353 3.0582883443061446 176 172 124 1.4531154783778613 3 8511 2 6948 18 7942
2526 -2.5469764238843737 1.9115687620340767 2.6474793292324548 113 104 63 1.1490511581421219 3 7176 2 6980 18 6508
2527 0.93007520524736187 1.7242061909252988 2.7885462142085453 226 215 152 1.68960953575818 3 8548 2 6993 18 7948
2528 -1.7939598308344997 2.0181252951456177 2.4774619496308574 193 187 163 0.34938795453524102 3 7215 2 7017 18 4444
2529 1.7270480162582307 1.8903827058710074 2.5060068747673236 214 201 159 0.64967470151960627 3 7173 2 7049 18 8012 17 8635
2530 -1.8491760801423438 2.1540744596754093 2.0263588639977619 248 247 218 0.55118815503695084 3 7258 2 7056 18 6577
2531 2.7327586239556285 1.8452796248027989 2.4750449514533206 124 118 79 0.29345242366010266 3 7162 2 7063 18 8065
2532 -1.7281346652435117 2.1989568705932165 2.0205676472234675 198 198 162 1.2655192018104802 3 8657 2 7071 18 6597 17 6403
2533 -0.65272852682526217 2.1341329238470532 1.968364367758124 90 91 93 0.28725076806847821 3 7255 2 7072 18 6644 17 6510
2534 0.19158161103390844 2.1581694517875718 1.3465045828332243 38 26 26 1.449390892949628 3 8651 2 7082 18 4683 17 1859
2535 2.0648325033497685 2.0367304980996481 2.0057044575587435 212 208 200 0.4410601264472655 2 7095 18 8072 17 8668
2536 -1.7021991202819433 2.3007172031549663 1.9850167169062383 210 229 177 0.27250702908452817 3 8676 2 7100 18 4542
2537 0.37518289466772992 2.2352977891925798 1.1621959362672798 228 164 142 1.1309396625651267 3 8670 2 7110 18 6730
2538 2.2343648480505194 2.0768784262993876 2.0621558224156993 54 64 73 0.97432656901644399 3 8633 2 7113 18 8091 17 7982
2539 2.2358644437164736 2.07623675890631 2.0682975813381699 54 64 73 0.62210720550300536 3 8634 2 7114 18 8092
2540 2.0930525877784736 2.1054960992711358 2.0640532747404308 47 48 44 0.95117081056650021 3 7252 2 7118 18 8936 17 9125
2541 2.0195701962368022 2.1517287609352107 2.0174006601155887 152 151 88 1.286328972102128 3 7259 2 7124 18 6855 17 7970
2542 -1.2536133023180964 2.4006057918592756 1.9372993949342547 159 178 102 1.362235859184721 3 8698 2 7145 18 7961
2543 0.56473276406331452 2.3689566823951176 0.97788074548741166 230 172 135 0.43266088476794734 3 7349 2 7175 18 6791
2544 1.262247328933062 2.3865827382177742 1.2701418706017924 17 17 25 0.82705199770899518 3 7351 2 7195 17 7928 16 5736
2545 0.64535875794795139 2.4311235195945295 0.89995244651981887 184 123 104 0.70473741458453709 3 8729 2 7196 18 6820
2546 1.296887866234516 2.3922691390370039 1.2657100814777453 217 216 214 0.83186946193263045 3 8706 5 4825 2 7203 18 6886 17 7934
2547 1.8752576547807991 2.5088337070610423 1.5885791023651967 158 147 73 0.047305449979467576 3 7378 2 7256
2548 1.8712489185777839 2.5427839543494559 1.5320319076730073 204 206 157 1.1867867598602839 3 7393 2 7270 18 6989
2549 -2.3234200360189723 2.8374654850690901 1.2586960364230615 196 203 132 0.42886347707420297 3 8808 2 7271 18 6701
2550 1.4929471305244708 2.5570031320291107 1.0083588090649778 129 134 137 1.753313226443914 3 5371 2 7274 18 8161
2551 0.51929052031465284 2.699464915877694 0.8642184992938805 32 23 23 1.2448943979496374 3 8793 2 7294 18 4976
2552 -0.65511154768101709 2.832088920867605 1.2061851863889299 201 209 158 1.0092272300990122 3 8809 2 7305 18 4879
2553 1.2930517326605544 2.9304044503417574 1.0311634291376421 156 153 84 0.79282315357411404 3 7561 2 7397 18 7067
2554 1.8044067084522475 2.9613401029688049 0.87509728547329513 195 203 143 1.0810157005993613 3 7579 2 7441 18 7170
2555 -1.2452563325355417 3.2188381172970018 0.59854202043849347 202 213 142 0.71556616878553492 3 9727 2 7461 18 6919
2556 -0.85092000600315509 3.490322490299814 0.27248997404773306 245 249 220 2.0830746677607701 3 9112 2 7588 18 5197 17 5080
2557 -0.79528537132911126 3.5118158042728655 0.23122920810916706 161 150 143 1.0685597976378329 3 9123 2 7605 18 7063
2558 -0.98154168326909508 3.5670693336640813 0.15078625753100194 237 239 215 0.75005351241977636 3 9154 2 7628 18 5218
2559 -0.71144972826293018 3.5722659244679194 0.16625464540150012 250 248 235 0.83425223280833738 3 7954 2 7639 18 5271
2560 -1.1080549970475309 3.6031992109008302 0.081671869024068894 231 232 210 1.8337042171678897 3 9173 18 5224
2561 -1.0942108285050249 3.6214049622116105 0.08332757871436125 143 162 125 1.0874898742141108 3 9179 2 7659 18 5236
2562 -0.91020616813582389 3.6245745050589986 0.075325748775927848 243 243 233 0.30616348284644856 3 9181 2 7667 18 5269
2563 -0.91020616813582389 3.6245745050589986 0.075325748775927848 243 243 233 0.30616348284644856 3 9182 2 7668 18 5270
2564 -0.40287778376013106 3.6072711413495746 0.10737856319785836 246 242 231 0.50171414533870018 3 9170 2 7676 17 5236
2565 -0.57638332406599579 3.6546078821508337 0.026980782244636046 238 239 226 0.62249746626209967 3 8046 2 7701 18 5404
2566 3.0278053947546546 -2.868717934544653 9.3601105189734302 151 170 120 0.45463978638364005 3 8150 2 8065 18 8615
2567 1.9398856494084924 -2.0249034131243535 8.0536673319821368 196 205 162 2.0680215913359592 3 6550 2 8086 18 7649
2568 -2.2713916115932888 -1.6299457930969985 7.5576269492717856 185 207 204 0.99776943784246563 3 9300 2 8096 18 7618
2569 2.4560831484142445 -1.7688701640101483 7.6950958055135636 85 89 90 0.37217083430683751 3 8200 2 8105 18 8639
2570 2.05138133492011 -1.6676456588350166 7.5133132267194229 118 119 121 1.4882238112522888 3 9298 2 8107 18 8637
2571 2.05138133492011 -1.6676456588350166 7.5133132267194229 118 119 121 1.4882238112522888 3 9299 2 8108 18 8636
2572 0.069092644647754872 -1.5064885025905896 7.395664537952447 212 214 209 0.45243954092512506 3 9310 2 8114 18 8627 17 8904
2573 2.8147476095770445 -1.5024074148932136 7.4065335996459662 183 185 111 0.52705034790540994 3 8217 2 8121 18 8655
2574 2.4154680842214131 -1.241544408888954 7.0681046314572598 218 212 184 0.6531356120091254 3 6615 2 8136 18 8658
2575 -1.9563653888802586 -0.81462554010657173 6.5708904920412197 180 202 121 1.2200969851820949 3 9333 2 8149 18 8632 17 8379
2576 -3.4805643910548274 -0.65889089444123439 6.4175146000288894 168 190 115 0.90122364478064088 3 9339 2 8152 18 8626
2577 -2.0016830110046331 -0.73100069403712697 6.485786410539589 114 124 68 0.96677102918834423 3 8265 2 8153 18 7666 17 8382
2578 2.5139288130970754 -0.85380386620448123 6.4042350319191828 91 87 82 0.85669908573862985 3 8252 2 8165 18 8674
2579 -0.30491965799546389 -0.42643037605545037 5.9987407705078413 167 190 112 0.88452833074685389 3 8286 2 8176 18 8662
2580 3.1534760593571831 -0.66350918955290961 6.2899257433534954 208 194 127 1.051941810298952 3 8272 2 8177 18 9329
2581 -2.559704177323034 -0.11273664308285607 5.6245742201975304 178 180 104 0.44006252127313056 3 8320 2 8189 18 7695
2582 -2.769955290905092 -0.097788990761741648 5.611743852074552 164 170 84 0.25803399560236245 3 8321 2 8194 18 7693
2583 1.5539231868124965 -0.3548104480608541 5.8681388223723241 180 169 104 1.3011387119282773 3 8290 2 8195 18 7734
2584 1.7458938512841311 -0.24383113357137084 5.679483636216192 192 170 102 0.92755618181862987 3 8305 2 8201 18 7745
2585 -2.67163242063127 0.48125834439052567 4.7288703472318252 203 219 139 2.5633844228512763 3 9385 2 8239 18 7711
2586 2.413781959204035 0.6495819566738894 4.3392688981048257 117 115 68 1.4805524318811809 3 8382 2 8291 18 9369
2587 1.7811671596747107 0.85342977331789516 4.0950633683950857 183 206 122 1.1615636787551684 3 8400 2 8315 18 8766
2590 -3.2127931471453599 1.2158053658539123 3.7479378140171935 209 196 130 1.6885993700735371 3 8453 2 8318 18 6373 17 6228
2591 2.885158695044558 1.1968407726026891 3.4953948727610831 239 209 126 0.90123028136703953 3 9437 2 8358 18 8839
2592 0.80068659621129756 1.4267439212187361 3.2149324162640234 249 241 199 0.96139110976841913 3 8493 2 8373 18 7890 17 8541
2593 1.9135875712586126 1.4967798966821797 3.0625496232583127 202 197 150 1.7906843148728366 3 8506 2 8396 18 8842
2594 1.0041613813776793 1.6321338587988872 2.8935444826036512 213 205 124 0.77550225012930685 3 9461 2 8411 18 7935
2595 1.9329770822714119 1.5848911620971828 2.9554247246946348 230 228 186 1.8489744798357672 3 8528 2 8415 18 8863 17 9055
2596 -2.8496774980045987 1.9973405494409338 2.5062066961154019 110 105 59 0.4835858185288604 3 9503 2 8434 18 6507
2597 -2.8496774980045987 1.9973405494409338 2.5062066961154019 110 105 59 0.4835858185288604 3 9504 2 8435 18 6506
2598 1.7162077845747814 1.8412183588915123 2.543313241859674 112 105 61 0.4796983392412304 3 8576 2 8456 18 8885 17 8630
2599 1.2713868714286736 1.9078277839234721 2.4158546572544375 34 30 27 1.2563519741871334 3 8597 2 8464 18 7996
2600 1.3052716588795765 1.932636387609177 2.3852974211141027 219 217 157 2.014686767373675 3 8600 2 8473 18 8004
2601 -0.65409357838735172 2.1034271429243874 1.9380286470317007 132 132 130 0.38575071119876619 3 8640 2 8475 18 6633 17 6499
2602 -1.5419094390258414 2.152791477151323 2.2428454375979596 221 212 176 0.36704360680895148 3 9523 2 8480 18 7899
2603 -0.54506462636883102 2.1095478729957438 2.0691043509704112 248 247 243 0.49056760182018938 3 9517 2 8482 18 8832
2604 -2.854318008692367 2.3181781260279859 2.0190120169764665 169 168 100 1.8729890996758722 3 9558 2 8494 18 7868
2605 -2.6943783687210998 2.3581260160640296 1.9999025288120631 169 184 116 1.2544060356952969 3 9568 2 8502 18 6583
2606 2.3838918020951567 2.0902353197589751 2.1457146200226349 41 28 17 0.50626241556718876 3 8641 2 8512 18 8945
2607 -0.24928196484264933 2.2890340612393967 1.5659018396579729 65 37 26 1.9455466729142685 3 9548 2 8515 18 6702
2608 0.25621133881337144 2.2772378805181117 1.2399997466612005 96 73 67 0.78981669077390837 3 9549 2 8516 18 6738
2609 0.25671590976234782 2.2780732070987586 1.2378813681520715 96 73 67 1.3137045065418811 3 9550 2 8517 18 6737 17 4833
2610 2.0940453191229222 2.2054902295777277 1.9669652419827175 191 205 105 1.8457326204922873 3 9536 17 9135 2 8531 16 8072
2611 2.0087309820662602 2.2462496937024303 1.9449996867172574 216 213 148 1.6736531167568027 3 8672 2 8536 18 9472 17 9416
2612 -2.0765959863100556 2.8786391076598741 1.1559221833575937 177 186 107 1.4679907377982235 3 9642 2 8610 18 8003
2613 -1.2483221626908685 3.5244820643468113 0.14659511020409366 45 55 20 0.62833912055098684 3 9821 2 8826 18 8207
2614 -0.6496100638287815 3.5028594153858852 0.2503982895971133 243 241 220 0.64873654478703391 3 9118 2 8827 18 7074 17 5133
2615 -0.8085759217214763 3.5797798881210761 0.12640741429686478 254 248 224 1.0056266150712616 3 9840 2 8853 18 7088
2616 -0.60768360950107692 3.5877169090520247 0.12177854877557387 252 251 243 1.1603674832055477 3 9843 2 8864 18 8268 6 9413
2617 -0.48407674520941357 3.6085847443771009 0.093626019560925366 228 228 217 0.33049945448566981 3 9853 7 6659 2 8874
2618 -0.30642643214127602 3.6352266344485469 0.057744068056131179 251 252 241 1.0698157304363942 3 9865 2 8888 18 8316 17 8002
2619 -0.75655750508026698 3.6680446881710274 -0.00080042385975534838 229 228 210 0.65107124527901872 3 9210 2 8893 18 7144
2620 -0.25267312741942483 3.6442662000678503 0.059645694070828682 185 195 116 2.2127044973783758 3 9869 2 8894 18 8327
2621 -0.44814973802437624 3.6587200105416517 0.010528547975983137 105 131 31 1.0510757094651382 2 8896 18 8311 17 6875
2622 -0.34841734857521584 3.6516695529783059 0.028408609351701426 243 249 215 2.0018426996289058 3 9878 2 8897 18 7207
2623 1.6504774619430405 -2.3244726069030111 8.3762715281319267 173 225 208 1.2398912324646016 3 9272 2 9115 18 9277
2624 1.5404248102206224 -2.2788027616811006 8.3463242100156787 161 167 167 0.69544017378440059 3 8167 2 9117 18 8616
2625 0.93374824691249547 -2.0853279015318682 8.2128078173505106 210 222 211 1.9016811973316681 3 9949 2 9129 18 9278
2626 -3.3952222439549646 -1.7967673491892806 7.9710361026096965 50 76 46 0.33744396413602468 3 9297 2 9130 18 7607 17 7419
2627 -3.4041744829984482 -1.6514580084511481 7.8098139491496887 212 194 100 0.73325019384416723 3 9305 2 9133 18 8602 17 8344
2628 2.7007964029012053 -1.5196690461832376 7.3383115037202007 93 97 98 1.2418920762109298 3 9306 2 9143 18 9301
2629 3.0846452374878228 -1.6032881970565711 7.5960826728855091 200 209 146 1.40286474313009 3 9308 2 9144 18 9305
2630 2.3970361439871719 -1.3993803867695951 7.1321887508238762 83 78 74 0.76295569315607603 3 9313 2 9145 18 9303
2631 -1.8719499281111387 -0.88637570353281225 6.7103689196302057 99 126 79 1.4342441631586709 3 9332 2 9158 18 9287
2632 0.53751886857634912 -0.66210476529190843 6.1670108445244667 80 79 75 0.55484618068080627 3 9338 2 9169 18 8659 17 8921
2633 1.5538836970888119 -0.44544851669588936 5.8471280248336486 57 57 49 0.26172909416861051 3 9344 2 9177 18 9319
2634 -1.8075217095484952 -0.26388478581809338 5.8675362223250094 122 136 74 1.187824054171964 3 9356 2 9178 18 8656
2635 0.66465821408951486 -0.016100511871530949 5.4413640708519688 190 187 121 0.97532448645224512 3 9366 2 9198 18 8691 17 8951
2636 2.2817178223466739 -0.11178808162081007 5.5371129181236336 200 196 124 0.44785205660404159 3 9994 2 9199 18 9344
2637 0.016365555343872719 0.37691959899356281 4.7413460599493709 203 200 129 1.4474084419483659 3 9379 2 9207 18 9332
2638 2.0319224518573384 0.42475299291947738 4.7051172113101671 134 129 66 2.3437509893038739 3 9384 2 9217 18 8731
2639 -3.3133500331874957 0.78029959434413965 4.3447659295202792 188 199 120 0.21404443766786488 3 10028 2 9220 18 8680
2640 1.1259821692936571 0.71862147599609061 4.3061676310186554 199 218 133 0.32321761986487407 3 9406 2 9231 18 8736 17 8976
2641 0.81172447703071371 0.85893598874350974 4.0576389821139909 164 153 91 1.0158287739640415 3 9415 2 9241 18 9363
2642 2.369026789937049 0.88897199725860798 3.9859547687902936 179 160 84 0.10651150918059971 3 9416 2 9248
2643 -0.75278081409285214 1.2796430809620885 3.482730407842451 190 191 137 1.3519539256660218 3 10042 2 9256 18 8740
2644 -1.5919522391408287 1.3380110084136771 3.4959938878910921 214 203 140 0.00328474868967823 3 10044 2 9259
2645 -1.1298994604374806 1.3894201734092921 3.3571013743831548 71 70 50 0.85459837845966813 3 9443 2 9263 18 7819
2646 3.0744375365889614 1.164298896276982 3.5416174488044994 212 202 115 1.053558771743925 3 9433 2 9267
2647 -3.3808337881540238 1.7347126173896659 2.9027556758504067 155 145 98 1.3751711158800233 3 9470 2 9273 18 7793 17 7548
2648 -2.8394539571131929 2.0624281920090057 2.4693630137161242 209 207 130 0.7721256712343384 3 10108 2 9307 18 8760 17 8450
2649 -1.6856834074518325 2.0774946092027897 2.3551365475262425 211 232 172 1.8135275809468858 3 9514 2 9318 18 8788
2650 -0.5724612252257083 2.1463863744708065 2.0515343196082045 156 156 157 0.71872788210953387 3 9524 2 9333 18 8837
2651 -1.778103805816968 2.2694449186128383 1.9896713933381731 215 225 191 2.0069891905440014 3 9542 2 9341 18 7908 17 7657
2652 1.9031855936456585 2.1250346397241207 2.0208673964197219 72 73 68 1.2060411218545104 3 9519 2 9356 18 8934 17 9111
2653 1.9789018006691805 2.126546268558501 2.0149459706204067 58 62 40 1.1327815942869346 3 10115 2 9358 18 9457
2654 1.9245291486438041 2.1709525089267805 1.9803350689148231 205 200 139 0.94244314924551731 3 9531 2 9361 18 9459
2655 2.1060448889670131 2.3270604528906382 1.7391280162783103 179 197 148 0.1904502131110789 3 9561 2 9388
2656 0.61331559232740984 2.5991459383010826 0.85243163657695364 25 11 9 1.6730236855839005 3 10172 2 9414 18 8953
2657 2.7366628552246315 2.4842619896477731 1.486852698422819 221 205 127 1.7192030926866078 3 9585 2 9415 18 9816 17 9639
2659 2.5287709203738893 2.8943207721070423 0.86300539913636587 174 184 105 1.3068487982071624 3 9665 2 9482 18 9559
2660 1.7539477834593284 3.0113713349759594 0.84418542204747382 218 220 139 0.1078576208609726 2 9491 18 9537
2661 1.7187050800238752 3.2997084793815836 0.44971868863908354 58 68 34 0.50509268960628739 3 9755 2 9543 18 9162
2662 -4.4977217858202465 -2.3693997719849755 8.7242587728119254 70 85 82 1.0691023370532506 3 9944 2 9761 18 8589 17 8329
2663 -4.4977217858202465 -2.3693997719849755 8.7242587728119254 70 85 82 1.0691023370532506 3 9945 2 9762 18 8588 17 8328
2664 -3.085366811777464 -2.190587891067262 8.4253617698852068 92 121 139 0.36502575327520886 3 9948 2 9769 18 9263 17 8882
2665 1.8257686227427001 -1.9615840011610843 8.076376966823311 132 137 139 0.46113040721921755 3 9955 2 9778 18 9667
2666 -1.0257900665129414 -1.3840411242690289 7.2090253918693676 137 175 109 2.0659289580195628 3 9968 2 9781 18 9282 17 9287
2667 -1.7664629630762134 -1.2965254212360193 7.0952183103186517 246 255 250 0.67724474127359091 2 9782 18 9661
2668 -1.7664629630762134 -1.2965254212360193 7.0952183103186517 246 255 250 0.67724474127359091 2 9783 18 9662
2669 -0.64126180384320219 -0.89444333843294732 6.5190967470282208 98 127 64 1.0788545063880206 3 9979 2 9800 18 9295 17 8906
2670 1.2129813478872704 -0.74597265070787222 6.2466081450907023 66 72 68 0.2096888225608626 3 9982 2 9802 18 9311
2671 1.2129813478872704 -0.74597265070787222 6.2466081450907023 66 72 68 0.2096888225608626 3 9983 2 9803 18 9310
2672 -0.85221891575299713 -0.71025199613371715 6.4865626912611516 160 153 89 1.4145480788176927 3 9987 18 9672 17 9295
2673 0.80700849998874147 -0.60800196118976024 6.025774519565152 72 73 68 0.61137555721774706 3 9985 2 9805 18 9677 17 9306
2674 0.80700849998874147 -0.60800196118976024 6.025774519565152 72 73 68 0.61137555721774706 3 9986 2 9806 18 9678 17 9307
2675 -1.9733114370274378 0.53937611819568243 4.6812353603116392 190 188 140 2.1129779735858425 3 10402 2 9827 18 9326
2676 2.6116276710839923 0.43914267831677073 4.6110743031909864 97 99 95 0.52345520699010883 3 10010 2 9834 18 9702
2677 2.6116276710839923 0.43914267831677073 4.6110743031909864 97 99 95 0.52345520699010883 3 10011 2 9835 18 9703
2678 2.1403564671610273 0.51652922246317301 4.5469429727378738 175 177 88 2.3344907108608042 3 10401 2 9837 18 9701
2679 -4.1965815953709162 0.92812185603965414 4.1239148072317571 155 142 89 0.20887010394313041 3 10408 2 9838 18 9315
2680 1.3324297670006535 0.66802207384544687 4.316968115648498 67 69 64 0.21139116281391687 3 10022 2 9843 18 9700 17 9540
2681 -1.0112717812258885 0.95229484639115203 3.9367405022006579 117 114 109 0.46673454412722576 3 10034 2 9848 18 9348
2682 2.8042571265723768 0.76717963284458124 4.0599490497683224 111 112 107 0.58468411957135713 3 10026 2 9850 18 9717
2683 -1.3873013609714564 1.4098427363975579 3.3240645882296724 204 203 155 1.9273198909871727 3 10052 2 9864 18 8734
2684 -2.8872599291288839 1.8476464463609084 2.7045913464221125 150 143 91 0.8168984738623486 3 10442 2 9887
2685 1.738855585897167 1.7585530011880062 2.6905181430470422 219 208 153 2.1867819706045988 3 10436 2 9905 18 9753
2686 1.5564434588835732 1.9278561891178212 2.4139755668958061 241 238 199 1.2654004027362182 3 10088 2 9910 18 9761
2687 1.4889878793523146 2.1221021601345251 2.0457264589263193 149 138 52 1.51488552781883 3 10114 2 9931 18 9436 17 9086
2688 -2.4561104129495117 2.4425510376304178 1.8684413516433809 176 178 138 0.93401403587997223 2 9938 18 9382
2689 0.36975275215900566 2.4391363222373554 1.0931564558469353 34 26 24 1.6032462650976693 3 10492 2 9960 18 9439
2690 0.55201482664647905 2.5588868718773394 0.90992934637548273 33 27 27 0.73083304912250213 3 10510 2 9978 18 9463
2691 -0.63463557310704577 2.7786964818420166 1.258247004664421 143 173 117 1.3805675415770402 3 10526 2 9988 18 8927
2692 -1.5677796049597639 3.0332682058839771 0.91593177567613981 217 231 181 1.8994837125620361 3 10557 2 10020 18 8925
2693 -1.6156373101732182 3.0772358390485692 0.85685681264281377 177 218 156 0.57255609982230282 3 10561 2 10025 18 9449
2694 -1.0332054770051748 3.5259019691289075 0.22405917401371392 181 194 162 1.4903504980189597 3 10632 2 10089 18 9016
2695 -1.0332054770051748 3.5259019691289075 0.22405917401371392 181 194 162 1.4903504980189597 3 10631 2 10090 18 9017
2696 -0.82681708513102403 3.5264183577243484 0.21375789076259463 244 244 232 0.71330642190989368 3 10633 2 10096 18 9508 6 10276
2697 1.9987109827699938 3.3910131385500715 0.25146134571440737 68 77 31 1.3808822619454997 3 10274 2 10113 18 9619
2698 1.9187816512124709 -2.2806465609199824 8.198159566598596 200 212 210 1.3175281085386339 3 10664 2 10227 18 9659
2699 -2.670827368323037 -2.0680666857613037 8.241493772055847 64 145 113 0.5268329676261273 3 10668 2 10230 18 9646
2700 3.1067375630917407 -1.7833246848861 7.7690683883931282 117 123 119 0.3881768836554032 3 10372 2 10241 18 9923
2701 -1.8873879788163055 -1.2136335654092685 7.0152887892592402 23 54 27 2.6952271106168268 3 10378 2 10245 18 9666
2702 0.66725345557978089 -0.63315372181323537 6.1300180586203847 164 163 90 1.1181164502263909 3 10386 2 10251 18 9676
2703 0.78648697511960908 -0.38743607558145515 5.9705558458441921 194 209 137 2.369520825506453 3 10392 2 10254 18 9679 17 9528
2704 2.3669019861826475 -0.45895156721844194 5.980826290050457 204 189 104 0.7757691457705409 3 10675 2 10255 18 9927
2705 1.6327103502111229 0.43189195973992006 4.7937634447984347 200 233 153 1.8573927079199501 3 10400 18 9934
2707 -3.4134005549982165 1.4995104912225583 3.3288962608193939 159 161 113 1.2784188770213998 3 10426 2 10275 18 9345
2708 1.3637612718155021 1.6018479493045548 2.772423235446583 89 83 85 0.69345159925184729 2 10282 18 9951
2709 1.6629335811784272 1.9302477889982852 2.4417597208690904 212 207 153 1.3315647882274226 3 10449 2 10299
2710 0.011100394194808601 2.1224861474932997 1.4896700871557482 172 117 102 0.76356095118605161 3 10457 2 10301 18 9736
2711 0.87693876442990226 2.6294731379710381 1.0656681470611935 82 94 110 1.6509508923425056 3 10514 2 10346 18 9479
2712 -1.6397690859612639 2.8577018298422154 1.1218400019466592 201 219 152 0.84809845304031339 2 10348 18 9966
2714 0.28605200459616942 3.3797620273356683 0.38636632421504913 174 205 160 1.9555032066273403 3 10811 2 10403 18 10025
2715 -1.1042914930289716 3.5088338037142752 0.18435478852383563 124 123 72 1.9436816397182461 3 10625 2 10409 18 9500 17 8634
2716 -0.41095163865423617 3.5295885467457753 0.22194556289491907 189 183 167 2.0426726437729221 6 10441 2 10415 18 9826
2717 -0.85537309117757099 3.5641147932569943 0.12514890788067992 222 222 161 1.9982780215263687 3 10825 2 10416 18 9817 17 9096
2718 -0.85156030077143485 3.5613240471425249 0.11687397073772987 222 222 161 1.3727479428119247 3 10826 2 10417 18 9818
2719 1.8996821262873427 3.379730192353303 0.28814910321645848 64 61 32 0.69927936255826029 2 10419 18 9885
2720 -0.84279381796549813 3.612116753168368 0.087742674680429761 225 227 193 1.752936993653323 3 10834 18 9821
2722 2.7942061445932072 -3.2644127602124375 9.7953698829060407 61 122 113 1.1200189949605397 3 10662 2 10506 18 10091
2723 -1.9204919013013046 -0.71922140161524406 6.7221258512109676 189 191 114 0.42789947422526398 3 10673 17 9522
2724 -1.3191752908254157 0.96287759304251119 3.8565439684347447 105 119 119 0.7130303793684083 3 10689 2 10529 18 9929 17 9529
2725 -1.3193408343233175 0.96271167016878545 3.8570534565972854 105 119 119 0.89820478329216646 3 10690 2 10530 18 9930
2726 0.33169964313112371 2.6846433520216584 0.99699842786233095 80 63 56 1.4870386833947775 3 10895 2 10575 18 9985
2727 2.4032815412244553 2.8033195787166583 0.99796936384901191 64 79 25 0.62994988217421388 2 10586 18 10145
2728 -0.92474734523520175 3.4385121207800795 0.27781837157529388 171 165 105 1.1901187966114235 2 10606 18 10005 17 9389
2729 -1.3853090539365835 3.5752837219416786 0.1255914856105359 235 233 155 0.7772081608096707 3 10942 18 9811
2730 -1.4607562753051875 -0.88814203372992118 6.6863596915803285 169 184 111 0.51179751346607061 3 10858 2 10681
2731 1.4011308262880371 -0.62526610835747398 6.1185067693828348 210 198 130 0.70889959484420251 3 10859 2 10682 18 10096
2732 -3.1863503267919966 1.6650756180046831 3.034225347625426 201 200 146 1.6999450318346951 3 10871 2 10689 18 9933
2733 -3.1863503267919966 1.6650756180046831 3.034225347625426 201 200 146 1.6999450318346951 3 10870 2 10690 18 9932
2734 1.8628571361782849 2.087672391086334 2.0254630867183168 91 91 92 1.9400255880843702 3 10877 2 10704 18 10209
2735 -1.0566743948579767 2.5342580150229597 1.6250084458516121 174 214 116 0.76520232679970224 2 10711 18 9955
2736 -0.27920044457424592 2.9780710289355832 0.87321307406538351 153 182 110 0.077771650182910684 3 10991 2 10730
2737 -1.1625204740995656 3.58176130842021 0.13174764466373035 224 216 189 1.9931891134159641 3 11023 2 10760 18 10129
2738 2.0130372644976253 3.0521109701965949 0.78012285960260364 52 69 6 2.6402073047481647 3 10996 2 10834 18 10283
2739 -0.82082642191679067 3.5209501985103415 0.22346103125859781 241 238 217 1.6560352625929287 3 11073 2 10847 18 10220 17 9691
2740 -2.6325121471004103 -0.82725221399131654 6.8190539816633722 141 160 79 1.6938849353417222 3 11116 18 10319 17 9870
2741 -4.7544826517929195 -1.479115454481704 7.521203177957001 150 181 111 2.0575231904879541 3 11115 2 10952 18 10329
2743 -1.4273347178602676 -2.1778099711537293 7.9315013656462332 219 230 232 1.8348717216730321 3 11122 2 10968 18 10337
2744 4.4107046941691834 -0.57977197862696417 6.2052270722942007 89 107 60 1.8641389447959833 3 6701 2 6656 4 588 5 573
2745 0.010100852392115452 1.9683475099763013 1.5597983018009542 105 85 69 1.9877139012453788 3 4975 7 4565 2 1427 4 1807 5 1827 6 4739
2746 2.7237051146538982 0.83232333467945219 4.0858326843746386 83 94 72 1.4777931481066675 3 9413 2 8316 4 8234 5 9314
2747 2.7237051146538982 0.83232333467945219 4.0858326843746386 83 94 72 1.4777931481066675 3 9414 2 8317 4 8235 5 9315
2748 -4.1704863314236498 -4.3426007294622719 11.6369786435534 250 255 242 0.8139311245742531 3 83 2 45 18 70 17 108
2749 -4.6045198814632844 -3.5889268921557194 10.522661314853657 36 54 42 0.35166327871085479 3 9249 2 9090
2750 0.19707892608308986 3.4633555424671942 0.26170880051506923 195 241 172 1.135435346899528 2 10963 18 10334
2751 -9.2833495818895777 -3.8340407757492829 10.837929959760013 79 105 47 1.0374717387400996 2 3916 18 23 17 3758
2752 -8.6475379992502432 -4.0624434345609872 11.249489176510277 198 218 155 0.13315438995881415 2 3915 18 26 3 6468
2753 -4.9899473046040326 -4.6249316646697034 11.91114741815853 244 255 250 0.29275857663506 2 20 3 3855 18 40 17 78
2754 -6.4852428460640601 -4.4332434811484607 11.909949371962464 160 190 106 0.63219305815412896 2 38 3 90 18 47
2755 -6.9106686597493168 -4.0245895781608594 11.36844613322979 138 153 88 0.68404111252685762 2 60 3 3893 18 62
2756 -4.6537271228079558 -4.2758395009683934 11.477516162177341 71 140 112 0.47419346991901928 2 3917 3 79 18 63 17 91
2757 -8.8725801076183739 -3.2432852642283829 10.244067148498981 153 156 99 1.0036528955619157 2 3959 18 69 17 76
2758 -8.3431666001266134 -3.2988422418124186 10.269571958856211 178 196 130 1.3855263847342376 2 92 18 71 17 3842
2759 0.46895788574594216 -3.2554987062376535 8.4318633053415706 183 198 201 0.55038285674406606 3 29 18 78
2760 -4.6090697735522586 -3.6390190790349459 10.509680499913307 43 63 51 0.46824157872483213 2 71 18 87 17 123
2761 -5.5870997238899633 -3.2611676646274259 9.9303630137534942 230 255 245 0.59137781312818072 2 3953 3 3925 18 88
2762 -6.6089755145464295 -2.8673300824182948 9.3961426790461342 239 255 244 0.44272709862024595 2 109 3 170 18 90 17 101 16 124
2763 -6.7534732178067802 -2.8090678798218449 9.3151135673917764 236 255 251 0.24617530665321649 2 113 3 3947 18 92
2764 -4.9876253143063902 -3.4062144415371156 10.317042230947417 117 126 95 0.96000741262273181 2 97 18 94 3 140 17 132
2765 -4.5683940506810083 -3.2340847368938337 9.9894640881744703 77 95 71 1.0071400761197389 2 101 18 99 17 144
2766 -7.006769736766806 -2.6155661422789329 9.2178633025541536 210 228 222 0.71703335583923278 2 137 3 3979 18 101 17 120
2767 -6.034959232632346 -2.9733468946875568 9.8171107775795008 143 176 104 0.80581891334622979 2 3987 3 3958 18 102
2768 -6.9159766857304756 -2.5379644614219345 9.1589906066638438 115 131 93 0.4898623049795634 2 4001 3 3987 18 109
2769 -8.2270154060461653 -2.122418495070503 8.6582077615995221 241 238 233 0.88428151037205405 2 4025 18 117 17 122
2770 -5.7282797376628194 -2.4462383073937177 8.8876548303986684 124 141 138 2.0691530538278795 2 156 18 129 17 152
2771 -6.4937494386965007 -2.2768429780490962 8.7957108162081674 206 201 119 0.39471527454426109 2 4015 18 138 17 151
2772 -6.3317239613395202 -2.1607776218018993 8.6514942959023813 137 137 65 1.1618288157159682 2 4032 18 158 3 4037
2773 -5.4285134226390186 -1.1613158774172712 6.9919575825586744 108 104 101 0.32786337421094913 2 4141 18 211 3 4136 17 434 16 3116
2774 -1.0800637056905495 -1.4615482596956348 7.2047721305829207 245 255 243 1.2707633012090023 3 335 18 292 17 6097
2775 1.582167166930639 -0.44127963067927023 5.9159833361825704 47 40 32 0.013072331181372078 2 583 18 656
2776 -0.82844915310716505 1.2838075401387701 3.4493397429562105 228 215 169 1.4429129287566207 2 4678 18 1001 17 4441
2777 -0.87793794588191743 1.3387885701188778 3.3950733425780668 235 221 156 0.93764718449960593 2 1112 18 1020 17 4454
2778 -0.19883739076663304 1.800671431263551 2.1838159839201325 253 248 252 0.41509453021507109 3 1592 18 1318 17 1596 16 1088
2779 1.0707146496907398 1.3872129794438033 3.1356474485918642 237 229 219 0.25687243894937134 2 1196 18 1321 17 4722
2780 0.71631193338109522 2.7419113008709495 0.99588754495519316 250 249 244 0.31566448960564203 2 2130 18 2163 17 2417
2781 0.80025509328574651 2.7238423613763039 1.066618962956331 174 172 182 0.47335983865389358 3 2365 18 2167 17 2434
2782 0.80960436580084194 2.7630276974042309 1.1134731757446934 248 244 241 0.54824616527313774 3 2389 18 2184 17 2457
2783 0.80960436580084194 2.7630276974042309 1.1134731757446934 248 244 241 0.54824616527313774 3 2388 18 2185 17 2456
2784 0.89970059700953708 2.8172463040036662 1.2218913376552289 221 207 180 0.4766328336879761 3 2417 18 2229 16 1884
2785 1.0283509146525536 2.8033304675444777 0.70595894247156277 180 178 184 0.71679799538681854 2 2201 18 2310 17 2608
2786 -0.47118549538790544 3.6532115391939057 0.031531414432589916 236 237 210 0.92591427908507529 2 3092 18 2696 17 2579
2787 -8.6194736616939203 -4.1536738228792753 11.340932515745722 157 165 108 0.30971601336756194 2 3906 3 6462 18 3599 17 3767
2788 -8.1478461013372367 -4.0127140132389103 11.228168713010545 184 210 139 0.50654903761132541 2 3920 3 3889 18 3617
2789 -6.7017232713396542 -4.4691098072831394 11.928177261872934 189 199 138 0.90744673076159721 2 3909 3 3874 18 3618 17 3833
2790 -6.9431614147966281 -4.2014494970199259 11.502849637285104 128 159 84 0.66465267728145072 2 6410 3 6464 18 3620 17 3836
2791 -6.9368017753797711 -4.1962396357936038 11.49386162489092 128 159 84 0.50644384160518707 2 6411 18 3621 17 3837
2792 -5.0738813482945622 -4.5667836958600407 12.008108523887357 76 84 61 0.76044507962465369 2 6406 18 3629 17 5994
2793 -7.519136868926144 -3.695689208794072 10.750628200763026 168 202 123 1.2706886398337094 2 67 18 3633 3 122
2794 -5.2807964027676233 -3.8582868929692715 10.975164388614612 90 165 126 1.9432642209122946 2 6421 3 6477 18 3642
2795 -5.6315616297826931 -3.1347340536287316 9.8048757344413371 131 161 99 0.9678423474428135 2 3964 3 3936 18 3650 17 3870
2796 -5.3950667923492324 -3.192584666011244 9.8938791837331834 210 220 211 0.93552153228077706 2 3963 3 6493 18 3651 17 3872
2797 -4.9323948188498061 -3.4632414606790913 10.448471380405412 58 78 56 1.9881270766017314 3 6488 18 3652 17 3880
2798 -6.0288049315688603 -3.0067158292296368 9.748768455372069 221 239 218 0.32704721399735831 2 3977 3 6508 18 3654 17 3874
2799 -7.2710820758527781 -2.5839052585962419 9.2118268865017257 240 240 238 0.974492602431413 2 6460 18 3655 3 6531 17 3867
2800 -5.8756299423692866 -2.4742469696490414 8.9932190353772015 189 202 132 1.5363696685394999 2 6468 3 6535 18 3665 17 3888
2801 -5.5048779846958444 -1.4715047522397271 7.7057781825584124 112 135 63 0.52178874545159504 2 6536 18 3710 17 3918
2802 -6.6003639501973685 -1.1015235673731036 7.1903546486832139 110 137 53 0.36622284003550015 2 6559 18 3712 17 3909
2803 -0.35628925672857648 -1.6211290228369502 7.5560819358188542 226 235 235 0.95331408928089145 2 4124 18 3784 17 4046
2804 -1.7453029115781811 -1.1767799009330873 6.95156717687889 223 230 230 0.85448671636278739 3 4134 18 3801 17 4024
2805 -1.2448724116369958 -1.1556298738765185 7.0396544274350878 177 206 117 0.40562090376745741 2 4193 18 3833 17 4056
2806 2.4993250460509917 -0.82899394664014447 6.4280382013337283 80 80 73 0.36252950540000839 3 506 18 4046 4 652
2807 -0.17370748343751247 0.36045379273496342 4.8115719031058255 96 78 42 0.30242309917324206 2 4466 18 4130 17 4324
2808 1.135740649114616 0.17677643819173439 5.0430372004561059 130 116 99 0.45402369214639826 2 4439 18 4164 17 6357
2809 1.3518877145015373 0.17135397335708444 5.0949061999655294 242 236 223 0.87804765345233637 3 4405 18 4181 17 6369
2810 -3.6644672292908167 1.622505239164777 3.1295078409155388 111 103 52 0.31596660268288174 2 8359 18 4192 17 4216
2811 1.0296579123771497 1.0103642712876892 3.8538389278181366 202 208 154 0.47216370221267184 2 4638 18 4364 17 6493
2812 1.1621316116833589 0.98183697667028047 3.9074088843611827 137 113 77 0.58660670267878146 2 4635 18 4369 17 6503
2813 -1.8363801326768423 2.1377310251781769 2.0600945299149021 119 107 77 1.1579655746175002 2 4956 18 4466 17 4485
2814 -0.075414672347980993 1.7374004266946639 2.2938453018108498 238 234 235 0.5711490841542719 2 4840 18 4488 17 4603 16 5398
2815 0.97295934484021651 1.8741974610415619 2.5210687426598692 99 85 38 1.3080992062134917 2 1470 18 4681 17 6640
2816 1.0158977732388561 2.0390064383761115 2.2799846922714866 232 217 130 0.73375887915924709 2 4993 18 4751 17 6680
2817 1.7800308639459903 2.3940783057139772 1.6968283141516016 250 254 253 0.42957263724079237 2 1862 18 4983 17 6886
2818 1.3574070112009715 2.6149563468477321 0.9658546502363079 174 172 177 0.24799292712156062 2 2070 18 5059 17 6887
2819 1.0039513676360809 2.8081118308016197 0.69296349625018461 182 180 185 1.0561071724732887 2 5384 18 5125 17 6881
2820 0.69124543044084952 2.9677236417022494 0.47961133135049822 180 174 176 0.32397431722251196 2 2336 18 5181 17 2584
2821 2.6820143061801192 2.4858131519371742 1.4785746500506585 245 239 165 0.968278505466451 2 2013 18 5204 17 7166
2822 -0.49988049085987252 3.5909292669047286 0.12199213013272008 228 230 182 1.3754744461607338 2 5866 6 5583 18 5363
2823 -0.43112051128001366 3.5923535123597978 0.12532408499868855 246 246 236 0.38175830281326939 3 7987 18 5384 17 5225
2824 -0.75057886939712304 3.719578853524669 -0.072506969496384105 249 249 238 0.31396989573203954 2 7741 18 5426 17 2498
2825 -0.75057886939712304 3.719578853524669 -0.072506969496384105 249 249 238 0.31396989573203954 2 7742 18 5427 17 2497
2826 -0.66994566533724376 3.7448733174128508 -0.091795589340613673 255 254 245 0.63513833277851528 2 7756 18 5459 17 5231 16 1437
2827 -8.1933472679368808 -3.9331177827049091 11.108178200333475 163 194 110 1.1145207978205403 2 6412 18 6042 3 6472 17 5974
2828 -8.1901061244365216 -3.9325860092581899 11.103036788377763 163 194 110 1.0559354338234195 2 6413 18 6043 17 5975
2829 -4.9279378847009543 -3.5366901636409622 10.383562714140082 215 218 215 0.73386719064488426 2 6424 3 8134 18 6057
2830 -4.9470596554413122 -3.1115147631724063 9.9128193326999892 204 210 138 1.4020697314549213 2 6435 18 6062 3 6505
2831 -7.5961407156384508 -2.2928956639978613 8.8522323996891537 232 234 233 1.5038598820643354 2 8062 18 6066 17 7373
2832 -5.4025631731961212 -1.0795720980917001 7.0456662654674043 211 207 181 0.69860911365651068 2 6561 3 8241 18 6111 17 6050 16 5004
2833 -4.3901024594426508 1.0572891968330647 3.9510344774614148 195 179 101 0.99079724369561994 2 8288 18 6306 17 6169
2834 0.50085982149406394 0.81237881612113727 4.1266047083681556 177 172 104 1.8638921929456995 2 4568 18 6457 17 7644
2835 0.10309346638586024 2.1012068765892553 1.4341632835533509 30 24 24 1.3087852367577624 3 8636 18 6671 17 4730
2836 0.45119605317030176 2.2941508460903401 1.1029987136661064 136 74 61 1.1308145478033342 2 7132 18 6757 17 6646
2837 1.2946788234335509 2.4190488475919332 1.2492820268266136 23 23 33 0.61713517394443917 2 5180 18 6896 17 5150
2838 -0.71453610627320818 3.6802901916888273 -0.0088905574602021371 251 251 241 0.53739616906033993 2 7715 18 7166 17 5199
2839 -5.1821876894524088 -4.5752473119294743 11.977364877732894 197 211 151 0.96693701267256071 2 8021 3 8112 18 7553 17 7356
2840 -5.918320461073197 -2.5775875262166856 9.0072546847894337 153 181 104 1.5417199254211882 2 9097 18 7571
2841 -7.7560515895924889 -2.1623328804068307 8.7175959273580492 189 208 136 0.91395340075917242 2 8069 18 7576 17 7375
2842 -6.7972486115912183 -2.2915459758569159 8.806546000748261 190 212 186 0.64106455118759298 2 8063 18 7579 3 8179 17 7379
2844 -7.7413791774268965 -1.9735393340361769 8.4010199848525122 117 118 120 1.2089989836092911 2 9116 18 7585 17 7377 16 6267
2845 0.15165490427408621 -1.8694920570096265 7.8559354242679893 198 199 197 0.64321955301985179 2 8088 18 7628 17 8377
2846 -1.4341458005507242 -1.2902947680606358 7.0878529752489614 201 214 204 0.92375705118582996 3 8223 18 7639 17 7450
2847 -1.5246021354206385 -1.1829885399998101 7.0435141174943396 179 188 187 0.43874313416080329 2 8122 18 7647 17 8371
2848 1.3181959545011737 0.014765555851479579 5.2749322480756859 81 101 39 0.64841403879620751 2 6691 18 7751 17 8465
2849 0.48301087016556654 1.2901562291018192 3.4396610434397203 241 235 223 0.98271137363393157 3 8469 18 7854 17 7704
2850 1.7299389888120729 2.2034309457105223 1.9536687722823474 202 184 89 0.44198403400713859 2 7146 18 8088 17 8662
2851 2.3677571587244977 2.1261469930232431 2.100823655298786 178 173 154 0.2480802170432107 2 7128 18 8111 17 8712
2852 2.4442405006637911 2.100697765445505 2.1493344538299266 197 194 180 0.44796043640958233 2 7123 18 8112 17 8714
2853 1.5356093631709948 2.4231079642147431 0.96118029621253132 166 165 168 1.8686229706279869 2 7218 18 8135 17 8689
2854 -0.06005476373073227 3.1495235805636361 0.66195617525558859 179 188 126 2.283420223024311 3 10219 18 8194 17 7927
2855 2.2297641238241415 2.6210023665163682 1.2988366451713089 51 48 41 0.31521391776310453 2 7299 18 8225 17 8149
2856 -0.8182228475508645 3.5598967503226007 0.16620827070927993 224 218 202 0.73194305924733138 2 8843 18 8244 17 6787
2857 0.47866572048853279 3.1629680945127037 0.38405631058968881 93 87 89 0.8505563559435777 2 8744 18 8249 17 8003
2858 -0.59354621966722876 3.7039726180598329 -0.036471636151341781 251 250 246 1.1095202830168021 2 8917 18 8310 17 6861
2859 2.3207164761326511 2.878593756615448 0.95941863475100742 138 132 47 1.9135566281764771 2 7421 18 8320 17 8836
2860 -6.3812328679346972 -4.3088429106149082 11.73805668008441 145 178 97 1.1453148663743062 2 9085 18 8557 17 8311
2861 -7.2540227434682754 -3.8849880254854314 11.109357377019677 160 191 113 0.95326580232149538 2 8026 3 9247 18 8558
2862 -8.6187238233321803 -3.3464838219292816 10.354672702299569 156 171 106 0.86872148678280336 2 9091 18 8559 17 8308 16 7078
2863 -8.3111022274937785 -2.1106165857728891 8.5778936181641789 235 235 236 0.96903535821432141 2 9112 18 8575 17 8317 16 7083
2864 -6.3094610150942518 -2.409561830621942 9.0049431014085357 200 218 144 0.62852196424630924 2 9764 18 8580 3 9947
2865 -2.3064619443718266 -1.0865496881563175 7.0149105963594458 102 133 55 0.7277038035622555 2 9152 18 8622 17 8367
2866 -4.8681490183958287 -0.14585753522068542 5.7428631574312563 125 134 78 0.91080477846021457 2 9176 18 8631 17 8358
2867 0.53640063179599617 -0.66385774442568324 6.1718241689862916 51 46 47 0.42368709406922905 2 9170 18 8660 17 8922
2868 1.5330375742745166 0.27077602367001158 4.825502355347651 89 81 79 0.58078731421567631 2 9206 3 8350 18 8711
2869 0.73663793551231416 1.3577915596702876 3.3244184128343219 181 164 118 1.1618535703461303 2 8363 18 8779 17 8993
2870 1.0451105172859556 1.8357065094987768 2.5417898926173703 218 218 144 2.0944483257477118 2 9310 18 8860 17 9031
2871 1.360756208003508 2.6247234921775684 0.96492750594873822 120 118 123 0.76766210223408204 2 9989 18 8990 17 8699
2872 -0.76596610623049255 3.7059071426908696 -0.05203798757806273 232 231 214 1.1270004588426665 2 10126 18 9075 17 8673
2873 -0.6522541166044995 3.6937226064538486 -0.037028808642946165 251 250 246 2.2242043869061154 2 9613 18 9077 17 8682 16 6660
2874 -0.824785894609253 3.748155347876319 -0.1013314180549416 232 232 220 0.82585819850492703 2 10132 18 9078 17 7963
2875 -8.7881851876322745 -3.2813938479555698 10.192136360649942 185 197 135 1.4274519379524722 2 9747 17 8861
2876 -6.5148522810972072 -2.6723026328833259 9.261849473889983 64 82 43 0.492056727954851 2 9756 3 10362 18 9255 17 8865 16 7905
2877 -5.6398977345597698 -2.9693011667323841 9.7106055250073968 44 73 27 0.70825041077991158 2 9755 3 10361 18 9256
2878 -6.9312873678458296 -2.6311768808578653 9.288453821415704 122 142 86 1.4329024899565961 2 9757 3 10363 18 9257 17 8864 16 7904
2879 -3.0852254987877035 -2.1903784211383632 8.425168317445932 100 123 141 0.44312555126023218 2 9770 18 9264 17 8883
2880 -6.6510257411781799 -0.66957722458781543 6.4484784142580258 215 216 219 1.0699092884942707 2 9797 18 9270 17 8338
2881 -5.929657380274068 -0.125587062367992 5.7507369949595297 188 201 136 0.45610049691164339 2 9809 18 9284 17 8889
2882 0.57360570741433325 2.4182725390515682 0.95119483013071926 33 23 23 1.2120730686182184 2 9958 18 9446 17 8617
2883 1.9786907653695698 2.1265199103446353 2.0151808880763356 38 48 23 0.97278288101544852 3 10116 18 9458 17 9405
2884 -0.827758823657604 3.5249298657120218 0.21356231014845556 240 237 229 0.54468531617501348 6 10277 18 9509 17 8647
2885 -4.2683188463105095 -2.1126797982878673 8.5515988709654138 207 206 126 2.5301360709369018 2 10228 18 9644 17 8878
2886 1.3017665417015445 1.8656668357708543 2.3737049027175425 59 54 51 2.5163434160418139 2 10290 18 9752 17 9571
2888 -0.30105023499937661 3.5661722568188616 0.13484994515104515 253 246 197 2.1888647326833337 3 10824 17 9413
2889 -0.53281769381884858 3.6654670087342591 0.00821040378433875 249 248 243 0.030660658276700815 2 10123 18 9839
2892 1.6557064252721765 3.2803329367382346 0.45171082354522152 157 190 82 0.62020552964737341 3 10587 17 9745
2893 -0.86671515093016849 3.1550995258514862 0.56240684491061677 190 219 230 1.3661787678165787 2 10831 18 10121 17 9572
2894 -0.82415197401415186 3.3597379090993269 0.30269572912892018 226 220 222 2.227537612649662 3 11011 18 10125 17 9688
2896 2.6605140246555514 2.4243951603412057 1.5073839699950149 163 155 80 1.7453927326660461 2 10568 18 10219 17 9836
2897 -0.37725584949256064 3.7321101002426365 -0.0769390827249498 110 113 68 1.1836103421726261 2 10860 17 9783
2898 -9.298979717314614 -3.7824827728964583 10.934106898262687 183 197 137 2.0049316810254898 2 10875 18 10255 17 9802
2899 0.74656704098208726 2.1530703684786348 1.6475721575375273 21 20 25 1.1759636548098982 2 10949 18 10322
2900 2.1560260938694942 2.632101172844989 1.2450604739272395 50 54 44 1.3761887817675236 2 9439 17 9190
2901 -0.65640290702759563 0.86292269705282354 4.136912753913192 178 172 99 1.980030109233081 2 10270 18 9697
2902 2.4833682380687052 -3.189216190495427 9.4754458077500558 0 0 0 1.0190706679228536 2 10504 3 10661
2903 2.1086391046068509 2.8589009122786515 1.0286058915098095 63 76 22 2.453129295854783 18 10026 17 9737
2904 -1.2069431934256745 3.4849316034505691 0.1230847745868244 124 133 133 1.994408673349829 2 10846 18 10127 17 9577
2905 -12.036638999106064 -1.6327268594310478 7.8518109017573101 42 88 39 0.89620438929699675 18 3647 17 57 16 2982
2906 -11.037487471513678 -2.4285748695942226 9.2154938104619344 137 166 100 0.46432490501868973 18 86 17 62 16 2995
2907 -9.9210013738061846 -1.5079120290360506 7.6730358650294868 227 236 235 0.43108098420189855 18 3660 17 93 16 80
2908 -11.348617463125832 -1.0004189023611432 7.1244037632206592 202 213 202 0.68867150195366877 18 3676 17 96 16 69
2909 -10.255510633143205 -1.3656060352567738 7.5097838972832651 227 236 235 0.84651731550389042 18 3662 17 97 16 77
2910 -10.16573767479313 -1.3992029710296248 7.5531731192094895 226 232 232 0.27181708907497831 18 3663 17 98 16 78
2911 -10.041484796808499 -1.4260969496945652 7.6335615696547787 227 233 233 0.57993912495302269 18 3666 17 104 16 81
2912 -7.2961269844873193 -2.5684252029359378 9.0591094391559306 202 210 205 0.46373657587671691 18 97 17 106 16 3032
2913 -10.141218139310757 -1.3544627252267893 7.6222463163912026 219 228 227 0.85395028775987469 18 3675 17 113 16 87
2914 -9.7037149135849425 -1.5062498789341514 7.8333201759803126 153 161 153 0.63889801464719909 18 139 17 119 16 92
2915 -6.4332866509864379 -2.9157588451216001 9.6627031703828798 218 227 219 1.9751371320094353 3 3957 17 121 2 3986
2916 -10.319734700981675 0.16688098179133012 5.1942512274477126 239 255 237 0.45047377187078125 18 214 17 163 16 3011 15 7005
2917 -7.8992535666804828 -0.76353538439211266 6.7837374360956257 236 236 235 0.43277257098497168 18 215 17 325 16 3061
2918 -7.9959290152914813 -0.70161089506813046 6.70338559276205 93 110 87 0.57821521878824966 18 222 17 331 16 3057
2919 -0.75386159979956957 1.1970417270586926 3.5515812036588823 110 104 100 0.79054660595587622 18 968 17 1335 14 5296 16 949 15 3758
2920 -0.75186126065983994 1.197690568684328 3.548311675014296 110 104 100 0.14733750606791596 18 969 17 1336 16 950
2921 -0.37404645402448711 3.508972044235704 0.21407518451884289 246 246 232 0.27159060444905619 18 5313 17 2507
2922 -8.8699782825034408 -3.5891060416740901 10.626288004113066 152 170 110 1.823064250203527 18 3622 17 3810 16 4931
2923 -10.055305349166529 -0.57098174282287395 5.1665667221298248 252 255 250 0.8379759813748987 18 7562 17 3813 16 2961
2924 -10.809700598035878 -2.4285697707606704 9.1464972137817924 113 142 75 0.65569538291667728 18 3643 17 3829 16 2996
2925 -11.481994488893918 -0.98264651267736636 6.9919241004485571 217 249 210 0.35913285606724465 18 3669 17 3855 16 55
2926 -6.8803765589438619 -2.724137995086886 9.2714408108732833 132 165 122 1.0639625338282968 2 3985 3 3959 17 3861 16 4956
2927 -9.517420186521738 -1.6126350100390525 7.9301530628700014 223 229 227 0.17997552313331991 18 3670 17 3863 16 4940
2928 -9.9548433312575018 -1.3841851163816863 7.6482766394087687 217 219 218 0.38954806027524702 18 3677 17 3865 16 3013
2929 -8.3550424198044713 -1.9264928940444142 8.3951798540782701 164 170 103 0.22183570551739326 18 6073 17 3876 16 3031
2930 -1.6852601856803591 -1.1645698933330779 6.9855107873424567 213 232 211 1.4199609094770416 3 4138 18 334 17 4031
2931 2.2488401862933376 2.1010296816374057 2.052170199399697 214 225 224 0.31827712097956051 3 1836 17 5255 16 4574
2932 2.3668595853842325 2.0642819347140371 2.116280958589166 240 242 228 0.70715825316831482 18 1964 17 5269 16 4623
2933 2.6156760429782651 2.3324123585715624 1.6663535382471881 201 200 194 1.139535363072383 18 2243 17 5516 16 4866
2934 2.6035657770996274 2.3502135087573506 1.6566980191835088 85 83 62 0.91187175244133212 18 2255 17 5520 16 4865
2935 -11.437289501854217 -1.2640211469134921 6.9626141476426504 246 255 245 1.1481626131118328 18 7561 17 5982 16 4909
2936 -9.4356197671922608 -1.6767786720467186 7.9405009313713988 220 226 226 0.71541778218468988 18 6067 17 6000 16 4938
2937 -8.5112244066721772 -2.0416026519365009 8.4458558994788078 229 231 230 0.73906276259297543 2 8068 18 6065 17 6003
2938 -9.2333870902889217 -1.716893212301184 8.1587181851057782 187 202 146 0.19879936916541996 18 6074 17 6005 16 4945
2939 -10.074401750696389 -0.032595392853752965 5.4449793541479545 200 237 198 1.0773605733059162 18 6103 17 6016 16 3012 15 4879
2940 -10.369900656443939 0.12003096869909058 5.2850553474749606 153 201 141 0.9298954929608465 18 7606 17 6017 16 4936
2941 -0.50415807831736148 3.6468822110422763 0.043099370265147541 218 224 189 1.9807870192401473 18 7175 17 6860 16 3879
2942 -8.2281406219690005 -3.42497286217501 10.444867764054129 151 168 100 1.4721572062022137 18 8560 17 7353 16 6257
2943 -11.430617558706961 -1.1530701638638023 7.0458533983686991 251 255 252 1.2292447362948675 18 7566 17 7354 16 6236
2944 -10.672286064402403 -1.1447858065508594 7.2711830407500688 231 240 239 0.38616432028039566 18 8582 17 7362 16 6249
2945 -10.492287932468624 -1.2225674198272782 7.3637547030070936 225 234 233 0.44302408555019679 18 8581 17 7363 16 6250
2946 -9.0877515199919845 -1.7898118382834218 8.1273877605903593 222 231 228 0.55658800185047641 18 7574 17 7366 16 6258
2947 -8.8824785490620464 -1.8553890090594152 8.1933644497800291 210 219 216 0.45336511032284871 18 7572 17 7367 16 6259
2948 -8.6469733124204868 -1.9578169437395456 8.3562061612927234 235 239 240 0.35644570773208906 18 7573 17 7369 16 7081
2949 -0.7369234342576243 2.1619980066657782 1.9075476705112457 156 156 159 0.59432381543822077 18 7938 17 7712 16 6542
2950 2.0850964824812586 1.6118374868016547 2.8537026035410848 218 191 101 1.6732201367482225 18 6698 17 7880 16 7434
2951 -9.0576139382179424 -3.1223995680107484 10.000863717672717 131 156 88 1.8193903099889408 18 8562 17 8307 16 7574
2952 -11.527739710431456 -0.97756100204451901 6.9580038403158673 225 251 212 0.27812657180029937 18 8577 17 8313 16 7073
2953 -9.8118355439446479 -1.4918257251063063 7.7481914172777913 235 241 241 0.23188321970988732 18 8578 17 8316 16 7077
2954 -7.7075800546007969 -2.069734674969848 8.3229699879280918 234 238 237 0.79129107791519671 2 9110 16 7085
2955 2.50712068970136 1.8492893001062467 2.5272027480232921 214 213 183 0.77069537570424873 18 6798 17 8677
2956 -11.222908491254744 -2.2898952568245408 8.8978208341226566 109 145 90 1.9021674104502189 18 8566 17 8858 16 7569
2957 -6.7215258962984565 -2.4994629241104915 9.2695042394327007 188 190 119 1.8413674912105873 18 8579 16 7585
2958 -10.210571399489559 0.062797934273421674 5.3700111667247441 204 241 198 1.7844467066701286 18 9647 17 8869 16 7577 15 7498
2959 -10.33635788922771 0.17389769392377324 5.3120146920223732 167 209 138 1.3422709041932022 18 9268 17 8872 16 7079 15 7497
2960 -11.842643194685291 -1.648918300494898 7.6637345628731675 123 162 99 0.92900643490346624 18 9905 17 9256 16 8110
2961 -4.6575916516012148 -3.6291093027959209 10.680642965606138 27 42 31 2.2297221499416504 18 9252 17 9268
2962 -0.41549324591294789 3.5998960115051473 0.090722785899967656 252 250 239 1.9797047469837457 18 9836 17 9410
2963 -12.406174707169173 -7.2142567723799482 18.967000220993324 124 157 78 2.2417798763661949 3 10659 17 9499
2964 -5.1877408884058935 2.172020665031146 2.4614593619170919 241 232 211 0.86954076535918268 17 9525 16 8128
2965 -0.69985307632820637 3.6895863983470751 -0.036673835643262709 250 251 233 0.76804676015496698 18 10143 17 9590
2966 -1.2734320618031476 3.2952921516686065 0.37522002019503314 241 242 244 0.53071523910269203 18 10214 17 9682 16 7964
2967 -6.6184334242113829 -2.322225831651938 8.8486596640777258 190 206 132 1.6270129964809943 18 7580 17 7381
2968 1.5522291986816654 1.9214919147006899 2.4526088550740699 165 154 124 2.2885875117827341 18 9760 17 9578
2969 0.16403221647663949 3.3790111016391196 0.38191494647669855 96 110 52 2.5283835476308476 2 10607 17 9601
2970 1.0149845739667134 2.901926498094475 0.68322713232257903 180 204 174 2.404377646427136 18 10011 17 9603
2971 -13.746815038677516 0.085136825667862584 5.1111832386362925 198 212 213 0.44366250320052963 17 66 16 9 15 61
2972 -13.540670340764454 0.47654606542180755 4.4970195884249584 253 255 255 0.57645247017885626 17 3844 16 18 15 57
2973 -13.540670340764454 0.47654606542180755 4.4970195884249584 253 255 255 0.57645247017885626 17 3845 16 19 15 58
2974 -0.77664305603520745 1.1950117011371857 3.5340312219538377 157 163 159 0.97196601156432816 17 1330 16 940 14 3762 15 1231
2975 0.6091013111212652 2.2979777460309725 1.3459734746116621 153 98 83 0.63372189083916353 17 2078 16 1505 15 3866 14 1332
2976 0.80932691267182677 2.4199367894826969 1.1656836663831203 238 178 141 0.38686032553404526 17 2233 16 1650 12 1438 13 1248 14 3649 15 3942
2977 0.81000604943283028 2.4198687135177019 1.1655486337469096 238 178 141 0.15702241552683424 17 2234 16 1651 15 3943
2978 -0.77100092781679141 1.2127680396978924 3.5413582710230433 186 177 170 1.2152965769850661 17 1341 16 3534 15 3753 14 3771
2979 0.39664235460679331 2.1617793905582521 1.4463525680155473 254 203 169 0.34983417556752755 11 1241 16 3795 12 3754 13 3637
2980 0.91110010784707618 2.4893768791030233 1.0440447204828893 233 176 138 1.4119679475404507 17 2327 16 4040 12 3698 11 1077 13 5294 14 5212 15 5528
2981 0.90934146026120588 2.4759673541680147 1.0975261616336092 255 194 157 0.85844418049138793 17 2321 16 4041 15 3976
2982 -10.369187741147051 -0.10311885497069843 5.1486914924627847 196 242 195 1.3884903181695833 17 6002 16 4924 15 4865
2983 -6.9329456501967339 2.5892747304737025 1.3774617404991154 209 235 206 2.3806821479079283 17 8389 16 7105 15 7506
2984 -4.5084999352793007 0.98777557628252555 4.0241589774654569 71 80 61 0.65890620310743875 17 7472 16 7129 15 7543
2985 0.24038631150420253 2.0429536295258206 1.7856112661049857 135 98 89 1.0711180653924828 11 7880 16 7273 15 7633
2986 -6.4912224188324199 3.0614267443176919 0.77438398129444608 222 251 221 2.1064708498335443 17 8913 16 7599 15 7512
2987 -8.7713739161169055 1.212571136616805 3.7316058137249777 182 209 142 1.3769037996974889 17 9276 16 7906 15 7841
2989 0.36742941991147909 2.1477453055983555 1.4425024489730571 254 194 155 1.0519989346648055 11 8423 17 9023 16 7987
2990 -8.7839617916318158 1.1562223741712672 3.5424104617539687 233 255 238 1.1100744896625079 17 9517 16 8118 15 8090
2992 -0.84003081271733693 10.254521742167771 -10.631895478310255 22 38 28 1.0266857060765833 11 160 12 256 13 2869
2993 -2.6850683437502805 8.9439784284206514 -8.8154153236137685 206 215 223 0.79472423713910689 11 187 12 261 13 29
2994 -2.4340372168672926 9.1994824810861591 -9.1106698595877802 41 47 56 0.29654800207439391 11 185 12 263 13 2873
2995 -3.5763121806408886 7.6342457841064988 -6.5212257750727884 245 244 239 0.48411833064153831 11 302 12 351 13 136 14 4664
2996 -2.7016597990526501 8.4993411114570243 -7.4358143040854099 240 237 230 0.67018727965174263 11 294 12 368 13 2971
2997 -2.7016597990526501 8.4993411114570243 -7.4358143040854099 240 237 230 0.67018727965174263 11 295 12 369 13 2970
2998 -4.8079004860342422 6.60541861412496 -5.0904364510220219 97 126 131 0.90072434844162608 11 363 12 374 13 150 15 3027
2999 -4.6693415693067433 6.7747933803887932 -5.2474218730205395 224 229 232 0.62861003701871265 11 365 12 381 13 158 14 2844
3000 -4.665334192156938 6.7676385725377317 -5.2413346692309908 224 229 232 0.53529223423972505 11 364 12 382 13 159
3001 -4.7922887810006873 6.6563960370262683 -5.0717455229201081 192 213 218 1.1835075694311654 11 3317 12 388 13 169 14 2846 15 3034
3002 -3.5296137431800663 7.8551363075967728 -6.479055882382827 246 243 238 0.87688407075348618 11 337 12 390 13 2981
3003 -0.029121288012465486 5.2847503425982065 -4.3971230518392161 42 45 52 1.1097437314899283 10 3195 12 392 13 199
3004 -4.8393900699965933 6.6936687091661629 -4.9963646018376613 232 233 232 0.32534879755987905 11 3331 12 400 13 183 14 2851 15 4889
3005 -3.9366934534184135 7.5137155613275066 -5.9667914352872717 200 197 190 0.59214340814318411 11 361 12 402 13 2991 14 2861
3006 -5.5181787682627421 6.0582071507942974 -4.2012113751058875 125 131 129 0.28797259855762425 11 435 12 406 13 180
3007 -5.1226847743381869 6.4599782717112673 -4.661895731019893 246 245 241 0.67177216468980705 11 414 12 407 13 186 14 157 15 3037
3008 -0.89196709812401376 7.2302527220704302 -6.0076422928226787 240 239 238 0.51067015905693991 11 316 12 437 13 241
3009 -5.4264679846675143 6.3194416379165519 -4.2631343827762818 160 164 164 1.6864060033971586 12 448 13 221 14 2858 15 3051
3010 -2.1169584955082033 5.8735072205343446 -3.5964520387077101 87 146 114 0.45091785699565018 11 3405 12 507 13 3037 14 2946
3011 0.073811195206783281 5.7579062488305919 -3.7836490402072918 129 158 153 0.82604474729473676 11 3368 12 519 13 314
3012 2.0565633703034885 4.7456239028590828 -2.1141988843255026 144 164 162 1.0994804495615638 10 398 12 790 13 684
3013 0.88607883398916287 2.4878512931276973 0.97815261488485639 70 41 38 1.0982910037061906 16 1680 12 1348 14 1319 15 3932
3014 0.73722162581685036 2.3913569159767989 1.0755561300352188 248 192 162 1.0443706355775653 16 1564 12 1356 14 3576 15 3846
3015 -0.69377140994572528 2.354404292429555 1.5900840421329154 178 178 176 1.1386472672491943 11 1416 12 1377 13 1104
3016 0.52446462265286042 2.2642760799332655 1.2366109055318684 141 97 89 0.6567442308843281 16 1424 12 1378 13 3587 14 3528 15 3788
3017 0.77731415254710101 2.4128245637878063 1.130374130519856 246 190 162 0.2275553516720715 16 1618 12 1407 13 1211 14 3620 15 3906
3018 0.89909935204839075 2.482899954508706 1.0651687660118982 97 68 60 1.6957163357129557 16 4029 12 1418 13 3647 14 3654
3019 0.79153109288882695 2.41601286187062 1.1455276056636572 193 140 108 0.27601448735132383 16 1632 12 1421 13 1229 14 3633 15 3926
3020 0.86655294579609976 2.4499573176393121 1.1478523111341734 122 87 72 0.68293307135990577 16 4016 12 1448 13 3666 15 5531
3021 0.36808658858225268 2.1289928588559963 1.7412653024224845 113 69 60 0.48630125885795694 16 1383 12 1609 13 1357 14 3661 15 3844
3022 -2.4273337981304306 9.2989731720996094 -9.0333921748376209 63 89 132 2.239018263980181 11 3198 12 2990 13 2900
3023 -2.6544808734792631 9.1504276130777935 -8.8342471179163287 71 70 69 0.64862006556421059 11 3199 12 2991 13 2901
3024 -3.6436476167068448 7.598722793311727 -6.4498384901519072 248 245 238 0.52364254066889637 11 3256 12 3044 13 2954 14 4667
3025 -3.0840326638573519 8.2179431977786059 -7.0148716717337498 247 244 239 1.0056332754269333 11 3263 12 3055 13 2977 14 4677
3026 -3.7296526496033313 7.6329685428261538 -6.1658983614051062 247 244 237 1.07671520576587 11 3296 12 3060 13 2989 14 2864
3027 0.78990582890081495 2.4491198412764876 0.88931161283048288 120 82 71 0.29480659241545082 16 3957 12 3629 13 5236 14 5143 15 5453
3028 0.81313162040682141 2.4498109158998953 0.94470946141891876 232 168 137 1.036991542186861 11 1012 12 3643 13 5250 14 5156
3029 0.8126624523721907 2.4502008514587663 0.9436746929294757 232 168 137 0.68783230720867206 11 1011 12 3644 13 5251
3030 0.55854659439205623 2.2996494369022673 1.1392701355294379 108 74 71 0.89943150250984749 12 3657 13 5252 14 5139 15 5417
3031 0.8375865009594341 2.4530299160155176 0.97354150837384068 223 161 138 0.2865075305599365 11 1025 12 3660 13 3574 14 5171
3032 0.62044748850934806 2.3256610371703252 1.1465605188194952 96 65 60 0.72322971325694085 16 1477 12 3676 13 3578 14 3537 15 3802
3033 0.39885122050581873 2.193918872245793 1.2903420878321603 229 178 141 0.53472272072792459 11 1140 12 3677 13 5259 14 5128 15 5387
3034 0.66378998103435283 2.3461873395123258 1.1347262828074021 96 65 57 1.0616990462181051 16 3912 12 3679 13 5271 14 5157 15 5456
3035 0.70046273719506114 2.3691307123329439 1.1162905330994797 101 67 61 0.37691021258338175 16 1538 12 3680 13 3599 14 3570 15 3836
3036 0.68767214506666874 2.3595081710176107 1.1362151540493914 229 174 141 0.73199271292423218 16 5585 12 3681 13 5274 14 5167 14 6216
3037 0.84166158961192139 2.4592987594183855 1.0522129610701831 97 67 59 1.6736927617573132 16 3992 12 3686 14 5203
3038 0.26015915696984765 2.1039318303652359 1.4238114682358847 205 158 128 0.56853966748231544 11 1211 12 3695 13 3577
3039 0.23278303666859629 2.0781321729622957 1.4573015960174496 185 135 110 0.90870782344848866 11 3941 12 3704 13 3581 14 1152 15 1190 16 1224
3040 0.29066821157963041 2.1153269571414128 1.4290409079399855 100 70 63 0.65294121555055973 11 1222 12 3709 13 3595 14 3493 15 1215
3041 0.95264328202816007 2.5039705203681271 1.057256324624481 115 75 65 2.3373555421838978 16 4066 12 3721 15 5545 14 5230
3042 0.95292950383230823 2.5048185544740003 1.0581856498315632 115 75 65 1.8839972964834175 16 4065 12 3722 15 5546
3043 0.52122776965581019 2.2435954112961891 1.3282340985395822 109 78 73 0.96030060961346153 16 3845 12 3726 13 3629
3044 0.41585787505301858 2.1801251499808916 1.3961535663835445 95 55 46 0.36681988778555047 11 1215 12 3728 13 3618
3045 -1.8787437024753066 2.0695670963517503 2.2183847712694496 194 199 159 1.2968332858198404 11 5985 12 3744 13 3533
3046 0.063774414450222361 1.9508898919794198 1.7468434064408962 250 199 170 1.1297650844253753 11 1386 16 1160 12 3792 13 3656 14 5133 15 3711
3047 0.084699938172325157 1.9620015458820372 1.7415890880851046 130 84 76 0.63719155711323205 11 1378 12 3796 13 3661 14 3510 15 1195
3048 0.37411323912051336 2.1439628754582563 1.6772864488111177 127 95 90 1.1052425829886574 11 1376 12 3856 13 3743 14 3642
3049 0.16421466359684908 1.9949958272992718 1.8386374506222436 101 63 57 0.90306634760079252 11 1448 12 3875 13 3736 14 3603
3050 0.28019239264758083 2.0741135522661622 1.7839247103139817 222 167 147 1.9129359332311675 11 1433 16 1328 12 3878 14 3636 15 3808
3051 0.27935739110612329 2.0741895814042426 1.7833540488289712 222 167 147 1.6726035028246864 11 1432 12 3879 14 3635 15 3807
3052 2.5997850384701717 2.3071256031110052 1.7099548163063552 21 29 32 0.70829053750255044 11 1370 12 4290 13 4322
3053 -0.42882388639225438 1.2276152568453238 3.6336485819681372 224 225 207 2.1607427281754479 8 5474 12 4631 13 4280
3054 -2.1842762973492147 9.3455898062582374 -9.2016104850760385 234 231 236 0.79213487354631662 11 5264 12 4825 13 6096
3055 -1.7288491380788158 5.4088554636528174 -3.7718904820227466 71 90 85 1.3138829009979707 11 6726 12 4902 13 6137
3056 -2.0484162987024317 5.6460932351200297 -3.7616804377746034 143 199 164 0.95922851772760209 11 6747 12 4906 13 4882 14 4690
3057 -2.0319727064040976 5.7259702040136675 -3.7031752066697421 95 156 125 0.51000405294934537 11 5371 12 4909 13 4884 14 5913
3058 0.47350328734083169 2.9520965503930512 0.33779198580915099 34 37 42 1.0338165594081079 11 5552 12 5194 13 5161
3059 0.11629179503170459 2.6562775427806735 0.63408133386519627 252 251 249 1.1695292389426371 11 3738 12 5198 13 5154
3060 0.84761913043138593 2.4698202744086051 0.94521417558248577 244 185 151 0.59200076196254015 16 5632 12 5301 13 5264
3061 0.74281832372801881 2.3980552529207273 1.0437665970424315 93 56 50 1.1665400627092783 11 1053 16 6697 12 5307 14 6214 15 6557
3062 0.40715416903567353 2.2007682909391875 1.2601864516663897 101 54 44 0.89443441005441893 11 3893 12 5309 13 5253 14 5124 15 3748 16 1317
3063 0.52224746446924541 2.2683371848122187 1.2072208860080458 246 197 172 0.1870863542111986 11 3888 12 5317 13 5266
3064 0.20095166662465219 2.0572218219119187 1.5090577556001736 119 80 73 0.69174766080875627 11 3961 12 5342 13 5273 14 5121 15 5365
3065 0.36265713320973675 2.1332627393093788 1.4776832992520568 246 187 153 1.3146750656489081 11 1255 12 5357 13 5292
3066 0.14555594123023258 2.0076044328040741 1.6312983086366188 139 94 82 1.127314091969003 11 4010 12 5365 13 5291 14 5132 15 5370
3067 0.28457816345883657 2.0907140505432205 1.6156785370629314 134 94 86 1.5811310838408388 11 4016 12 5388 13 5315 14 5159 15 5412
3068 0.20283848336903071 2.0209411641994217 1.7975250449054605 151 107 96 1.3522371061372407 11 4093 12 5419 13 5341 14 5183 15 3781
3069 -0.30154719884128722 1.5744238743228611 3.090528231304273 179 186 140 1.5317508413388368 8 6835 12 5788 13 4117
3070 1.6813489743171843 1.9437973601100971 2.435403478271926 219 210 195 0.60509241939573344 11 1801 12 5888 13 6759
3071 -5.289341517912912 4.0536332135587152 -0.61296764306584717 212 238 211 0.84107634350834781 16 7146 12 6198 13 7008 14 6722
3072 0.43697876878187963 2.9602110131023194 0.35655433672740472 210 206 203 0.85179269832235849 11 5555 12 6385 13 7122 14 6873 15 7195
3073 -0.64775670824227261 2.2696046085329846 1.47826900253862 237 236 234 0.75683637164405515 11 5739 12 6431 13 6390 14 6854
3074 0.59763100501581345 2.2829885017443274 1.3988392116250261 247 186 153 0.74767830767941745 16 6679 12 6472 13 7191 14 6908 15 7233
3075 2.4908947864924658 2.4200242711109303 1.646801596058044 125 111 91 1.3957118988054349 11 4048 12 6663 13 7323
3076 1.218557653096521 1.702363534796977 2.8078767027756419 59 63 67 0.66332066071661488 11 4528 12 6829 13 6772
3077 2.8225843131568293 2.0902999289673181 2.162441111878656 120 123 95 1.2438478271708602 11 4228 12 6856 13 6923
3078 -2.5387288238726167 9.2365061010825968 -9.0086234395084581 217 221 224 1.6265414506212517 11 7632 12 6936 13 7506
3079 -5.3938362370929847 6.2382728545224726 -4.2574868451756034 138 146 148 1.6933741845635266 11 7675 12 6962 13 6994 14 7235
3080 0.98100212423134603 2.517625856588865 1.0419487045982343 191 134 107 0.62495766645340123 11 5642 12 7152 13 7186
3081 2.7816150185499091 2.2212678195079008 1.9386218312397616 138 137 92 0.36671356007334749 11 5832 12 7340 13 7412
3082 2.2411672043813113 2.0861234236064798 2.1844307424514615 114 107 94 0.69363999303888457 11 5906 12 7342 13 7789
3083 2.5615208760590185 2.114051231126902 2.1147699959844015 74 68 45 1.1016285519221085 11 7108 12 7751 13 8064
3084 2.148395726696382 1.9352782141158855 2.4110626233073535 188 185 163 1.0183506687706319 12 7761 13 7804
3085 0.86552016057118575 2.4641660122222748 1.0396899160319957 132 84 70 0.56096303580098583 16 8185 12 7933 13 7938
3086 0.70613752161380383 2.3435476552458532 1.3884577030815417 106 69 61 0.93472846517279118 11 8430 12 7948 13 8174
3087 0.23936405215107706 2.0422094942914826 1.7859993368042362 147 108 101 1.337584374595046 11 7879 12 7957 13 7952 14 7683 15 7632
3088 -0.36199334263872035 1.5802223255122529 3.0640131856183324 158 146 120 0.93133310728541663 11 8923 12 8037 13 7999
3090 1.7461771467167861 2.1394078765314215 2.0518846341875996 48 75 44 2.127714203393348 11 8841 12 8210 13 8229
3091 -3.5387754909469762 5.2561975685558311 -2.588053441960938 216 241 212 1.5504140318047217 11 9181 12 8264 13 8285
3092 -2.5278209610623184 5.7939736649698483 -3.2285930009944086 72 119 65 0.057167313709658163 11 9180 12 8265 13 8287
3093 1.7416434519305002 2.1033245152991795 2.1572107183938192 193 227 143 0.49707124416901388 11 9224 12 8429
3094 -6.337295537675816 5.6947454861256031 -4.464508394159294 27 49 36 0.42913507409363894 12 291 13 31 14 2773 15 2971
3095 -7.6543635507365 9.0698831842741878 -7.8246527825312224 246 237 204 1.1438796488392411 12 310 13 65 14 2804
3096 -3.4845107225457777 7.7237664015067304 -6.6448849266091026 237 239 234 0.18249299929676999 12 348 13 132 14 2850
3097 -6.3414499889914957 6.1810644960361136 -4.3891044557020003 29 40 33 1.6641551824684087 12 378 13 134 15 143
3098 -6.3164265876304091 5.3850865302671611 -3.3457162795414916 231 232 226 0.32038906054322364 12 414 13 173 14 129
3099 -5.5537693991110491 6.0093036883073214 -4.1552395524943897 230 232 227 1.0283417826722361 11 436 13 176 14 149 15 176
3100 -5.8506903181682111 5.8223382747558912 -3.8718335742050933 236 237 232 0.6003537245549595 12 412 13 182 14 147 15 3015
3101 -4.8075457173414629 6.728180438450007 -5.0130026731720525 181 211 219 0.33240018247960823 11 396 13 185 14 162 15 3053
3102 -6.2361954212645019 5.5227172429453582 -3.4161988517101465 233 234 229 0.44870194917113854 12 433 13 189 14 141 15 3006
3103 -6.2361954212645019 5.5227172429453582 -3.4161988517101465 233 234 229 0.44870194917113854 12 432 13 190 14 142 15 3007
3104 -6.4472247486185621 5.3209109659920637 -3.132559558576792 223 226 219 0.39548079499739131 12 442 13 195 14 136 15 154
3105 -6.4472247486185621 5.3209109659920637 -3.132559558576792 223 226 219 0.39548079499739131 12 443 13 196 14 137 15 155
3106 -6.4774730188922218 5.3054447640605433 -3.1033600734744109 234 238 232 0.39255147032584314 12 444 13 197 14 138 15 156
3107 -6.4774730188922218 5.3054447640605433 -3.1033600734744109 234 238 232 0.39255147032584314 12 445 13 198 14 139 15 157
3108 -5.4031691993855233 6.2786124741294049 -4.329052697184248 118 130 128 0.82225504908902824 12 3077 13 202 14 2855 15 3035
3109 -5.9975505189073184 5.7626703289373236 -3.6521530597051699 237 239 235 0.54837842658361902 12 441 13 203 14 154 15 175
3110 -5.9889155922889659 5.7553806668459551 -3.6457197775886723 237 239 235 0.4612918308369125 12 440 13 204 14 155
3111 -5.3200758978918774 6.3739423586010453 -4.4122345557548748 233 232 227 0.48079060261247542 12 436 13 212 14 165 15 3045
3112 -5.6659391383990148 6.0818873227481891 -4.0029966875935816 232 233 227 0.35548622709358302 12 447 13 216 14 161 15 3032
3113 -6.5318163714638091 5.3098044044695243 -2.987224087997717 251 255 255 0.45650689186529358 12 457 13 218 14 151 15 163
3114 -6.1095684680860529 5.7231527452323743 -3.4760270271834024 236 235 230 0.52979574501431137 12 455 13 223 14 158
3115 -6.5095307151717741 5.3491284164093882 -2.9918011541041056 212 215 208 0.44678716596206086 12 460 13 224 14 156 15 166
3116 -2.9838939170053251 8.4695625568689703 -7.0080900417439214 248 249 244 0.50771553799267022 12 416 13 228 14 2886
3117 -3.4131352568116005 8.1462892207148698 -6.5360944553269675 250 249 245 0.24821895468660946 12 429 13 230 14 2881
3118 -2.8501981445903706 5.4021651093677852 -3.7108124096424917 231 253 226 0.32305971437967518 11 407 13 238 14 196 15 3101
3119 -6.3606583950392661 5.591773705581061 -3.0749113165941959 227 231 224 0.27586485833417412 12 470 13 243 15 3029
3120 -2.1722606293135422 5.8997409469504714 -3.5816804390218215 144 202 164 0.37457136864077967 11 3407 13 285 14 2948
3121 0.10311170104344293 2.7258153958315732 0.70547705054742593 253 253 251 0.24934824623748497 12 1174 13 958 14 1010
3122 0.31158279541809225 2.9384541962099577 0.53398937171165739 239 239 237 0.15963580632827887 12 1176 13 977 14 3420 15 3739
3123 0.21292594699613007 2.8761684794628621 0.64966884923983526 248 247 245 0.26585911725761346 12 1192 13 988 14 3421 15 3724
3124 -0.2504456508462482 2.496299766949178 1.0929504480934507 255 255 253 0.97390553808826752 12 1237 13 998 14 993 15 1042
3125 0.030053850974364967 2.7763302298285679 0.86076007986555747 237 236 233 0.22758414252491257 12 1235 13 1030 14 1066 15 1172
3126 -0.46941075915175201 2.4171395681429266 1.3218771524510939 163 163 161 0.37842902413545865 12 1282 13 1041 14 997 15 1022
3127 -0.55931968421753464 2.3887033044216901 1.4232885325284588 242 242 242 0.14673213966741586 12 1307 13 1065 14 1008
3128 0.02484880766594192 2.8421545903496592 0.91574304334665424 181 182 179 0.18425068688779947 12 1265 13 1068 14 1097
3129 0.72567751579883299 2.4054579741631108 0.93918982584699873 253 217 185 0.26187573365563993 12 1274 13 1093 14 1192
3130 0.56460036404342928 2.3073103947885647 1.116331702417243 193 141 115 1.1274815911564635 12 1314 13 1122 14 3504 16 3849 15 3780
3131 0.56342948591989739 2.3077715180240599 1.1153377651141247 193 141 115 0.79115240453447877 12 1315 13 1123 14 3505
3132 0.79672414293601224 2.4387538109034397 0.98537016269262001 178 120 101 0.51306858449931025 12 1321 13 1149 14 1264 15 1439
3133 -0.74248979614738253 2.4004370708498892 1.68184035612963 174 170 167 0.16811152591607317 12 1436 13 1150 14 1055
3134 0.50374183533819472 2.2597401940414117 1.2181464764067107 145 100 89 0.59332833966938836 12 1359 13 1154 14 3514 16 1398 15 3778
3135 0.45438588261965662 2.2221474020157705 1.2870208600899093 182 133 116 0.47306126350357847 12 1387 13 1171 14 3515
3136 0.64595404023872949 2.336891902751923 1.1524392239260737 144 100 87 0.20397967794055696 12 1370 13 1174 14 3555
3137 0.64569657771095168 2.3373548170733423 1.1522494445536287 144 100 87 0.21913257244782028 12 1371 13 1175 14 3554 15 3824
3138 0.36597925851710561 2.1678448982679157 1.367689978843655 246 203 160 1.1221927583611824 12 1403 13 1176 14 3507 15 3755
3139 0.88289944416932409 2.4794073838320712 1.0154904933376805 231 195 159 0.49538034199072495 12 1375 13 1193 14 1341
3140 0.45345410003050518 2.2058619938910593 1.3519806687777993 226 180 150 0.16889151677504832 12 1422 13 1194 14 1225 15 1298
3141 0.6545450302918816 2.3424724694957733 1.2032459004760476 29 8 5 0.86661867182694219 12 1411 13 1200 14 3599 16 3919 15 3839
3142 0.65334952717927219 2.344794510491774 1.2029101925763612 29 8 5 0.37299014347315806 12 1412 13 1201 14 3598 15 3838
3143 0.59820107566407743 2.3060811621345731 1.2610160891484874 99 71 63 0.57678896805718094 12 1424 13 1206 14 3589 15 3828
3144 0.56762495052096351 2.2849921391555896 1.2844437256124746 94 68 60 0.40663621110637621 12 1426 13 1207 14 1272
3145 0.79165323961206224 2.4159033048978626 1.1454776669356046 203 149 119 0.31251918998105521 16 1633 13 1230 14 3634 15 3927
3146 0.16206539227522321 2.0144724825658509 1.6650721668308432 148 98 87 0.44889840052545571 12 1506 13 1244 15 1216
3147 0.22777236005591131 2.0603637380033706 1.6423354685141494 255 204 169 0.91566458131575224 12 1521 13 1263 14 3541 15 3761
3148 0.66275740305702757 2.3159408245009581 1.3615293446025469 250 196 163 1.0950454180686198 12 1505 13 1291 14 3652
3149 0.77112069856018139 2.3938345466474087 1.3134477714908821 128 89 82 0.53071102542326853 12 1518 13 1304 14 3700 15 3968
3150 0.58475161315963931 2.2809667321866556 1.4736990215862791 255 195 159 1.0293899235515491 12 1539 13 1316 14 1390 15 3903
3151 0.31478808921123347 2.0953235619940331 1.7321528339342296 73 43 40 1.4868704260109884 12 1591 13 1330 14 1343 15 1349
3152 0.26624123528176408 2.0600347333345073 1.7734219512381419 109 75 66 0.71335267589330098 12 1594 13 1332 14 1330
3153 0.22397793046729292 2.0411280620357979 1.8344036109124389 253 197 168 0.1705062262349164 12 1620 13 1348 14 1337 15 1326
3154 0.22397793046729292 2.0411280620357979 1.8344036109124389 253 197 168 0.1705062262349164 12 1621 13 1349 14 1338 15 1327
3155 0.83703545550455372 2.4153286897833879 1.3783349153476092 117 86 73 0.28738786319533199 12 1566 13 1355 14 1499
3156 0.56772814986350562 2.2378918305665394 1.634544271568539 246 194 157 0.81311942031865792 12 1616 13 1381 15 1518
3157 0.8091630059255559 1.9187893495230033 1.6813188513200268 241 242 244 0.29375764645890179 12 1622 13 1388 14 1474
3158 1.4240656933259592 2.4605208311673707 1.1962664583285036 158 159 164 0.95507793712608224 12 1589 13 1417 14 3868
3159 1.4240656933259592 2.4605208311673707 1.1962664583285036 158 159 164 0.95507793712608224 12 1590 13 1418 14 3867
3160 0.50583169538300865 1.7078638697260682 2.0189043551534613 127 124 118 0.23117373878024405 12 1724 13 1441 14 1437
3161 1.4181399993791395 2.5555268481479456 1.2678519492527887 226 227 222 0.19263651338857354 12 1655 13 1482 14 1759
3162 1.1823101032079895 2.3936057837918883 1.4890761899779628 242 241 236 0.69725253054774416 12 1699 13 1503 14 1697
3163 1.2864615987326744 2.5203830544398 1.4240848005042086 246 245 237 0.33706512500043345 12 1705 13 1523 14 1768
3164 1.2687479224151559 2.5072138054925035 1.4434047602705966 240 237 230 0.27416728543998797 12 1708 13 1528 14 3911
3165 0.40575908727763532 1.9415891680325679 2.3237388036532978 220 219 214 0.8838324743071988 12 4130 13 1655 14 1633 15 1620
3166 0.9340444667950214 1.744917920235701 2.7683769811304018 245 245 231 0.3502373012645778 12 2485 13 2112 14 2109
3167 -5.0088856060826927 6.432143856863906 -4.9591887974277977 216 217 213 0.25245451247319933 12 3047 13 2951 14 4646
3168 -6.5253813912593115 6.2071062187213206 -4.3807498090421797 36 51 44 1.3290197974557423 12 4879 13 2953 14 2822 15 4873
3169 -3.7343210103354463 7.5610902090818888 -6.3825115494526061 241 242 237 0.16712765356933626 12 358 13 2956 14 4665
3170 -3.1782619103936121 8.0589043855857234 -7.0231102242510239 233 234 229 0.63512202854543498 12 350 13 2958 14 4670
3171 -4.9907452883621399 6.4639619031569744 -4.9018933028934173 237 238 233 0.34672788396417875 12 3053 13 2961 14 4653
3172 -5.0211364054774563 6.4585626103478342 -4.7767126333430925 240 241 235 0.72270510381445885 12 3058 13 2972 14 4663 15 4886
3173 -6.0749259622014602 5.6404212657260473 -3.5964377753114403 236 237 232 0.36836103162059808 12 426 13 2982 14 2834 15 3009
3174 -6.0749259622014602 5.6404212657260473 -3.5964377753114403 236 237 232 0.36836103162059808 12 425 13 2983 14 2833 15 3008
3175 -6.1502686223052843 5.5822123192183426 -3.5078111936329721 239 240 235 0.25953925888885598 12 3078 13 2985 14 2835 15 4876
3176 -6.342816460455281 5.4231813380510756 -3.2687878224099594 229 230 225 0.38341402349322262 12 439 13 2990 14 2832 15 3003
3177 -3.6537836350906177 7.8752233026523468 -6.3529169977753028 247 247 239 0.5465428530702473 12 405 13 2993 14 2867
3178 -3.3213748496652635 8.1348792647426453 -6.5533403967742458 245 244 239 0.59909128810452195 12 427 13 3007 14 2880
3179 -3.1463318158761742 5.6808148004970427 -3.0898141911167629 138 192 121 0.80324760585830624 12 3140 13 3041 14 2932 15 3166
3180 -3.6048595913200914 5.2934809365822044 -2.4768003943775194 213 244 212 1.700359942726853 12 536 13 3053 14 280
3181 -0.59065241035367166 2.2437031251281443 1.3813884931991294 253 253 249 0.2366532360199638 12 3613 13 3477 14 3350
3182 -0.20192643454071812 2.5627776285316828 1.0410504888774141 254 254 254 0.35934160157872308 12 3592 13 3479 14 3382 15 3626
3183 -0.53137712388138947 2.3177361164329362 1.3416625207145267 253 253 251 0.5070071702896386 12 3620 13 3484 14 3358 15 971
3184 0.0035408002483792878 2.7477840956848758 0.87613418480506711 150 150 151 0.75307163752681527 12 3586 13 3490 14 3417 15 3681 16 3812
3185 -0.085737894878127829 2.6707923818508772 0.95806816120865934 195 195 197 0.32588963262593185 12 3596 13 3491 14 3409
3186 0.23949632293526402 2.9487177714823329 0.66050618671582073 248 247 243 0.78410550506993726 12 3572 13 3493 14 3438
3187 0.020082775245981968 2.787060270216708 0.88213035139575002 126 125 124 0.91245260030162145 12 3603 13 3504 14 5064 15 3701 16 3831
3188 -0.36758737411106102 2.5439467351637965 1.2686580443010571 207 208 212 0.39439561938232304 12 3645 13 3525 14 3413
3189 0.77208270350020158 2.4372422664341236 0.87720982002991965 245 205 170 0.45484382947884328 16 5598 13 3537 15 5431
3190 0.74428810033782855 2.420858725037156 0.95416777056336721 250 201 160 0.56162408829326571 12 1288 13 3554 14 3525 15 5447
3191 0.74508498295134695 2.4196213903786079 0.95453762168643363 250 201 160 0.65198310087746847 12 1287 13 3555 14 3524 16 3942 15 5446
3192 0.36699304586077597 2.1784466660350295 1.294505675160295 115 84 78 0.20017023434505393 12 1351 13 3562 14 3483 15 3741
3193 0.36699304586077597 2.1784466660350295 1.294505675160295 115 84 78 0.20017023434505393 12 1350 13 3563 14 3482 15 3740
3194 0.60014956533853514 2.3205644488462678 1.1211220656845253 113 86 79 1.1917816946746922 12 3664 13 3565 14 3519 15 1322
3195 0.45590938746823839 2.2288727042504743 1.2351685718511012 251 198 165 0.63734065560580089 12 3672 13 3566 14 5131 15 5396 16 5509
3196 0.67535029772572464 2.3636861996759531 1.0891310264276974 106 68 57 0.88607862794219738 12 1344 13 3571 14 3543
3197 0.2896869946724781 2.120741363758142 1.4016624852396653 249 193 156 1.0770583897430221 12 3692 13 3575 14 5122 15 5374
3198 0.36693181696521154 2.1720004952833309 1.3414284391451083 160 106 77 0.50477308576872781 12 1391 13 3579 14 1171 15 1239
3199 0.40210231866924295 2.1906343676443196 1.3218595518579817 143 99 88 0.27304111280470461 12 3688 13 3580 14 3506 15 1254
3200 0.87217478576656293 2.4735441001052809 0.97076382010641549 235 178 140 0.9105122720573634 12 3668 13 3585 14 5185
3201 0.83409656761672102 2.447715250137692 1.0021337897194369 254 211 173 0.43676958880644906 12 1343 13 3586 14 1298
3202 0.22983815654132536 2.0781652274660671 1.4788945387052865 97 67 61 0.22363108131577145 12 3714 13 3596 15 3726
3203 0.026606070786413426 1.9395353362060903 1.6457179584936352 130 90 81 0.9104511200256834 12 1442 13 3597 14 1122
3204 0.38636782791906049 2.1731697202420031 1.3667266746867688 158 112 97 0.96532117473099055 12 3703 13 3600 14 3513 15 3765
3205 0.10922689791232643 2.0019824746423751 1.5970060899199574 173 124 113 1.9663810817637515 13 3604 14 5115 15 3690
3206 0.084209757328880905 1.9840272643551962 1.6187290816971451 180 129 112 1.1111734938208229 12 3746 13 3605 14 3473 15 1157
3207 0.013182539558135229 1.9363174145533171 1.6862081277351901 235 179 146 1.1412580374279833 12 1459 13 3613 14 3467 15 3673
3208 0.2313575604858745 2.0674397722479223 1.537623156440451 148 111 102 1.6145282253129025 12 3753 13 3620 14 1179
3209 0.29764756032353179 2.1113675748386216 1.491537432245793 132 99 93 1.7976266168590376 12 3750 13 3624 14 1197
3210 0.29764756032353179 2.1113675748386216 1.491537432245793 132 99 93 1.7976266168590376 12 3749 13 3625 14 1196
3211 0.56340769075413522 2.2850168423299517 1.3051928327007085 255 205 166 0.44658589992518671 12 3731 13 3636 14 3590 15 3825 16 3871
3212 0.53732682576136126 2.2652901500467499 1.3348179951467516 255 207 171 0.72955875026537753 12 3740 13 3641 14 5174 16 3862 15 5444
3213 0.53732682576136126 2.2652901500467499 1.3348179951467516 255 207 171 0.72955875026537753 12 3741 13 3642 14 5173 16 3861 15 5443
3214 0.35341579971541071 2.1366762495897564 1.4981612927488537 101 70 63 0.83396963181802841 12 3764 13 3648 14 1241
3215 0.4101289797319117 2.1829720480763948 1.4829947006306845 151 111 99 0.099444239047615679 12 3772 13 3663 14 3580
3216 0.069938132839848857 1.9456098702561386 1.7719679513022335 117 82 76 0.87011418097960713 12 1532 13 3669
3217 0.24618240221862878 2.074979450193783 1.6390603142976798 138 95 86 0.72159941978306441 12 3795 13 3674 14 3553 15 3770
3218 0.73119464867349115 2.3605697063718458 1.2817592215026981 112 75 67 0.71013742705151384 16 1595 13 3675 14 3656
3219 0.15229729634622752 2.0154881298128009 1.7317737871559693 167 119 109 0.34686260072972719 12 3816 13 3681 14 3539 15 3752
3220 0.23109840431284487 2.0612495273726825 1.6736961202085414 135 82 68 0.37379633375994353 11 1348 13 3683 14 1258
3221 0.3301627785592276 2.1220151140279668 1.6059078958235207 94 61 52 0.26683440253757307 12 3809 13 3685 14 3596 15 3789
3222 0.13085434685427605 1.994674560450777 1.7692064363990365 153 107 94 0.12102984189389772 12 3831 13 3693 14 3546
3223 1.6216478642234191 3.304417640548293 0.44011117221183044 49 70 6 0.61763731932925658 12 3701 13 3699 14 5340
3224 0.88095361673982187 2.4616639284455588 1.2084181218627565 149 102 88 0.40597506477625045 12 1485 16 4042 13 3703 14 5245 15 5549
3225 0.85274828960990745 2.4438510316692219 1.2361144071803343 169 120 105 0.61134314117156541 12 1497 16 4022 13 3706 14 5242
3226 0.70927228789223307 2.3586026939922169 1.345099108521326 75 51 46 0.87719437594044769 12 1516 13 3707 14 3671 15 3944 16 1599
3227 0.97875097777265907 2.5182989088576262 1.1428067479496793 255 190 160 0.49100924363360354 12 1479 13 3710 14 3727 16 4084 15 5563
3228 0.97875097777265907 2.5182989088576262 1.1428067479496793 255 190 160 0.49100924363360354 12 1480 13 3711 14 3728 16 4085 15 5564
3229 0.868978633936484 2.4552548685631974 1.2241056449197727 104 71 62 0.67619060982919854 12 3777 13 3712 14 3716 15 3996
3230 0.37919864757350707 2.1408916596628815 1.6079265195490269 126 93 83 1.0361422938225171 12 3821 13 3713 14 3611 16 1369 15 3806
3231 0.72922740646319351 2.370637388512153 1.3372160588573414 245 192 156 0.25068975915139591 12 1519 13 3719 14 3678 16 3978 15 3955
3232 0.76463541428623827 2.3857699756613222 1.3499977645357071 125 87 76 0.69137757825458324 12 3808 13 3725 14 3714 15 3971
3233 0.47304192856495558 2.2134750081003021 1.5857403321633412 251 196 159 1.2924031054286163 12 3838 13 3734 14 5217
3234 0.16423292600348313 1.9947131416893098 1.8383227757196736 98 64 55 0.97565796480215761 12 3874 13 3735 14 3604
3235 0.54196867256973702 2.2483903488857453 1.5400824430529854 154 108 95 0.26738959640931736 12 1561 13 3738 14 3663 15 3898
3236 0.44771885004440864 2.1918921203801434 1.6117071678414849 255 213 178 1.1137176932477371 12 1570 13 3739 14 3650 15 3850 16 3850
3237 0.26865846232032176 2.0654581441676094 1.7541858484193456 250 197 163 1.4189568789164155 12 3861 16 1307 13 3740 14 5198 15 5425
3238 0.39325800151113322 2.1564206850810947 1.6698465532454367 195 136 102 0.97355768729489456 12 3858 13 3750 14 5210 16 3823 15 5465
3239 0.18839511629445138 2.0040029249411875 1.8360307489153285 146 106 96 0.44793858352333066 12 3876 13 3751 14 3609
3240 0.28837405306803754 2.0854095664391541 1.7618169526530572 61 27 17 0.410090100859139 12 3873 13 3755 14 3630 15 3803
3241 0.28830653272618606 2.0857055861001648 1.7618567262973381 61 27 17 0.41187197339363885 12 3872 13 3756 14 3631
3242 0.35598287497155462 2.117781787673457 1.7504253753464785 216 167 137 0.35328628968607811 12 3881 13 3770 14 3659 15 1412
3243 0.35598287497155462 2.117781787673457 1.7504253753464785 216 167 137 0.35328628968607811 12 3882 13 3771 14 3660 15 1413
3244 0.19001337163636181 2.0064005700752849 1.9173463650054572 236 187 146 1.9391935797501749 12 3919 13 3789 14 1356 15 1332
3245 1.220925157532587 2.2623561790551729 1.3412924816738667 220 221 223 0.68733532706465283 12 1583 13 3800 14 3831
3246 -0.031217385727450003 1.7454535707276273 2.8350641965881955 244 244 235 0.48041798729818369 12 4270 13 4086 14 3851
3247 -0.031217385727450003 1.7454535707276273 2.8350641965881955 244 244 235 0.48041798729818369 12 4271 13 4087 14 3850
3248 1.19499726373351 1.7090225932539682 2.8040280277073903 191 194 177 0.75423119462128285 12 4572 13 4397 14 4267
3249 2.6962694435435668 2.1751781755809372 2.0338111492529012 117 101 76 0.53095145845823821 12 4508 13 4520
3250 2.6962694435435677 2.1751781755809474 2.0338111492528994 117 101 76 0.53095145845862834 12 4509 13 4521
3251 -5.1003107324541128 5.6272774819077265 -4.4135660573006881 22 42 23 1.4634541851091023 12 4847 13 4813 14 4613 15 4863
3252 -3.2756119963339567 7.9217544028756679 -6.9429321902469088 231 233 228 1.3443395706469257 12 3036 13 4833 14 5890
3253 -5.5619561167949039 6.0971596547928666 -4.1195605263844195 105 119 119 1.2501888382276063 11 6753 12 4887 13 4852 14 5889 15 7012 12 6154
3254 -3.2079528187810751 8.1900991345828906 -6.8000021160889448 214 215 210 0.52064747605478368 12 3066 13 4853 14 5897
3255 -3.2079528187810751 8.1900991345828906 -6.8000021160889448 214 215 210 0.52064747605478368 12 3067 13 4854 14 5898
3256 -4.7776147639959659 6.8637353203589395 -5.0051332644499285 240 239 235 0.30633936097915909 12 4888 13 4856 14 5895
3257 -6.2029482696237217 5.6561857658399797 -3.354547249718876 238 240 235 0.15638240780782464 12 4897 13 4861 14 4668
3258 -5.5047556569800378 6.275275899760735 -4.1309252283354221 132 144 144 0.75654436677656411 12 4895 13 4863 14 4672 15 6221
3259 -6.07564428843411 5.8010142683356678 -3.4473128093855387 248 247 242 0.40143845979384107 12 4899 13 4864 14 4671 15 6214
3260 -6.4064126757509845 5.5008533252970935 -3.0216691269363753 219 222 215 0.30679738872950141 12 4903 13 4869 14 4669
3261 -3.1039511975369765 5.7028157336472987 -3.1203397109433042 197 226 195 2.1309252515262664 12 4927 13 4895 15 6277
3262 -3.1103973944121726 5.7089295770510597 -3.1329298926555724 197 226 195 1.372323901441951 11 5397 12 4926 13 4896 14 5917
3263 -0.32848978900683873 3.7065326250940154 -0.068506771380132933 74 70 8 0.54583507888744465 12 5157 13 5128 14 6132
3264 0.17144352184295397 2.896235442120715 0.74057034722601234 250 249 247 0.86028495797627902 12 5253 13 5210 14 3436 15 3744
3265 -0.31111508364735024 2.5269673875989698 1.1794050667339602 139 139 141 0.90737840833203354 12 5279 13 5214 14 6156 15 5312 15 6472
3266 -0.35090271933001382 2.4951170664330626 1.2104889334960851 111 112 116 0.64834088820117519 12 3625 13 5215 14 3387 15 3614
3267 -0.4263361568016652 2.4508340716364825 1.2826750963621092 108 109 113 0.6680094158779426 12 5286 13 5219 14 6150 15 6467
3268 0.069713016656825444 2.8786696047767553 0.86824866244695864 243 239 236 0.35413110221547711 12 3618 13 5227 14 3448
3269 -0.26417119554171203 2.6358862914187506 1.1784604108414618 241 240 236 1.4419307788831659 12 5294 13 5229 14 5059
3270 0.43951607384228164 2.2233272210869215 1.1837529250797103 250 204 170 0.80755355652044936 12 5298 13 5241 15 6518
3271 0.69943450707129873 2.384058132873367 0.99499632441503272 113 79 67 0.6969745027404618 16 6686 13 5242 15 6549
3272 0.26287755621711067 2.1000591070621351 1.4560852664397206 143 111 100 1.340518939686884 12 3711 13 5272 14 5127
3273 0.68758426144868279 2.3606023854547571 1.1365702859469726 219 169 132 0.28495802620460942 12 3682 13 5275 14 5168
3274 0.71496425922217866 2.3675479770823218 1.2044291665391207 102 69 60 0.8084968613855853 12 3723 13 5297 14 5200
3275 0.8804536146421974 2.4664610579164807 1.0954010356549362 96 64 62 0.22060240131048958 12 3717 13 5300 14 5216 15 5526
3276 0.3456727458454022 2.1333056560015549 1.5634460926232618 102 67 60 1.6909412874932783 12 5382 13 5311 14 5170
3277 0.91642655766046077 2.4739130492574084 1.1341960826514883 83 54 45 1.8424143466929597 12 3748 13 5314 15 5547
3278 0.20519291275086571 2.0313943296346788 1.8424630271749227 82 53 45 0.88516275969123248 12 5436 16 1270 13 5353 14 5201 15 3790
3279 1.1832190104953835 2.1569563760825061 1.328001221748103 138 139 142 1.6695832032112174 12 5399 13 5354 14 6288 15 5579
3280 1.4539456966717748 2.4347915985978523 1.1151330191422417 122 124 136 0.49585960522270262 12 5397 13 5372 14 3849
3281 0.74681237991330207 2.0586673087593681 1.8891034721773126 238 237 233 1.1063086478616082 12 4010 13 5442 14 5328
3282 1.1061057714214708 2.4127584359344172 1.6200495296889361 239 236 227 0.20298236070503906 12 4000 13 5455 14 6335
3283 0.29449276604800151 1.7213842477128662 2.3449071150896645 252 252 248 0.87497051569458684 12 5558 13 5465 14 5299 15 3891
3284 -0.32418124756202621 1.7667122388323 2.8171105239599341 184 174 148 0.60290104760450614 12 5671 13 5508 14 5294
3285 -6.3365488697886345 5.787303887898557 -4.4520395257631016 103 150 104 0.84277251806114262 12 4841 13 6095 15 6175
3286 -10.89614114099618 5.4201862009230561 -2.8741329757362517 103 143 153 1.3299949140211855 12 6956 14 5857 15 6981
3287 -6.3535524146724605 5.4941020767052873 -3.2535657999718031 189 190 185 0.50535986867368532 12 4892 13 6127 14 5886
3288 -6.3535524146724605 5.4941020767052873 -3.2535657999718031 189 190 185 0.50535986867368532 12 4893 13 6128 14 5887
3289 -6.3342044729081257 5.5311323262944541 -3.1696495759431884 228 230 227 0.48301384656041702 12 6157 13 6130 14 5894 15 6206
3290 -1.9282674957056316 5.480661245609272 -3.8569367660160614 144 190 170 0.7577826563639668 12 6158 13 6133 14 6701
3291 -2.9435689785413799 5.8407611292813701 -3.3118101096946204 204 239 204 1.2917688401762881 12 6180 13 6150 15 6284
3292 -3.3832858716407892 4.1634570775255098 -0.70667073933889024 115 156 87 1.6446330951460391 12 6240 13 6212 14 5969 15 6296
3293 0.13413716639001169 2.8463122234301039 0.76096002417680997 254 254 253 0.89978651457030601 12 6412 13 6385 14 6878 15 7193
3294 0.20144312348882495 2.0639347937893078 1.4219211633539122 255 213 181 0.50722032111133064 12 6444 13 6412 15 6494
3295 0.77804008507777278 2.4177617198868586 1.0532220209022791 253 182 158 0.2302206011666777 12 6443 13 6422 14 6903 15 7232
3296 0.61441342851073832 2.3000095036448545 1.3643800041234126 205 148 126 1.1103475660204938 12 5370 13 6438 14 6226 15 6568
3297 0.69021513641752874 2.3416905743808911 1.315075612070941 239 180 143 0.91632611677483389 12 6469 13 6444 14 6235 15 6575
3298 0.59883764319971533 2.2825940892701468 1.4457680712620187 131 93 84 1.5376479321922087 12 6482 13 6452 14 5218 15 3901 13 5333
3299 0.19357751262946932 2.0177911816932883 1.8912786245497439 122 85 76 0.96987470862590452 12 6513 13 6474 14 6228
3300 0.87974093446075463 2.2417666614684011 1.8313550788053001 241 236 211 1.8409343541821013 12 5525 13 6541 14 6325
3301 -10.86605326014069 5.5428710404071921 -3.0607643378543439 108 146 157 0.42655918929268838 12 6955 13 6978 14 6677 15 6980
3302 -5.4511324393202134 6.3524512203790389 -4.1667919833238249 216 217 209 2.0580056379020362 12 6964 13 6996 15 7505
3303 0.33625423332012205 2.977273886551171 0.51451048851257108 29 38 47 1.3360258833267937 12 6403 13 7132 14 6877 15 7619
3304 -0.092174170140530295 2.6479243555736489 0.9267107823162819 226 226 226 1.7752028114132772 12 6413 13 7136 14 6866 15 7177
3305 -0.45313452803327647 2.4214005982943441 1.3256569622135059 154 155 150 0.88647598165472619 11 7854 12 7130 13 7148
3306 -0.29434552332188968 2.6046300025135634 1.178532204226675 64 59 55 0.64482942651731634 12 6427 13 7157 14 6876
3307 0.96906402760682731 2.2989679578750302 1.7282099897588812 251 248 244 0.77315850420934418 12 6550 13 7226 14 6983
3308 -0.38458213681884934 1.6371556681261681 2.999659866234782 248 245 242 0.13291687510181219 12 7701 13 7261 14 6952
3309 -0.32201929600064466 1.5045493266827956 3.1893970302411758 229 229 221 0.44168402715409177 12 7721 13 7278 14 6964
3310 -2.7178680070102881 5.785376060307013 -3.3667909295790972 205 243 206 1.252661122624471 11 8736 13 7520 14 7251
3311 -3.4656906392459419 5.4618924709783707 -2.6866373189050128 115 165 99 1.6723755597238157 11 8313 12 7483 13 7525
3312 0.37309188726105841 4.0096475619405902 -0.61020772841976434 180 210 144 0.067555796386269379 12 7539 13 7593
3313 0.028121962010399824 2.7731542638713371 0.83375029533287881 239 239 237 2.245290054515146 12 7568 13 7618 14 7343 15 7919
3314 0.17935709309241935 2.0324191834431637 1.7056995224001579 145 105 95 1.285693255013205 12 7609 13 7648 14 7359 15 7625
3315 0.29035843305946629 1.8751374596139025 2.4283708748173556 240 241 236 1.2289379616902674 12 7664 13 7706 14 7404
3316 -0.7360708196372534 1.4752780421055693 3.2523807943121774 236 234 227 0.96922831132458231 12 7711 13 7725 14 6932
3317 0.19555439585536036 2.0608652496201669 1.48761091818243 88 51 42 0.86840277383164111 12 7936 13 7933 15 7924
3318 0.32477136042187538 2.0950349745791041 1.7766829574406857 182 130 116 1.9055960014820734 12 7961 13 7956 14 7688
3319 -0.6491602646131166 2.147367388364616 2.3061520439537984 35 42 34 1.7267801576507538 12 7980 13 7967
3320 1.0156365796716893 2.3211658270337292 1.747544563052412 115 107 61 0.61527758969271273 12 7984 13 7988 14 7727
3321 -4.0711198287015709 3.9805697929151886 -0.46703909388245851 112 153 79 0.378540037409969 12 8138 13 8134
3322 0.35215643918567702 2.1444419410613014 1.4248138805800477 249 195 158 0.39519376499554648 12 8176 13 8166 14 8000 15 8241
3323 0.43703120370694309 2.1894792906784684 1.3966605108026884 194 146 120 0.62335986857654324 12 8175 13 8168 14 7873 15 8137
3324 0.35712268172717748 2.1237531875700615 1.6918560741612469 51 23 14 0.98595783348372978 12 8186 13 8177 14 7878 15 8139 11 8448
3325 0.78878855481155796 2.2074707189128451 1.9900229217993317 189 176 103 1.4934086616315179 12 8200 13 8198 14 7900
3326 1.9462727975373655 2.1254222986006139 2.0670319067834555 59 73 36 1.4487628929495937 12 8041 13 8236
3327 -1.4735497665680248 3.9317400671693319 -0.37889302825031485 138 180 105 1.6759769998391587 13 8300 14 8084 15 8363
3328 0.18479915083547646 2.0347687174227587 1.5952792610456645 211 149 112 0.69853126338953342 12 8181 13 8315 14 7998
3330 1.7548874803225853 1.9322701267452438 2.4356966695675424 161 147 105 2.0272452104434078 12 8357 13 8361 14 8044
3331 1.6382211036818441 2.7716227877146249 1.1488315496665096 76 71 35 1.6269156620749285 12 8412 13 8433 14 8148
3332 -6.0457141499381981 3.1177718618410415 0.27868967047565268 226 255 233 0.79911181208309201 12 8487 13 8491
3333 -0.20026039695844142 2.5682746644172076 1.0385928351697065 255 255 255 1.164599969436668 12 8494 13 8496 15 8397
3334 0.86464665637362581 2.2639283576605083 1.986411243229969 211 186 118 1.8142478983839578 13 8507 14 8172
3335 -6.4000989458689181 5.3418342301284278 -3.177562176538435 221 221 216 0.28966943386206434 13 191 14 135 15 3001
3336 -5.2598062216128953 6.3908502532725375 -4.4447185945356082 231 232 227 0.27952705485656515 11 448 14 167 15 3048
3337 -6.5086306033655958 5.4600758362985546 -2.9067731504500722 215 216 208 0.9068978871786284 12 473 13 244 14 172 15 3024
3338 -4.9971368808401007 3.6912690749900232 -0.1661762945956117 66 118 55 1.1209035551034077 13 387 14 290 15 3122
3339 -0.21421386885613514 2.4704543591300596 0.99474260663883474 251 250 246 0.35423977677555879 13 960 14 966 15 1007
3340 0.10405088111767809 2.7250337660699646 0.70582787447488182 255 254 252 0.12751181630682779 13 959 14 1009 15 1107
3341 0.050875677250052806 2.7461537703831111 0.79430609802458063 236 235 232 0.31819640200037314 13 990 14 1030 15 1133
3342 -0.012884313913891129 2.7104950257634406 0.87053240093737205 208 209 211 0.60941774509353763 13 1000 14 1034 15 1120
3343 -0.66070422294072573 2.3851088315255722 1.5859180860895057 214 215 210 0.18707219394282801 12 1397 14 1036 15 1040
3344 0.036457807180713869 2.7496411945234009 0.82542414693123367 236 236 234 0.2443535141735913 13 997 14 1040 15 1147
3345 0.072708473336220325 2.8075793983033988 0.81745417285778044 236 235 231 0.39158518740469972 13 1026 14 1071 15 3706 16 1439
3346 0.13613722047487742 2.8561859681448096 0.76452700680109198 249 248 246 0.36931224496378601 13 1025 14 1076 15 1205
3347 0.15336142141132153 2.03147561209938 1.4820927183847541 227 174 143 0.43166842337434003 13 1143 14 1118 15 1148
3348 0.46079692076552309 2.238584917540007 1.1658713193314973 213 160 128 0.23330153614986981 13 1107 14 1149 15 1233
3349 0.61875977401451188 2.3394260859370903 1.0568597622630178 248 202 160 0.1329690147281114 13 1117 14 1184 15 1307
3350 0.13617481048577715 1.9988503416895269 1.6863717408991274 160 112 96 0.64024649495395802 13 1245 14 1194 15 1209
3351 0.078905524533335381 1.9586855521345694 1.760094041622255 239 176 136 0.90349848661361942 13 1264 14 1198 15 1202
3352 0.72220034529491473 2.4129757287104661 0.9587137429053848 105 72 63 0.91248956417540139 13 3553 14 1202 15 1348
3353 0.74809544371907233 2.4017771780356139 1.0664932078938199 129 90 74 0.046543588710017868 16 1579 14 1277 15 1437
3354 0.79953119681483542 2.4332345702822549 1.0099938550608833 221 167 131 0.56074594939707167 16 1616 14 1279 15 1447
3355 0.49168858472354071 2.2271721111146223 1.4040670863631004 236 179 145 0.11922888309111197 12 1465 14 1285 15 1356
3356 0.7935501281525843 2.4140580497415218 1.167749283443831 82 54 44 0.1905678112847855 12 1437 14 1364 15 1502
3357 0.86757234154086826 2.4549873488341256 1.1102784652074933 238 175 140 0.34691377520897265 16 4011 14 1382 15 5525
3358 0.74566447141383663 2.3818956252107806 1.3357747739538171 122 84 75 0.55600601419521611 13 1311 14 1412 15 1540
3359 0.7800743393780738 2.397721979981486 1.3242823876725696 125 90 77 0.32016327180307685 16 1658 14 1426 15 1564
3360 0.7800743393780738 2.397721979981486 1.3242823876725696 125 90 77 0.32016327180307685 16 1659 14 1427 15 1565
3361 1.1818822723688349 2.2448327293683286 1.3913232124015715 237 236 234 0.709484854522477 13 1406 14 1597 15 1762
3362 1.2990953445094944 2.4432319222529149 1.3598190012365252 244 245 239 0.36248527928617774 13 1471 14 1701 15 1900
3363 -6.0370705923639258 5.6631938889057283 -3.6242956474353982 229 230 224 0.90208069616994846 12 423 14 2839 15 3010
3364 -4.7783130308203114 6.6313823438680011 -5.135823937969981 172 202 205 0.30735850422995342 13 2960 14 2840 15 3026
3365 -6.5438834657583671 5.37465002793554 -2.9482455200410298 246 253 252 0.10499604776087777 13 3009 14 2848 15 3016
3366 -5.0739565965399382 6.6281668569315517 -4.6639030220002589 239 236 227 0.43229744721234692 12 446 13 2999 14 2860 15 4894
3367 -3.1951750711663065 5.1471244230660584 -3.3799425060688688 147 157 145 0.44980370342725329 12 458 13 235 14 2870 15 3082
3368 -2.8201975276177329 5.3872917472048378 -3.7346070534538565 100 120 106 0.27115829378213657 11 3337 14 2873 15 4914
3369 0.14536126863504301 2.0340457919211161 1.5364783987410673 254 209 169 0.74968338326967532 13 3593 14 3471 15 3695
3370 0.34020484145260349 2.1607825632686155 1.3389664728691995 232 186 139 1.1181974619251414 12 1372 16 1277 14 3489 15 3742
3371 0.36469891756606654 2.174366537731319 1.3141666835245827 242 195 149 0.40640648389351236 16 1292 14 3491 15 1225
3372 0.26201547943497261 2.0957669171114479 1.4841540133042137 165 123 107 1.5682550862077631 11 1250 13 3609 14 3498
3373 0.51192985627784138 2.2439736026507027 1.2996302723432096 250 192 155 1.1245562023378679 13 3608 16 3832 14 3540 15 3792
3374 0.17776370426149876 2.0092097365085317 1.7916043428254147 119 89 79 0.42229975099644768 13 1315 14 3588 15 1273
3375 0.62675446727746098 2.3231149659305421 1.2364173113855681 126 96 86 0.4838970870710983 13 1203 14 3594 15 3834
3376 0.58970740966044044 2.2998370426781847 1.2805475691976258 241 178 137 1.4833849183309626 16 1478 14 3595 15 3832
3377 0.73030003336117444 2.3645072170537258 1.2822457483136629 100 68 57 1.4102731878953063 13 3676 14 3655 15 1496
3378 0.69450133065262643 2.3468941771664049 1.3830290502516398 104 66 57 0.21179525393322238 13 3723 14 3683 15 3948
3379 1.4704063567396144 2.5975397030128535 1.2159592720555774 231 230 226 0.66320171871248235 13 1476 14 3916 15 4232
3380 1.1213626382934714 1.5533551520865454 3.0358511730773317 241 239 224 1.3842524485113492 13 5897 14 4304 15 2183
3381 1.3352180610426088 1.5923621964640122 2.9650729921334231 223 221 209 0.93995931074441386 13 4525 14 4391 15 2342
3382 1.4477509022097961 1.5116601006737151 3.0777924564118107 224 224 216 1.7327079883443985 13 2686 14 4512 15 2461
3383 -11.044083095333949 5.579281490803675 -2.8669527737034275 193 213 214 0.50461657448263675 12 6150 15 4833
3384 -5.6347683808979587 5.9256039895325152 -4.1512148140251428 121 128 129 1.7855462777101716 13 4843 14 4648 15 6201
3385 -6.2813808535919033 5.4665301785468507 -3.330506883515854 230 231 225 0.19215795001738237 13 4851 14 4654 15 6199
3386 -4.8671409100196446 6.5744509209067825 -5.0613878794330489 223 223 215 0.44355364772820804 13 4840 14 4655 15 6211
3387 -4.9144823182213333 6.5094724545622373 -4.9632466452837436 230 231 226 0.2363709040581545 13 4842 14 4656 15 6212
3388 -5.1460638514240618 6.5456770190472042 -4.5448020448317994 234 235 229 0.44170537599180854 13 4860 14 4673 15 6226
3389 -5.2286595174691639 6.4845159003621138 -4.4463460770505137 240 239 233 0.16518270462394249 12 3091 13 3004 14 4674
3390 -4.8479775148531941 6.7857900339975394 -4.9025357565142462 237 234 227 0.25824749564157778 12 3085 13 2998 14 4675
3391 -0.7939354947185624 2.2129215553908659 1.6157799226044145 128 132 136 0.80598556175665226 12 5305 13 5225 14 5019 15 5266 16 3559
3392 -0.11730414392026528 2.7816953504061237 1.0554755364284392 249 248 243 0.38750128042733034 12 5293 14 5078 15 5363
3393 0.26284159894905906 2.982681270471117 0.65482443721580741 121 117 113 0.43334462700004422 12 3578 14 5082 15 5395
3394 0.3454487533567745 2.1536726102223263 1.3150300779579791 128 90 79 0.93588435059558273 13 3564 14 5114 15 3734 16 3759
3395 0.75011014014428201 2.3962036339940238 1.0857197881753518 221 162 122 2.0311890116214162 12 1363 16 5607 15 5477 14 5172
3396 0.64781899904858053 2.3357506401228845 1.2286252190231552 183 127 99 0.56855074168275399 12 3716 14 5181 15 5468
3397 0.64781899904858053 2.3357506401228845 1.2286252190231552 183 127 99 0.56855074168275399 12 3715 14 5182 15 5469
3398 0.59031278364479789 2.2922203388611786 1.319662893859272 155 101 78 0.31360663009867523 16 3890 14 5189 15 5467
3399 0.71374629124251288 2.3740810447509975 1.1718826957965895 162 114 99 1.0286712006161152 13 1202 16 3946 14 5190 15 5483
3400 0.34339323473033079 2.1251727466417383 1.7053531660969929 95 66 58 0.29817942351541077 13 5346 14 5208 15 5448
3401 0.30889270300444988 2.0809488845143438 1.8133043147235586 232 189 147 0.66161759224956718 13 3784 14 5219 15 5460
3402 0.53329644995227132 2.2328129211206411 1.5640864601729862 136 100 86 1.261196966727564 16 5560 14 5227 15 5494
3403 0.44130819946509592 2.1546205901155955 1.7830452527213763 185 128 104 0.43066663026628543 12 3921 13 5384 14 5248
3404 0.85117582621981336 1.964833537189085 1.6777529383902148 240 242 241 1.6372325705349684 13 5387 14 5286 15 3977
3405 0.61538333763608999 1.2363242497113351 3.5255726561327543 235 237 232 1.6168502992458489 1 4587 14 5622 15 4202
3406 0.6306368440136948 1.1914883511723284 3.5925592791455601 237 238 230 0.3113507413428816 13 6894 14 5638 15 4212
3407 1.0170024662459924 1.1887126036525784 3.5903818702465213 204 204 196 0.078464951544360215 14 5779 15 4372
3408 1.2667194693138117 1.3900292798187321 3.2748519121669224 236 237 231 0.68550739058461829 13 6042 14 5789 15 4446
3409 -6.320020567994737 5.64216245645824 -4.5090693338110199 20 62 18 0.77376576090003812 12 6115 14 5846 15 6985
3410 -6.4966021422407785 6.1021998757928779 -4.4664308717130217 14 20 20 1.0035993998775279 13 6980 14 5870 15 6190
3411 -0.73943279394885886 1.2296433742912605 3.5538941371024722 131 127 96 1.7842124220121274 13 6646 14 6289 15 5401
3412 0.9083644734264561 2.2593757588460224 1.7897531062761838 202 197 193 1.2219636321874683 13 6540 14 6324 15 6662
3413 1.2623058080597707 2.5103481908881959 1.4526593334276727 253 250 243 1.0237429897858428 12 5482 14 6341 15 5707
3414 1.4725107365316841 2.6792562817697991 1.2688626184533227 210 210 202 1.0702535039535821 13 6519 14 6360 15 6726
3415 0.61365918132793684 1.1519705834039009 3.6513213811223988 194 195 189 1.1731506363659474 1 7515 14 6513 15 5728
3416 0.78527990528963554 1.1721061131109096 3.6188827480532071 232 235 227 1.2540003100097903 1 6349 14 6561 15 5791
3417 -5.6144724113059725 6.0162822961361639 -4.175726729744321 197 196 187 0.84769174039899242 13 6992 14 6696 15 7500
3418 -6.3870708388480688 3.0260037913854392 0.89676845247415959 135 179 112 1.1252794258744185 16 7115 14 6717 15 7031
3419 0.12541502554629941 1.185714529837866 3.623237511882921 218 211 195 1.7197680433457883 1 8925 14 7034 15 6642
3420 0.92512750002030464 1.4922709835301082 3.1238548027481938 223 224 210 1.2794739878958086 13 7792 14 7101 15 6727
3421 1.3230095287295902 1.5281736670923238 3.052542559901914 230 231 215 1.7378188319756178 11 6267 14 7171 15 6810
3422 1.4846561273713854 1.5586145650149856 3.0098689474092724 182 180 159 0.99406356391049921 13 7458 14 7198 15 6843
3423 -6.827317763488578 6.0225477407517216 -4.1237670273055578 21 25 26 0.95224303113830411 13 6985 15 7495
3424 -6.074745043370493 5.8145364385243239 -3.4293810424291595 237 237 229 1.4544473915940361 12 7477 13 6997 14 7236 15 7840
3425 -4.7682030617607492 4.3687018974288971 -1.0926456004159728 211 246 204 2.1329441997170719 13 7533 14 7248 15 7519
3426 -0.81107737924522427 2.2007937630286789 1.651434534910837 144 147 154 2.3342699409836349 13 7926 14 7336 15 7587
3427 0.48481034976802534 1.2836212290450468 3.4590281689825217 226 227 221 0.42122698137843478 13 8062 14 7487 15 7301
3428 0.79275430605168995 1.3486091634823416 3.3522679284673425 222 223 215 0.82207084329289426 13 7805 14 7525 15 7323
3429 1.1277654041207466 1.6011522337864834 2.973798764120545 159 150 107 2.0927083399725426 13 7791 14 7536 15 7356
3430 0.86110285500787542 1.1153464764202081 3.7102969482471422 193 190 171 0.88193992270718624 1 8882 14 7791 15 7714
3431 1.2571379477905087 1.4301437415144318 3.2012452044616282 242 238 229 0.93777257355380161 13 8090 14 7793 15 7750 11 8602
3432 -5.5590738399087618 6.2564622171441044 -4.0311802479223768 89 97 100 0.68587916956897033 13 8122 14 7818
3433 0.94725386603445205 1.505416110050589 3.1127497341404817 157 166 125 0.19158822383418719 14 7929 15 8006
3434 1.3796673906646213 1.5121439595395221 3.0783821918075631 190 173 148 0.25809603866475594 11 8912 14 7941 15 8029
3435 1.2659595824731062 1.4769805927989934 3.1447018833600477 249 251 239 1.0096491545893933 13 8389 14 8046 15 8276
3436 -10.861881403315028 5.403105261107763 -3.0274675791807848 143 202 206 0.49095031065213512 13 8402 14 8063 15 8305
3437 -5.828879902199855 6.0390015592301243 -4.1015998937778733 229 230 225 1.0040456535471418 13 8406 15 8310
3438 -5.1357274787245188 3.9162737125602263 -0.81817772386885745 222 248 223 1.8779343665547799 13 8524 14 8181 15 8413
3439 0.62161733856213874 1.2407565461442249 3.5200270896329582 241 245 231 1.7507792719440238 1 9226 13 8384 14 7925 15 7993
3440 0.67116067841308424 2.3537500356181211 1.1918770234306266 187 146 120 0.22203767529680429 14 1296 16 1525 15 1431
3442 0.81290363449969616 2.4427086998701033 1.0009495428080397 152 110 90 0.73678201928429277 14 1284 16 1623 15 1459
3443 0.065106964967878836 1.9553697284831391 1.7816865392456533 99 76 70 1.2533587166648958 14 5142 15 3727
3444 0.10852781503941528 2.9282477040070956 0.82490905388487845 247 248 243 0.67377754922300925 14 3454 16 3918 15 3751
3445 0.78095395664048106 2.3908373171790216 1.3739480183623256 132 104 93 1.1426404104133603 14 3724 16 1669 15 3990
3446 -8.6180028507253148 1.4002772055611996 3.4367480988647623 86 145 65 1.8709638739672938 14 4692 16 3060 15 4887
3447 -7.8560240487104167 2.0614668418737008 2.4536837743354067 0 0 0 0.071791418328401219 14 4695 16 3099
3448 -1.8489976363084992 2.1318279519844352 2.0619981038509279 103 102 73 1.702094447886831 16 3436 15 5198
3449 0.095815151526927669 2.8491905648401845 0.79764387807369863 221 222 217 0.77809838030390965 14 6171 16 3869 15 5369
3450 0.28600087134487656 2.1249260170688151 1.4030699499527697 249 186 143 0.51782900730780934 14 5123 16 5463 15 5373
3451 0.55988982567676471 2.2636379212668234 1.5037106360973918 248 187 140 0.16813877528074142 14 5223 16 3900 15 5493
3452 1.7168375120287978 1.7159259869010801 2.7701238372653982 217 222 208 1.3383250738211183 14 6657 15 6025
3453 -5.1806887223547999 5.6021451126173183 -4.4448202373610908 116 163 109 0.96713822404101846 13 4812 14 4604 15 6186
3455 0.38911614613456974 2.1604621801475674 1.4457065689173947 237 180 140 0.63374146317486224 14 6212 15 6535
3456 1.1213817809464048 2.0990604790987759 2.2198617406270089 183 185 164 0.8812857438371946 14 7038 16 5720 15 6718
3457 1.6612284016480887 1.914849005173167 2.4804448661573661 230 236 224 0.0013863324516819736 14 7159 15 6853
3458 1.6865091038910391 1.6980944928192039 2.7911347449828932 230 231 215 0.38464949388650771 13 7441 14 7205 15 6885
3459 -6.49226003174424 2.7920451853944526 1.2030412983584773 0 0 0 1.290773044355775 13 8409 16 8356 17 9807
3460 -0.30579572636325841 1.5620909566003103 3.1113557459969376 180 179 174 1.6829454428528043 14 3837 15 1440 8 7926 9 8377 1 6431 11 6355 13 4124 12 5799
3461 -8.5177202362105593 1.2959189949341585 3.4741480910559548 149 184 126 0.23778787984998351 14 6710 15 6215
3462 0.45064733425693676 2.0787760554795307 2.3152360776759808 110 106 35 0.066420063187045131 14 8101 15 8251
